Method	Simulation	K	rmse_Lambda	rmse_Counts	rmse_novel_Sig	rmse_cosmic_Sig	rmse_Signatures	rmse_novel_Theta	rmse_cosmic_Theta	rmse_Weights	Sensitivity	Precision	cos_sim	time	ESS_Sig_mean	ESS_Sig_sd	ESS_Theta_mean	ESS_Theta_sd	ESS_relweight_mean	ESS_relweight_sd	J	theta	K_new	overd
CompressiveNMF	1	6	1.4453334562563795	2.1281414121659346	0.002679241595664652	0.0042184059338927	0.003448823764778676	5.239972376177705	24.915080580174322	15.077526478176013	1	1	0.9906675195639638	312.3896906375885	751.5898983282714	382.394723808752	757.3050828104617	299.6904841284253	435.7398566096936	214.16806305337985	50	100	2	0
CompressiveNMF	2	6	1.2453241979946748	2.1591323006604397	0.002057407152343642	0.005191026680354904	0.003624216916349273	1.225314331080306	26.31893727543672	13.772125803258513	1	1	0.9908277408513774	331.8215901851654	744.5331403115781	380.0810797515765	741.8715924286593	322.43369771446106	403.18997419864047	188.8153444992835	50	100	2	0
CompressiveNMF	3	6	1.581072042398008	2.4121279551028185	0.0026592034272271527	0.004006315817557015	0.003332759622392084	5.994544418421404	27.695787434786983	16.845165926604192	1	1	0.9913152383540194	381.65519309043884	734.3320865888151	394.07047227402285	736.4253874984307	336.04025337196646	434.5660838240742	236.86481293054717	50	100	2	0
CompressiveNMF	4	6	1.5083637157150847	2.3268779734236618	0.0020245030295247884	0.0060125670001994445	0.004018535014862117	4.340624331069804	23.305400452964264	13.823012392017034	1	1	0.9833491651754396	322.29687571525574	739.8988133718636	389.90232114474577	749.9736544838606	310.6359833513878	353.84535421190463	171.93016093519807	50	100	2	0
CompressiveNMF	5	6	1.3530755320141288	1.9460047310543893	0.002892401547111262	0.004289276858810619	0.0035908392029609403	2.59348786088483	18.007104296515067	10.30029607869995	1	1	0.9870866007145834	307.7035987377167	740.8803766023282	379.1474542094177	756.4706012504587	306.6533129399886	366.7384415385653	176.46544465236272	50	100	2	0
CompressiveNMF	6	6	1.2645150228319275	2.2719145383109485	0.0026190764547565568	0.003579206241990901	0.003099141348373729	1.6723901227768752	19.454764841163637	10.563577481970256	1	1	0.993214390857046	381.46225810050964	745.092978304873	385.9526018157053	741.8365301998658	320.9625304956654	379.55569133148884	174.1004783525732	50	100	2	0
CompressiveNMF	7	6	1.4639728466332402	2.0532769762341605	0.003856601884652741	0.004861008582546638	0.004358805233599689	8.1191312543119	25.870195259492405	16.994663256902154	1	1	0.9875506343898866	314.2484805583954	737.1444681270257	385.52167835831017	745.5499359241202	323.8419416707026	354.5219891044224	172.9763969460474	50	100	2	0
CompressiveNMF	8	6	1.5286635018537869	2.341600009015638	0.0033612147086448728	0.003603620602915613	0.003482417655780243	1.7611729100174482	30.017892640959694	15.889532775488572	1	1	0.985241233208949	374.91163301467896	739.670586838017	389.2891709007994	741.6255964286613	326.982406905143	356.230726665348	189.46033749892	50	100	2	0
CompressiveNMF	9	6	1.4635804813255449	2.37111641745365	0.0015882023494979435	0.005063826064337467	0.0033260142069177056	1.0676182860179493	24.29285266886403	12.68023547744099	1	1	0.9831214497753967	323.802029132843	742.9457854384411	383.80432373130486	750.6660016567585	327.95017598786256	420.7555158520234	196.82978522199045	50	100	2	0
CompressiveNMF	10	6	1.4533040059007956	2.1184743353568627	0.003392333857667332	0.0045703707453884235	0.003981352301527878	5.4285597043194285	23.003310852858256	14.215935278588843	1	1	0.9859789641898961	333.08635568618774	737.5550368551694	392.4440125239653	759.9586661936075	303.15855812873093	422.2926051269944	215.68086355056252	50	100	2	0
CompressiveNMF	11	6	1.244196925697091	2.1118277725002215	0.00201460652946511	0.005090923750493358	0.003552765139979234	1.7216910212647778	25.427934436248684	13.574812728756731	1	1	0.9890312945836337	315.1900939941406	742.2319340651457	394.86987004956035	740.9848519003335	329.89775950825674	360.0327712794204	163.0102001548628	50	100	2	0
CompressiveNMF	12	6	1.6743914768531662	2.1598048112279047	0.0028072231381275885	0.004626851444137291	0.0037170372911324396	1.4778560296565761	27.140057904282624	14.3089569669696	1	1	0.9889153030403138	334.4915192127228	738.0602378386315	390.1808929366405	755.1776362398066	322.52894709934367	407.2617644431726	202.52776067023265	50	100	2	0
CompressiveNMF	13	6	1.3081052590009794	2.3459098795237985	0.0017837172782553703	0.004520899991004057	0.0031523086346297137	2.6079112681627796	26.875119395712613	14.741515331937697	1	1	0.9911686183819164	343.83239674568176	734.3620913551056	404.77378516686207	740.6390798908947	340.22786821757387	391.81367265078234	165.54784170920087	50	100	2	0
CompressiveNMF	14	6	1.5169837777680384	2.1233606502381335	0.0027198875369300636	0.005127090885535039	0.003923489211232551	2.5013087595040497	25.3728052196617	13.937056989582874	1	1	0.9884020543803068	340.537620306015	740.7754312568874	393.52164923126713	738.6720180821476	335.2507721298667	438.6221403744947	257.4615436776932	50	100	2	0
CompressiveNMF	15	6	1.2828291014074553	2.2356880165080586	0.0022731269707589137	0.0031088033175837625	0.002690965144171338	3.4818623771502923	20.61547019197407	12.04866628456218	1	1	0.9920336229631728	330.995069026947	749.4830777288203	375.5805257166219	764.8164649697302	290.3063941770384	401.6158537845805	190.204546560361	50	100	2	0
CompressiveNMF	16	6	1.657458071955995	2.234437177971234	0.0024102365033596327	0.004605434636161374	0.0035078355697605035	5.6014212353866	30.215947984526345	17.908684609956474	1	1	0.9918242268338823	349.241174697876	734.3725390271942	394.98045733356105	734.7675036478245	344.29871209775314	337.45944519433243	99.10093959743062	50	100	2	0
CompressiveNMF	17	6	1.3457879958052212	2.261296833049733	0.0025873886945947475	0.0037801828583149876	0.0031837857764548676	4.318147498261121	24.124821569849146	14.221484534055133	1	1	0.9894685019605266	360.1187598705292	741.848053332313	387.05570636009156	750.2531821857567	310.9106368489848	418.374786469941	220.07295205809348	50	100	2	0
CompressiveNMF	18	6	1.3045540435077185	2.035906151654531	0.0020694931808880007	0.005452697983462968	0.003761095582175484	2.0363536246616176	18.8927958520662	10.46457473836391	1	1	0.9884326820598651	325.8488414287567	738.1097323926141	388.2728642380833	756.1206078047398	303.1811555561324	419.59303108934154	172.26673132100126	50	100	2	0
CompressiveNMF	19	6	1.5419859424757765	2.1541266270316624	0.00217105315696043	0.004371997754756069	0.0032715254558582495	3.9892421445931117	23.40215196195182	13.695697053272465	1	1	0.9873122338120575	343.2571585178375	737.0977928946123	388.0496187843907	765.053234853836	295.66427357975937	440.9941286317394	192.82465264533403	50	100	2	0
CompressiveNMF	20	6	1.4401083608355525	2.3081911943477995	0.0027905617410451276	0.004713900540933238	0.003752231140989183	1.2648817840543414	25.790362210475514	13.527621997264928	1	1	0.9889201828409945	339.090318441391	733.0406998010367	395.67549578019225	749.1241615462341	322.4584594370688	434.2170633485608	165.19867888416078	50	100	2	0
PoissonCUSP_gamma	1	6.069	1.4226477913671853	2.1270690813514324	0.0022222383687901573	0.004118393981177567	0.003170316174983862	2.9180724948583983	24.627808212804663	13.77294035383153	1	1	0.9913039451680534	237.1053638458252	180.31955063733974	37.49105668749725	307.2718104235122	93.19756808274836	17.464837918079976	2.628927838421498	50	100	2	0
PoissonCUSP_gamma	2	6.294	1.2476882894627301	2.1531103746221696	0.0020408302055369564	0.00513056427033379	0.0035856972379353733	2.4145553098586134	25.499492577361032	13.957023943609823	1	1	0.9915928851797946	230.3259859085083	177.48390862135707	28.585685422114835	263.4879735296065	98.44479509630361	18.28046312320621	7.018957973897333	50	100	2	0
PoissonCUSP_gamma	3	6.221	1.574670139551022	2.4129230201275518	0.0027782410421916077	0.003883314382077492	0.00333077771213455	5.111233004288923	26.463702474873628	15.787467739581276	1	1	0.9915810417058263	268.55881118774414	149.8134778696051	29.946109032211737	245.8182490766285	74.28135095626487	13.84397206961643	3.7746940505194466	50	100	2	0
PoissonCUSP_gamma	4	6.308	1.4980151903630943	2.313406870276344	0.002132500313689045	0.005785731546075397	0.003959115929882221	5.529446525680841	21.408459772393655	13.468953149037247	1	1	0.9839385040739049	234.37261295318604	163.21501197504844	48.27361040777122	292.8885013688223	78.23007193937417	17.842341574056185	3.319212393290551	50	100	2	0
PoissonCUSP_gamma	5	6.057	1.3458082177487691	1.9421258874045841	0.0029307054085163757	0.004162640748742662	0.003546673078629519	2.413157140875702	17.20256783103363	9.807862485954665	1	1	0.9871425860390695	217.56784415245056	181.46630430071212	23.105246632984397	320.2672882710454	149.5819752812061	17.824247815688228	5.015918605781145	50	100	2	0
PoissonCUSP_gamma	6	6.325	1.270868066037534	2.266065525911495	0.0025524028594028922	0.0037776258640287905	0.003165014361715841	2.7952015449836223	20.303252512979796	11.54922702898171	1	1	0.9927657680059829	259.89755296707153	175.7157739448489	30.12277211762327	281.44692520363043	115.15100522173715	18.30516957105579	9.020927036576907	50	100	2	0
PoissonCUSP_gamma	7	6.016	1.4637090639510322	2.051411689216931	0.003743427587909425	0.004600018155170037	0.004171722871539731	7.965892216053136	24.110870657346556	16.038381436699847	1	1	0.9889412394252887	221.21204710006714	168.73748047388224	26.868459773159802	302.62386951540947	118.7537249997088	20.400030147427103	6.400476482376348	50	100	2	0
PoissonCUSP_gamma	8	6.067	1.4975756919478291	2.3342414603831045	0.003079084803485356	0.003473084922684715	0.0032760848630850356	2.6125449990343075	28.253199579404832	15.43287228921957	1	1	0.9870908680801295	257.1478269100189	162.95869169005664	33.89707598376954	257.1337480903867	101.79811296531301	15.071843851807879	3.329379342289841	50	100	2	0
PoissonCUSP_gamma	9	6.107	1.4465318699767482	2.3653034588459496	0.0017709015550891115	0.004778628313927401	0.003274764934508256	4.339166876853237	22.87143503182476	13.605300954338999	1	1	0.9858753478350076	239.95084524154663	171.7629124873097	58.42897040885925	270.73815893654154	83.04091439721536	16.47086832176335	3.356266619610022	50	100	2	0
PoissonCUSP_gamma	10	6.372	1.4519671462519441	2.117367533002876	0.003375337812592816	0.004438333956325797	0.003906835884459307	5.551815355849922	22.092943398462268	13.822379377156095	1	1	0.9866509318383355	259.99964690208435	155.15504099584183	21.55323540568913	310.6013532466159	89.53977570961614	16.054357620862127	5.603237829564029	50	100	2	0
PoissonCUSP_gamma	11	6.055	1.2472834989984052	2.113649721878227	0.001934791138636474	0.004889644787126717	0.0034122179628815956	1.8727149061996897	23.985747448475024	12.929231177337357	1	1	0.98968685858462635	239.50936365127563	155.5777524931855	44.569472318696754	244.85890146970436	49.147506036706936	21.169821268065817	7.883116624849648	50	100	2	0
PoissonCUSP_gamma	12	6.26	1.6722894689536998	2.1626593607362388	0.002544550727259887	0.004713353727897464	0.003628952227578675	1.6679538167153352	26.205596703564275	13.936775260139806	1	1	0.9900198099486605	256.5529553890228	155.4149371895224	24.795152599058067	275.6729257228451	105.03929451812026	17.3505783030183	2.2930276353626367	50	100	2	0
PoissonCUSP_gamma	13	6.073	1.3230757512141982	2.3455445896746117	0.0018137629110356553	0.004446354413001687	0.0031300586620186715	3.0819763283372565	26.700213329889237	14.891094829113246	1	1	0.9915121560547461	267.1901173591614	133.99104052979476	26.848537215594835	248.83053831367442	87.23299618908	17.105064915873662	4.6514217799131234	50	100	2	0
PoissonCUSP_gamma	14	6.05	1.516181477183889	2.126761923322737	0.002697091918423534	0.005135385015892586	0.0039162384671580595	1.539757095746796	25.247950687444824	13.39385389159581	1	1	0.9887550191633468	255.6118040084839	156.71471411783867	36.330279799941216	253.7773271733374	54.785084073948816	13.959463915379091	4.075123742591531	50	100	2	0
PoissonCUSP_gamma	15	6.036	1.2751380739672478	2.2349614084826412	0.0022987714581392754	0.003013284351680855	0.0026560279049100653	3.943201034879551	20.021428409610298	11.982314722244924	1	1	0.9923280886265504	235.0153911113739	188.1129808198072	19.57485382280194	340.0571450381831	135.98708894846916	22.46363358855723	9.651964629251164	50	100	2	0
PoissonCUSP_gamma	16	6.187	1.6660636722993727	2.2393084605467153	0.002440165948889208	0.004840314316959157	0.0036402401329241824	4.995831521768339	31.956854508881456	18.476343015324897	1	1	0.9899189427788472	255.30817818641663	143.10497802780597	40.87039523602397	240.54548657229006	90.71326089974764	16.40457454692843	4.786627345656659	50	100	2	0
PoissonCUSP_gamma	17	6.079	1.3624596629387715	2.2670505197892807	0.0025479310875911997	0.0038548804072077417	0.0032014057473994705	6.334841035177668	23.833339427134884	15.084090231156276	1	1	0.9893356499601579	246.24599051475525	172.4407080338678	19.79451057003237	297.2486128758551	103.13623793415971	17.507117607859144	5.372966448343708	50	100	2	0
PoissonCUSP_gamma	18	6.421	1.2922630285597407	2.024366888592138	0.0021179122635511865	0.005381505623742245	0.003749708943646716	2.5426146498590065	18.231042587287547	10.386828618573277	1	1	0.9899169920719642	238.37358975410461	160.48153245876182	27.680110189173266	315.48616215111525	101.30394282681902	19.733712200608696	7.569514302761948	50	100	2	0
PoissonCUSP_gamma	19	6.033	1.533664849626731	2.1530470890706	0.0021938248015839486	0.0041277190731922155	0.003160771937388082	2.6532952971352755	22.447611325201652	12.550453311168464	1	1	0.9884960178401495	250.94554162025452	160.1007701204541	42.223372712067125	345.3954550432433	103.738309151218	19.232233578374032	3.3725312639508074	50	100	2	0
PoissonCUSP_gamma	20	6.094	1.4280627209190888	2.3033153832521567	0.0027536042434432332	0.004640622277337504	0.0036971132603903687	1.3256698216662415	25.05920028066147	13.192435051163857	1	1	0.9893397162411949	235.4657688140869	149.62707317382262	28.344567382362143	294.8107513072969	91.6209221077834	17.410895161337685	5.623138429689153	50	100	2	0
PoissonCUSP_gammaKC	1	6.062	1.420149696379881	2.121439951014773	0.002330841719912446	0.004075620252541657	0.0032032309862270515	3.0525060845932392	23.471035744193	13.26177091439312	1	1	0.9920777825105095	232.19225406646729	182.0492613940137	37.972019167616075	302.87901050165846	104.4001285799389	15.402046243305128	2.6141685132708994	50	100	2	0
PoissonCUSP_gammaKC	2	6.214	1.2398344935028567	2.151022493635495	0.0020224271230206174	0.005059691069204044	0.003541059096112331	2.616503128960521	25.189417562869572	13.902960345915046	1	1	0.99189522046617	241.4037492275238	179.36783049159104	29.492053260520482	276.82144226343183	102.47073418124674	16.677905297268644	5.341919682569708	50	100	2	0
PoissonCUSP_gammaKC	3	6.027	1.567399995153711	2.416900906348539	0.0024142434896979523	0.003857868797082381	0.003136056143390167	3.8381556867068656	26.155035852083337	14.996595769395102	1	1	0.9920458891861983	270.86297726631165	151.6651628157323	29.125229395254685	252.3239496744956	85.89695856572055	14.055196127745287	2.9688885122835713	50	100	2	0
PoissonCUSP_gammaKC	4	6.059	1.4975289365381563	2.313273573311469	0.0020998445738850515	0.0058337965318630775	0.0039668205528740645	5.423938000940007	21.76634754354316	13.595142772241584	1	1	0.9844711066002744	240.20105504989624	159.51970922513257	46.76491341565726	295.1492097176327	76.93529253516583	16.066292782363792	5.223506556004689	50	100	2	0
PoissonCUSP_gammaKC	5	6.045	1.3533289683692675	1.9452610555740946	0.0027149307808363374	0.004143102799123085	0.003429016789979711	1.9586582954747576	16.95703545163087	9.457846873552814	1	1	0.9882173373714345	227.45585918426514	181.3120614402728	21.721930163161048	313.7868669057439	129.7775574320978	17.183264909789738	4.114349518613383	50	100	2	0
PoissonCUSP_gammaKC	6	6.113	1.2635097949491247	2.2689979629149346	0.0024925334890212513	0.003705077252721589	0.00309880537087142	2.057585991636257	19.855214015582597	10.956400003609428	1	1	0.9929722910081915	253.90502858161926	172.93944264323085	30.462467646695792	283.2184022040759	120.65898407454856	14.996438514298084	5.545637223179767	50	100	2	0
PoissonCUSP_gammaKC	7	6.048	1.4648271710148972	2.0554633710216748	0.0036028429908977876	0.0044319831815654975	0.0040174130862316425	8.207804899463621	23.58040147725829	15.894103188360956	1	1	0.9895391020821761	225.7394552230835	161.95644445033167	24.610869799591853	265.63457329638055	127.26162432781831	17.224692425343715	4.753429487607368	50	100	2	0
PoissonCUSP_gammaKC	8	6.129	1.51360026784638	2.3393231857333094	0.00313947880947202	0.0033648319238240238	0.003252155366648022	1.7608449544805973	27.07754743141473	14.419196192947663	1	1	0.987147504162299	257.1012363433838	159.01873194123314	34.607254403227586	266.67968674467465	113.45357934100049	20.25990806958729	5.16643782830655	50	100	2	0
PoissonCUSP_gammaKC	9	6.065	1.4395974020712228	2.3665088344010776	0.0015386451375565284	0.004713832263342407	0.003126238700449468	3.4300415949092957	22.354938826541947	12.89249021072562	1	1	0.9859283566836	251.29851627349854	172.12380371380638	54.15764742023102	288.1272876678471	93.42352702829614	16.5088576460052	6.363362392154064	50	100	2	0
PoissonCUSP_gammaKC	10	6.099	1.4545498551646348	2.1207985250463253	0.0033778048587102313	0.004376421699435768	0.0038771132790729997	5.192543898441277	21.890477850588514	13.541510874514895	1	1	0.9869523076500608	260.79885625839233	153.94252801926174	18.22704384926803	304.5557769192667	96.57835737313867	16.67223493740939	4.683626199092358	50	100	2	0
PoissonCUSP_gammaKC	11	6.019	1.2400366265076288	2.1140194721501113	0.004775468630887101	0.004949364151119713	0.004862416391003406	1.5557289879317926	23.756823269622068	12.65627612877693	1	0.8571428571428571	NA	237.36032605171204	270.54922492717577	311.22642305999443	318.69667511427224	188.57031720089418	88.7444218797102	192.9740178744941	50	100	2	0
PoissonCUSP_gammaKC	12	6.23	1.6782445154255459	2.1610286205586506	0.00260320494198079	0.004481628233952691	0.0035424165879667405	1.1645156609815246	25.73743015737024	13.450972909175883	1	1	0.990671852156518	260.7317566871643	157.95264623967785	25.190854827309135	279.3618839019506	85.89459836666398	22.765839685071697	8.917860674508344	50	100	2	0
PoissonCUSP_gammaKC	13	6.029	1.3094525077782304	2.343544480857838	0.0018213785543101327	0.00451772388455839	0.003169551219434261	3.096850387763648	26.479684771009556	14.788267579386602	1	1	0.99211651283085045	254.48003220558167	132.24912475165186	23.773717614046554	248.14120806402764	106.99104894411232	14.11230460726238	2.9048311243779854	50	100	2	0
PoissonCUSP_gammaKC	14	6.076	1.5108198042449865	2.1256301609062707	0.002479451943528383	0.005195166932273841	0.0038373094379011118	1.118134908202062	25.275346198967224	13.196740553584643	1	1	0.989172258337664	257.01371145248413	154.10919288454676	39.41563159218126	247.16754369136635	58.02425374439696	17.962974734468474	5.296741238476898	50	100	2	0
PoissonCUSP_gammaKC	15	6.037	1.2584341460547543	2.230397883784978	0.004978174293090553	0.0029833723998563626	0.0039807733464734575	2.5313197973356227	19.822376999365854	11.176848398350739	1	0.8571428571428571	NA	249.10780882835388	303.186050065831	301.52366459994875	313.8700930284238	168.05616538556765	23.007225232085577	11.869913904416011	50	100	2	0
PoissonCUSP_gammaKC	16	6.075	1.6553538729919781	2.233191258492396	0.0029728481022864937	0.00468931031613528	0.0038310792092108867	6.557121841403814	31.02827722481537	18.79269953310959	1	1	0.9900994348156744	251.02806901931763	146.53495843483412	41.456722469629995	231.4501035720492	77.85116381802192	16.268929923456906	2.2590015056874004	50	100	2	0
PoissonCUSP_gammaKC	17	6.143	1.349430528035078	2.2643931886285027	0.0024567382110620845	0.0037608409055820587	0.0031087895583220716	7.35862915784676	23.493205094901985	15.425917126374372	1	1	0.9901723189648901	246.21453404426575	168.0312264623635	15.675277282465412	290.8412321276781	106.65094928259387	14.673191975538952	5.312752839554926	50	100	2	0
PoissonCUSP_gammaKC	18	6.035	1.2847612949384892	2.0216897262288516	0.002055569694632009	0.005097819938924058	0.0035766948167780337	1.8534649790911684	17.27212317220353	9.562794075647348	1	1	0.9903472998067201	230.27529072761536	161.31460754791468	26.077592633542658	320.4986371341471	111.4539446442771	17.688054819793187	4.7858341880084945	50	100	2	0
PoissonCUSP_gammaKC	19	6.155	1.5413362310728274	2.1511500542828648	0.002096286223778695	0.00419656691741264	0.003146426570595668	3.015483737376158	22.286371633058632	12.650927685217395	1	1	0.9890668069279548	249.23049426078796	158.99758928247076	37.983196567607465	340.76483349015405	96.61629928164439	20.093914055146662	5.245600215283925	50	100	2	0
PoissonCUSP_gammaKC	20	6.104	1.4325781544516034	2.307533518027521	0.002723602300301799	0.004558901863389697	0.0036412520818457483	1.9419484195150625	24.973459584821196	13.457704002168128	1	1	0.989201619176612	247.46896886825562	146.61059039329723	27.92747248547258	286.1177407916872	91.91947629197486	15.084573185047555	5.914608949425444	50	100	2	0
PoissonCUSP_invgamma	1	19	1.3779042113569822	2.101534505729288	0.00935366785424263	0.003948657177400261	0.006651162515821445	0.6728812635668575	24.23911809602525	12.455999679796054	1	0.3157894736842105	NA	312.53308725357056	485.61868819571043	212.051440049873	277.2471936947656	82.5728647313862	306.66773035818795	404.834836862826	50	100	2	0
PoissonCUSP_invgamma	2	19	1.233220202000239	2.120718904424557	0.009322583454557207	0.005170704962476704	0.0072466442085169554	0.6548594495846428	26.896391493412555	13.775625471498598	1	0.3157894736842105	NA	325.94986057281494	443.97491986063295	187.15310149782366	211.70120054600827	85.27953418016678	242.54996996212242	357.3315802220899	50	100	2	0
PoissonCUSP_invgamma	3	19	1.5351420349786644	2.3816632539474956	0.009392286515216078	0.0038489804044007573	0.006620633459808418	1.0189832797852723	27.06051943476679	14.03975135727603	1	0.3157894736842105	NA	409.0302200317383	449.00608507084974	209.5256874932027	218.21985052746012	68.33687711948939	259.77061140976775	363.9198269216593	50	100	2	0
PoissonCUSP_invgamma	4	19	1.45911634076872	2.290019718453506	0.009330761519437191	0.0055333250050428355	0.007432043262240014	1.0002711902105714	21.528302336319697	11.264286763265135	1	0.3157894736842105	NA	299.9467508792877	450.2766459815314	203.907072332488	225.79224586498333	84.04779814039769	250.4279220889656	372.57782900569015	50	100	2	0
PoissonCUSP_invgamma	5	19	1.2834508046119404	1.9096547539606608	0.009416711528435063	0.00392883758789376	0.006672774558164412	0.652411730418966	17.046840562999673	8.84962614670932	1	0.3157894736842105	NA	311.9392125606537	462.53336994361723	195.69202043082367	241.81609733131057	107.18256861330556	298.10854881317715	408.6190138418945	50	100	2	0
PoissonCUSP_invgamma	6	19	1.2468931460231452	2.231515637518349	0.009390290918898316	0.003605889307180739	0.006498090113039527	0.5160799672843429	19.871546127498043	10.193813047391194	1	0.3157894736842105	NA	395.54975748062134	445.13906371206417	189.67130676365468	237.73904660447002	74.78137797215821	321.3859606574852	435.7694990927251	50	100	2	0
PoissonCUSP_invgamma	7	19	1.431885546547714	2.022271716868179	0.009586998728667683	0.004366778427839593	0.006976888578253638	1.3626383068505714	24.648142750578888	13.00539052871473	1	0.3157894736842105	NA	301.303546667099	470.3361089129645	211.4643822630701	250.18786746143607	96.52991308919145	206.82800887884645	304.9427306484401	50	100	2	0
PoissonCUSP_invgamma	8	19	1.4863930791625601	2.3064516832871353	0.009418691604548399	0.003473862255935226	0.006446276930241812	0.7018370399093294	27.766349904458863	14.234093472184096	1	0.3157894736842105	NA	365.9620234966278	449.8828075640008	199.64263140713243	227.48694531112693	74.74547950945143	234.83569656730901	345.57146711704456	50	100	2	0
PoissonCUSP_invgamma	9	19	1.41683573861186	2.334057807462591	0.009251395001117086	0.004511174670806828	0.006881284835961957	0.7468611944764996	21.949931848177126	11.348396521326812	1	0.3157894736842105	NA	335.9257912635803	459.201697732367	204.5922736042635	241.665776743419	72.18544785919133	249.37929382907592	367.13014742497677	50	100	2	0
PoissonCUSP_invgamma	10	19	1.419966686463716	2.091987198155596	0.009509186479739092	0.004353758159066225	0.006931472319402658	1.0578168000525725	22.971631702865206	12.01472425145889	1	0.3157894736842105	NA	361.3295283317566	443.0765703581332	199.69208403560424	232.18328499871646	92.9303637245709	288.96202302387445	405.63167894404387	50	100	2	0
PoissonCUSP_invgamma	11	19	1.2089746472713125	2.088442326614627	0.009326606852648002	0.004609529542442564	0.006968068197545283	0.612935484161664	23.29370232433149	11.953318904246578	1	0.3157894736842105	NA	335.64178800582886	465.5377570021277	218.96174199926446	241.63541478464631	56.855282220602895	192.90803595291442	285.2063920715654	50	100	2	0
PoissonCUSP_invgamma	12	19	1.6216073020053963	2.1265501485430804	0.009400846945789708	0.004432370933186129	0.006916608939487918	0.5688166933094241	26.432014267966697	13.500415480638061	1	0.3157894736842105	NA	355.20720386505127	448.21579910379876	205.25616163597917	218.2322896785887	75.45171000729466	271.77919669543473	388.7546527752025	50	100	2	0
PoissonCUSP_invgamma	13	19	1.2767502750222355	2.3156492364463017	0.009338888945259109	0.004344938993535022	0.006841913969397066	1.0283330778974846	27.666048626713437	14.347190852305461	1	0.3157894736842105	NA	370.7650353908539	426.2739298561121	206.60872316185842	187.0346525661347	86.59799075096161	200.55531806104187	306.059552396724	50	100	2	0
PoissonCUSP_invgamma	14	19	1.4703417983230735	2.089445206666348	0.009387184352672873	0.004994521064524049	0.007190852708598461	0.4461965205858366	25.629795183233597	13.037995851909717	1	0.3157894736842105	NA	357.0977611541748	438.86784653692314	198.7288044186766	194.61755580178098	55.12115825765591	256.07572838416115	400.4644910987756	50	100	2	0
PoissonCUSP_invgamma	15	19	1.2578008052088485	2.1905669335496007	0.00935996973305006	0.0029355055129002207	0.0061477376229751406	0.8632610850804905	20.554809821397267	10.70903545323888	1	0.3157894736842105	NA	339.63382625579834	450.7098229797966	183.57774244706533	253.29882678629517	117.41607867349946	298.7473503444753	420.6480832410813	50	100	2	0
PoissonCUSP_invgamma	16	19	1.6593187481808256	2.2039267900680803	0.009339969624197982	0.004659588619308298	0.00699977912175314	0.9046295171435822	31.656102750195235	16.280366133669407	1	0.3157894736842105	NA	400.2814338207245	438.86217246397723	204.71000776978426	208.32926344128543	70.92101691713673	228.71097845774491	342.41682541702465	50	100	2	0
PoissonCUSP_invgamma	17	19	1.2998656543912293	2.229900869514659	0.00939331204008539	0.003717861652858965	0.0065555868464721775	1.2888206149057762	23.945827026739295	12.617323820822536	1	0.3157894736842105	NA	360.706417798996	454.586267380992	201.17870780945586	238.22156806609087	84.24932710972195	279.6976677761158	392.4005744632951	50	100	2	0
PoissonCUSP_invgamma	18	19	1.2288271648428672	1.9887629253924208	0.009331194591278557	0.005281570130577812	0.007306382360928184	0.6035225842884696	18.62388438445504	9.613703484371754	1	0.3157894736842105	NA	334.27644085884094	439.83567299792793	195.37923610100245	200.47363753456187	96.49207104598294	232.2748998574475	343.3120138217746	50	100	2	0
PoissonCUSP_invgamma	19	19	1.4921354784934504	2.1233598508982063	0.009334257836151837	0.004067664124622523	0.00670096098038718	0.6890448135399896	22.51407341577447	11.60155911465723	1	0.3157894736842105	NA	341.2084403038025	455.5451019092974	206.3045872484638	255.16885799984763	96.79147397577329	293.44979809540513	420.61979219478394	50	100	2	0
PoissonCUSP_invgamma	20	19	1.3926203424910464	2.2802798502144905	0.00941160749344662	0.004365829279518961	0.0068887183864827905	0.561120862105058	24.895536660511127	12.728328761308092	1	0.3157894736842105	NA	376.4133770465851	450.6339916938905	213.5307443560482	239.0029403441419	84.22970687631562	252.6872972704328	365.892714486688	50	100	2	0
PoissonCUSP_invgammaKC	1	6.641	1.3785472397519332	2.1008958228845196	0.002199231060127106	0.0041797594435323444	0.003189495251829725	2.9855153560383667	25.109418638553166	14.047466997295766	1	1	0.9909259810610257	106.37456154823303	145.35133579983122	64.144568417128	137.61898862408358	153.78575519104734	832.4431095890252	189.3653986113266	50	100	2	0
PoissonCUSP_invgammaKC	2	8.997	1.2346646678571205	2.1246237310519183	0.007638892692438561	0.005259434344639614	0.0064491635185390875	1.241514766417865	26.966151731937178	14.103833249177521	1	0.6	NA	120.85959649085999	369.27631878520555	281.20271003103335	250.3158323254841	126.78596353830643	446.480537726832	401.59151162162715	50	100	2	0
PoissonCUSP_invgammaKC	3	7.993	1.526767988737979	2.380655144828011	0.007244424731608966	0.0038656102049838383	0.005555017468296402	1.5681532908271782	26.570603803681262	14.069378547254221	1	0.6666666666666666	NA	155.3268620967865	334.9363522479168	302.2756412221184	252.59978149304942	65.98360168610141	470.8919869090277	329.8057512877593	50	100	2	0
PoissonCUSP_invgammaKC	4	8.343	1.4625293016755134	2.29393947988097	0.006291950531528718	0.005827025899750657	0.0060594882156396876	2.5830070217473327	21.866601645786304	12.224804333766818	1	0.75	NA	123.83524131774902	245.62793722255438	215.81582374919105	219.9853426716634	144.12964457133998	580.5510976468672	421.1184087669431	50	100	2	0
PoissonCUSP_invgammaKC	5	9.63	1.2838482378762002	1.907772111427137	0.0073794844465357445	0.004090290477308091	0.005734887461921918	0.9596019808666723	17.36833300069347	9.163967490780072	1	0.6666666666666666	NA	104.88094568252563	238.64269262723028	187.7988139521979	147.9193195284094	146.66458324987784	493.9874312292503	374.7487767731218	50	100	2	0
PoissonCUSP_invgammaKC	6	8.34	1.2518697229924638	2.229896763582407	0.002556941184358184	0.0037209187151825275	0.0031389299497703556	1.3678152629487443	21.047534209877526	11.207674736413136	1	1	0.9931102782183489	145.69585180282593	127.56714922597062	143.54914702917304	51.35917014316545	74.51809884143347	743.0749261998068	342.34207743086137	50	100	2	0
PoissonCUSP_invgammaKC	7	6.538	1.44353297009555	2.0546459473854477	0.004111831469551672	0.018557430029071117	0.011334630749311394	7.553853574323397	76.00293100908807	41.778392291705735	0.8333333333333334	1	NA	106.26485061645508	76.6710118245078	41.4951233502972	52.13152563430764	58.63921310511842	266.702204683911	350.24215976029745	50	100	2	0
PoissonCUSP_invgammaKC	8	9.699	1.4843659315972384	2.3030873999699653	0.00750773740006536	0.0034308302758432915	0.005469283837954326	1.214445242901976	27.82844736629383	14.521446304597903	1	0.6666666666666666	NA	159.26532578468323	240.31933535201685	229.5174770998498	100.96675718132684	132.22186264763445	496.9379974883416	400.34824635581714	50	100	2	0
PoissonCUSP_invgammaKC	9	8.288	1.4124874161416283	2.3355974703172033	0.004569580974450704	0.004787202781571114	0.004678391878010909	2.8160970981521096	23.190819488770693	13.003458293461401	1	0.8571428571428571	NA	109.25771164894104	211.65060404398335	187.4134098825358	129.70531792069872	126.89921660113853	558.1946580748319	386.82049402294723	50	100	2	0
PoissonCUSP_invgammaKC	10	6.708	1.4125593909104441	2.0924304828649603	0.0032616874847253606	0.004369489679599112	0.0038155885821622364	4.7343499247099965	22.397096448212935	13.565723186461465	1	1	0.9877009767196364	117.11858201026917	131.03757139552917	56.42823441851715	156.38678109430398	163.35316169730015	878.9936706927442	183.9041184684024	50	100	2	0
PoissonCUSP_invgammaKC	11	7.7	1.2188219409729653	2.1017954808458397	0.004825748513342631	0.013361322971706427	0.00909353574252453	0.406449141789686	64.92388349536787	32.66516631857878	0.8333333333333334	0.7142857142857143	NA	121.94661664962769	164.70788396520263	202.98586721009565	56.94759819112439	80.47221020756872	364.3373517065682	449.0570098534213	50	100	2	0
PoissonCUSP_invgammaKC	12	8.159	1.6273697710128736	2.1283014744762934	0.00646730365989614	0.004485181364887384	0.005476242512391762	1.0820398399223599	26.45533847208345	13.768689156002905	1	0.75	NA	120.4346854686737	213.7496132380728	215.03527403829392	79.66297274689624	59.29730642236971	600.5498892519203	392.9939125179508	50	100	2	0
PoissonCUSP_invgammaKC	13	8.81	1.2795894703558781	2.3113318137783105	0.007911106518880709	0.004612497130184803	0.0062618018245327554	18.288344700482423	28.370763016856444	23.329553858669435	1	0.75	NA	162.29399156570435	134.24380132931637	195.6512039482232	38.86608182971155	72.50152756969197	402.7677697229365	451.4701828628757	50	100	2	0
PoissonCUSP_invgammaKC	14	7.297	1.470770914150333	2.092390115569329	0.005159035025791884	0.00507037842534811	0.0051147067255699966	0.5507527634134528	25.762460582602554	13.156606673008003	1	0.8571428571428571	NA	131.78082418441772	124.84533794755208	165.41613462287503	48.920920831000736	29.059667999671408	565.0337805528808	334.7810364214457	50	100	2	0
PoissonCUSP_invgammaKC	15	6.981	1.261190748975194	2.1924869028713028	0.0022589722632930824	0.0029448910684305167	0.0026019316658617998	3.7257056863940017	19.981796515687016	11.853751101040508	1	1	0.9927571025670697	109.24042439460754	51.16144988304463	75.66961508970705	52.34845820754071	101.63840687381214	845.5452985708422	241.9853940067014	50	100	2	0
PoissonCUSP_invgammaKC	16	7.718	1.6548243318332627	2.2075577940723754	0.005062567376876836	0.004795174873662737	0.004928871125269786	2.262645056299121	31.079737822838354	16.671191439568737	1	0.8571428571428571	NA	107.3187153339386	155.39488059964165	186.95009240018663	132.10557600048887	157.2086280404465	580.4270740351518	283.3211594788675	50	100	2	0
PoissonCUSP_invgammaKC	17	8.647	1.287892523888978	2.224712555094163	0.006540350397912412	0.0038444413041337907	0.005192395851023102	4.130150345987487	24.424480036070385	14.277315191028936	1	0.75	NA	134.49250388145447	190.91055249915243	248.09336071989645	73.93408799635522	99.42604700719721	649.3429412476484	392.4695403654667	50	100	2	0
PoissonCUSP_invgammaKC	18	8.318	1.219467854008913	1.986234742004289	0.006242860297954081	0.005296058449254053	0.005769459373604067	0.9188752062429761	18.53708524216717	9.727980224205073	1	0.75	NA	106.50991535186768	222.16074192450853	218.3727570522017	104.16640870415816	89.46333331896162	619.2831211584333	423.3801970405828	50	100	2	0
PoissonCUSP_invgammaKC	19	7.082	1.8614090409748452	2.3453419710282906	0.002979315009704123	0.01935008125038976	0.011164698130046941	12.384692688072398	67.01569348329447	39.70019308568344	0.6666666666666666	0.6666666666666666	0.9269848632305719	101.873295545578	78.02758473642764	111.14629030566007	7.196030968908173	7.130559115206135	82.92604763544621	158.37677017153197	50	100	2	0
PoissonCUSP_invgammaKC	20	8.652	1.405193453315838	2.282237536580257	0.005384027398646929	0.004505782488832827	0.004944904943739878	1.2355685820932791	25.288399062231107	13.261983822162193	1	0.8571428571428571	NA	128.09948468208313	147.96816625604916	186.22827652544976	52.172528867915716	103.2014385022565	632.9453365073042	321.44081214784626	50	100	2	0
PoissonMGP	1	7	1.3681060608713558	2.0966361282450197	0.005097473296298112	0.004185304396031411	0.004641388846164761	3.051157583573473	25.585787271588934	14.318472427581204	1	0.8571428571428571	NA	285.45665097236633	184.6831633175249	38.70538263672555	302.5145372386322	132.48934291622734	33.25198499070691	15.360246697218898	50	100	2	0
PoissonMGP	2	7	1.2304658567495979	2.122468055849299	0.0050021738771809585	0.005217364534577279	0.0051097692058791186	2.726441173575308	27.647302503071614	15.18687183832346	1	0.8571428571428571	NA	310.1689941883087	170.35454343036764	30.233455846897723	266.92916363938525	124.13708298860428	26.207219023965465	7.781464296038741	50	100	2	0
PoissonMGP	3	7	1.5332217168145157	2.376986633005126	0.005612661705872184	0.0038230123616673863	0.0047178370337697855	5.560308679734	27.428970326748498	16.49463950324125	1	0.8571428571428571	NA	324.4517002105713	140.5951933403914	28.424236951454606	221.87449663925048	101.25777359153159	28.534801078615082	12.4375128482839	50	100	2	0
PoissonMGP	4	6	1.4701279284718323	2.3050192024037917	0.002123984967155942	0.005897754974293897	0.004010869970724919	5.17330427965593	23.181412253495797	14.177358266575864	1	1	0.984120292213687	299.20813059806824	162.35739195471803	45.608938042906686	303.6097227699212	103.2550156963797	31.51789382136742	7.24411814480282	50	100	2	0
PoissonMGP	5	7	1.2804089219020156	1.9090409833231445	0.0054676290400746674	0.004131939470856055	0.004799784255465361	2.4700102427098103	18.018793297558396	10.244401770134104	1	0.8571428571428571	NA	283.476859331131	176.2924705552553	27.02116187452629	278.44374557721306	138.31047934327052	25.68353769261595	8.089459981248856	50	100	2	0
PoissonMGP	6	7	1.2633934315320026	2.230886854850658	0.005354208732667726	0.003771769811136184	0.004562989271901955	3.110393080248179	21.274343204512395	12.192368142380287	1	0.8571428571428571	NA	331.8341648578644	160.126279474617	31.47632895359012	244.08924487677174	123.18971627948117	31.188277980499393	9.670515194342185	50	100	2	0
PoissonMGP	7	7	1.42230986710788	2.0180967378616836	0.00601454306320908	0.00453745684909445	0.005275999956151765	6.144777930278795	24.936784052927184	15.54078099160299	1	0.8571428571428571	NA	289.9698386192322	162.70714679915343	21.642176560811595	257.94181906092575	131.08497508838502	38.67292083872176	16.57146487984216	50	100	2	0
PoissonMGP	8	7	1.4727324464209777	2.297771996448214	0.005641877304819617	0.0034701869117977216	0.004556032108308669	3.159574528368748	28.674812179622986	15.917193353995867	1	0.8571428571428571	NA	325.30852580070496	156.30548016441745	34.35948964108288	244.64206491312734	102.11130125398003	29.20636068699701	9.630908632933	50	100	2	0
PoissonMGP	9	7	1.411817510334284	2.333480673096784	0.004668027418965801	0.004844269332721264	0.0047561483758435325	3.692466892189832	23.844452154163037	13.768459523176434	1	0.8571428571428571	NA	299.26258611679077	173.59845840317146	49.69022840778922	262.7325209294685	81.60336531968511	30.154242446777502	10.372481110699757	50	100	2	0
PoissonMGP	10	8	1.4065102247131107	2.0825050273347783	0.007131857501167824	0.004410370423286929	0.005771113962227377	5.471789375168251	23.822757718624647	14.64727354689645	1	0.75	NA	327.0126886367798	141.05303743266796	30.003321711573733	260.77562797913055	132.616589604495	28.95355498957806	13.391802214621855	50	100	2	0
PoissonMGP	11	7	1.190896711767011	2.0871819527742006	0.004996216734780876	0.0046324699662994755	0.0048143433505401755	2.8861522734963136	23.824418187306996	13.355285230401655	1	0.8571428571428571	NA	292.73043513298035	151.10882069746515	43.09702815190336	234.5146532812024	75.663205230830485	32.221499272004145	11.752226574870297	50	100	2	0
PoissonMGP	12	7	1.6467031018526816	2.130486956138919	0.0053174204189290995	0.004607748847214024	0.004962584633071561	3.2369796268289512	27.58889171197128	15.412935669400115	1	0.8571428571428571	NA	316.69577383995056	152.1100872487432	25.2667881055467	243.8995433282223	101.6448390338985	33.37196513623931	9.19633383781529	50	100	2	0
PoissonMGP	13	7	1.2896803486957806	2.3192725869253827	0.004888650907070272	0.004591866146805637	0.004740258526937954	3.6680955796889894	28.659520653247426	16.163808116468207	1	0.8571428571428571	NA	332.65265011787415	126.8345073839573	21.815323401843564	227.74420936023543	129.27006799843213	32.59373338964706	9.815780055063136	50	100	2	0
PoissonMGP	14	7	1.4789853121229868	2.0897353828690326	0.005244395793835119	0.005231222529925521	0.0052378091618803194	1.618032966659518	27.346423847000217	14.482228406829867	1	0.8571428571428571	NA	316.67711067199707	148.67755991794618	37.53383594974108	216.5927498436048	70.17178729921655	32.65246022504858	7.6223263357115005	50	100	2	0
PoissonMGP	15	7	1.2593270337199471	2.1889445333217914	0.005193316061907606	0.0029681821264655466	0.004080749094186576	4.026487281379899	21.12422766912968	12.57535747525479	1	0.8571428571428571	NA	299.6895570755005	174.77731990101418	27.217379600697022	299.3127172799338	151.38678112126053	32.550248746943815	14.04756808452069	50	100	2	0
PoissonMGP	16	7	1.6672165161409291	2.2024682043614865	0.005175623946696701	0.004688736851242209	0.004932180398969455	4.238550746118461	30.811766668669414	17.52515870739394	1	0.8571428571428571	NA	319.08408880233765	144.39282447334796	37.84231906215794	219.97363612856495	85.14565598136474	30.250480682107824	10.236853660717275	50	100	2	0
PoissonMGP	17	7	1.3033499824694412	2.2275328738593565	0.005357561975825401	0.0038987772512111695	0.004628169613518285	6.626856184366788	24.963453577843012	15.7951548811049	1	0.8571428571428571	NA	325.9194622039795	167.93046890842717	17.43321331041177	269.7621235984341	117.6075889079071	32.19547781690808	8.072480162635586	50	100	2	0
PoissonMGP	18	7	1.221351857625377	1.9874018283638037	0.005055014411474	0.005397444556692106	0.005226229484083053	2.8406328360585946	19.308975934848153	11.074804385453374	1	0.8571428571428571	NA	308.58625960350037	151.54839664297143	23.76481993138667	265.0260585388202	101.90806990836046	31.095867045730227	7.574862083910617	50	100	2	0
PoissonMGP	19	7	1.4993736244481555	2.1210872481819063	0.0050575594126033765	0.0041671909162063	0.004612375164404839	2.9454945738186566	23.01112394753415	12.978309260676403	1	0.8571428571428571	NA	299.9072210788727	155.38353236897566	36.76016031839232	298.35531745011156	109.61091803673332	28.845345936286634	11.99677608984356	50	100	2	0
PoissonMGP	20	8	1.3865058255458669	2.2708704280184704	0.006851159184693458	0.004413793188278737	0.005632476186486098	3.7263823674864556	25.59919036807729	14.662786367781873	1	0.75	NA	307.13051295280457	137.3612336259759	33.67555088402314	242.57299541732763	116.03812013569632	27.470996147121472	10.28792900670439	50	100	2	0
CompressiveNMF	1	6	1.0525691227759177	2.0653624121483394	0.001709750467439373	0.0028760981423688456	0.0022929243049041093	1.2774355164536797	15.598169870626666	8.437802693540172	1	1	0.9925072880149213	608.0673429965973	728.8303903825436	386.5104415613005	795.9613778516691	283.8893508055172	445.1421024672517	268.84170308960154	100	100	2	0
CompressiveNMF	2	6	1.277425740714601	2.2190343053964736	0.0018656370830820988	0.0027953132285397295	0.002330475155810914	3.033520852169796	20.203783305441522	11.61865207880566	1	1	0.994988880415568	637.2943994998932	729.165697042761	388.13282470421524	786.4066362701361	299.40260152794366	394.6749823548965	133.12321360315465	100	100	2	0
CompressiveNMF	3	6	1.3400819737578507	2.2671018829373986	0.0016204280589220323	0.0025651157940831167	0.0020927719265025745	2.9879089256369076	18.84259079174296	10.915249858689934	1	1	0.9933002139954742	668.8406627178192	719.7364844141875	395.3209725862513	793.384346061754	283.9841533549948	384.33012208679395	152.95746380986404	100	100	2	0
CompressiveNMF	4	6	1.3399220224878452	2.1985201412615227	0.00165220342671216	0.0027173108409100626	0.0021847571338111113	1.2607885966098893	18.93688002480678	10.098834310708334	1	1	0.9922290377664225	651.7479100227356	725.1713031886179	394.5164715026922	797.688469287338	283.35906271874927	412.3665382597815	182.88842067372033	100	100	2	0
CompressiveNMF	5	6	1.2704356179563179	2.229346418093886	0.0016266221787576297	0.0029420542390339705	0.0022843382088958003	0.5562888567636279	19.343858827967523	9.950073842365576	1	1	0.9903983549635418	697.1676847934723	721.0699591304826	392.7466979017253	793.4352920338341	285.69372185220664	415.6748201903519	212.37863893839102	100	100	2	0
CompressiveNMF	6	6	1.1104099019998814	1.9566763018084423	0.0016168347444237147	0.0036719294995919685	0.0026443821220078416	0.7852971087679033	17.61577875270951	9.200537930738706	1	1	0.9902095191912077	613.5458121299744	723.4024292724336	390.4530729872998	797.7007658433185	281.1195963710608	416.70503559714894	213.7293525823704	100	100	2	0
CompressiveNMF	7	6	1.278582994355489	2.1825455067092876	0.0019975108779936865	0.0028843215639474127	0.0024409162209705496	0.9235305834346961	20.273603171846528	10.598566877640613	1	1	0.9907248807765408	651.7676780223846	719.4622189463553	394.9493280877089	779.1224366795468	306.43028377013644	396.43302831426917	238.13142544425244	100	100	2	0
CompressiveNMF	8	6	1.3655695994651615	2.3566466426252908	0.0013947221128285253	0.002913676457239062	0.0021541992850337937	1.062837155254536	21.03620539751245	11.049521276383492	1	1	0.9902449641396317	651.2134077548981	722.2315566280217	383.2777076611069	796.5082955605255	282.0790134109801	447.94830508871047	239.23114275491065	100	100	2	0
CompressiveNMF	9	6	1.3855308725672504	2.21131665578442	0.001341742595034976	0.0031351859808039922	0.002238464287919484	1.0093520245584955	17.115446329393112	9.062399176975804	1	1	0.9904571114130585	615.6172981262207	727.6856175797279	383.506477898832	794.4316659023942	283.65371277672557	431.4045834155461	198.08307358937776	100	100	2	0
CompressiveNMF	10	6	1.1623042821852827	2.120616978392188	0.0019057151566834324	0.002998952112298912	0.0024523336344911724	1.7474957472434238	20.699844049399907	11.223669898321665	1	1	0.9934021486693051	659.6955850124359	726.8508098918458	389.6325397085503	785.4748414409452	290.9259440780969	398.859367990085	149.57745083410614	100	100	2	0
CompressiveNMF	11	6	1.1924899812438314	2.1745316937145995	0.001705055607255565	0.002392548260588925	0.002048801933922245	2.7827656603698676	18.4792705507425	10.631018105556183	1	1	0.9945883099526821	625.3598599433899	722.8023182503856	393.3738471470836	790.1154436167507	294.2686134695124	411.5160075187265	172.82131828140803	100	100	2	0
CompressiveNMF	12	6	1.2313190252053556	2.1518324002922733	0.0015614559947160404	0.0026662917524679602	0.0021138738735920004	1.7259452342415986	19.692696387903307	10.709320811072454	1	1	0.9879864220470383	594.8141071796417	726.7047581454221	388.2934603205983	789.105222155677	290.5141606628272	454.11986243602183	237.79053875228482	100	100	2	0
CompressiveNMF	13	6	1.2860635139361916	2.238481279278191	0.0024437554241020752	0.0033241220211202263	0.0028839387226111506	6.711144924753014	23.992233246721106	15.35168908573706	1	1	0.9907717687593034	707.2439403533936	717.5275174000313	389.6061907868053	776.8250832480976	314.20843311385573	414.8925020260302	220.262366111469	100	100	2	0
CompressiveNMF	14	6	1.17091419348049	2.239417565027626	0.001675557918760804	0.002956834776454521	0.0023161963476076627	3.9948789829354654	22.815028075612148	13.404953529273806	1	1	0.9932506241170869	692.3603065013885	723.2567197714521	397.51070280233915	785.985459063932	302.2096548955911	403.82166962038406	159.11126421903555	100	100	2	0
CompressiveNMF	15	6	1.1592046194838648	2.2210410763112005	0.0020288081964083752	0.0032533068499654427	0.002641057523186909	4.221456795523516	20.43690308499872	12.329179940261117	1	1	0.993217106643833	659.5178670883179	723.8069535554051	400.0905259906413	773.45412258824	312.12876660635965	290.5410970222337	94.4204367267938	100	100	2	0
CompressiveNMF	16	6	1.2997858205403208	2.251683228419729	0.001455261984334411	0.0030355043109771976	0.0022453831476558044	3.364494779223322	20.87617557366795	12.120335176445636	1	1	0.9922464191775984	662.4972097873688	721.6666703591095	395.5378277322074	801.5102880282674	272.5493553727753	433.7068008203706	207.28971804969547	100	100	2	0
CompressiveNMF	17	6	1.2004050280004404	2.1435560379111114	0.0012834179108422333	0.0031372025200458215	0.0022103102154440273	2.276442566133549	19.159048105974264	10.717745336053907	1	1	0.9942547828225473	702.2993006706238	720.7341410865548	389.421282898273	780.2784942365546	301.74532082582533	427.623682494209	171.94837012507023	100	100	2	0
CompressiveNMF	18	6	1.2837646550501143	2.152651641193201	0.0017157950601100979	0.00328343052698827	0.002499612793549184	1.031839842501296	16.275712024603664	8.65377593355248	1	1	0.9920919016038516	647.5377812385559	718.9199713575919	393.41711345172683	790.5746928995205	287.3763315735717	404.12459181242707	193.8414186609236	100	100	2	0
CompressiveNMF	19	6	1.459927246828055	2.2453452994372727	0.002160998978347999	0.002295277387748324	0.0022281381830481614	3.905347298418663	20.871110985424984	12.388229141921823	1	1	0.9926650246859916	633.338597536087	728.4050163735677	383.4600630520532	793.6121295882734	291.5438936924751	412.8727118005404	238.66600222571216	100	100	2	0
CompressiveNMF	20	6	1.1437842251612609	2.0954779656543745	0.0019874738185603775	0.00318881368301014	0.002588143750785259	2.4674582054044	17.578402741394388	10.022930473399395	1	1	0.9916604511777607	637.4038274288177	725.5582896385013	389.0908830112266	785.6526453879901	289.8779581969704	422.97260865966416	208.48861978354898	100	100	2	0
PoissonCUSP_gamma	1	6.02	1.03158436094357	2.0538204614819544	0.0017154456206508071	0.0027729794534056824	0.0022442125370282446	1.9692725095046575	15.102830899637686	8.536051704571172	1	1	0.9930336923024705	442.35118103027344	151.90525229469566	36.58966728118928	379.2637638090822	149.1055421863495	12.802191116841248	5.002727356269854	100	100	2	0
PoissonCUSP_gamma	2	6.047	1.2729606848110164	2.2106718915989623	0.0016764990332573367	0.0028625462076263763	0.0022695226204418563	2.7656820138925715	20.411290716276064	11.588486365084318	1	1	0.9948353586799803	473.7887353897095	150.95227679553648	42.35557313534354	358.59204052190785	109.53613481762035	12.166087279182094	4.099843138240876	100	100	2	0
PoissonCUSP_gamma	3	6.023	1.3107941535972156	2.256040297989633	0.0015630601944994485	0.002580472239453381	0.0020717662169764148	2.180738094696909	17.918364894717822	10.049551494707366	1	1	0.9937907154278123	468.5326063632965	130.37380516130128	23.088180166064546	380.51187320812807	124.48624508085847	12.607306565321009	2.6945117621086068	100	100	2	0
PoissonCUSP_gamma	4	6.266	1.3248293564010851	2.1847178755111587	0.0015421050789708774	0.002462049869023283	0.00200207747399708	1.131828396911007	17.323710399014054	9.22776939796253	1	1	0.9934488561447994	465.1426451206207	141.45590060891834	37.18460773602047	397.289014990034	156.3538441227982	15.32392914890053	6.069606675217231	100	100	2	0
PoissonCUSP_gamma	5	6.118	1.2611320617141735	2.215614357230429	0.0016427368169705365	0.0027638970890522196	0.002203316953011378	0.9055446554203269	18.249555433464522	9.577550044442425	1	1	0.991495612598772	461.4839632511139	137.63651622281338	28.675731391479435	391.3908548198815	136.592904077743	14.292267350169414	4.896233441589214	100	100	2	0
PoissonCUSP_gamma	6	6.089	1.0973763931547382	1.9391173477328005	0.0016378496882498892	0.0035233089916153104	0.0025805793399326	1.397726803336032	17.006260128646332	9.201993465991182	1	1	0.9911176298033362	443.48518109321594	147.03065549549078	35.560564587042045	398.6587013140793	140.37141680570468	14.720004098931403	6.100843929360506	100	100	2	0
PoissonCUSP_gamma	7	6.032	1.2790530756251541	2.1695046811864502	0.0019547453548081455	0.0028962261925780186	0.002425485773693082	1.0750849480437692	19.95989048053674	10.517487714290255	1	1	0.9911839067941269	455.0665442943573	130.15941532297333	13.445555329393638	334.7318617977894	125.53323142571135	12.293653956292056	5.008279012995701	100	100	2	0
PoissonCUSP_gamma	8	6.036	1.3564151545202705	2.3445669268544163	0.0013964978969523661	0.0028255178648895914	0.0021110078809209788	1.582048883472575	20.064663582003124	10.823356232737849	1	1	0.9912341785469215	491.25962138175964	153.06076713714586	44.30576746232888	384.5035704092237	113.20120653754852	16.142095049487573	5.5342079571143366	100	100	2	0
PoissonCUSP_gamma	9	6.189	1.3532443063988318	2.196956419082938	0.0013112684198722298	0.0030472851195147786	0.002179276769693504	1.7282039802402305	16.377456768056582	9.052830374148407	1	1	0.9909917908910142	478.1290557384491	154.6440314371944	15.476150365586031	383.35715726647186	140.53766795296627	13.975230567670778	3.871761155430367	100	100	2	0
PoissonCUSP_gamma	10	6.009	1.14379737580742	2.108397565569867	0.0018084832034463436	0.0029624846836846107	0.0023854839435654774	1.4053764193429763	20.097235084993883	10.75130575216843	1	1	0.9939635219198959	488.1110281944275	149.13511212783163	43.37239312087258	362.88928030678596	134.56904307377278	14.84655645463436	4.62226028070081	100	100	2	0
PoissonCUSP_gamma	11	6.053	1.188605942170293	2.164248820664448	0.001761505304379657	0.0024769276554126173	0.002119216479896137	2.719307127104795	19.333858343182197	11.026582735143496	1	1	0.9939245652654033	486.69247794151306	134.4924688834392	19.090103599025404	374.2840225420765	145.1783935821245	12.209195525004143	1.8161582140776864	100	100	2	0
PoissonCUSP_gamma	12	6.019	1.2140474210590755	2.134696282903496	0.001532010771692622	0.0025188119122099015	0.002025411341951262	0.9930527480755942	18.540265429562726	9.76665908881916	1	1	0.9891867759550128	438.84246850013733	147.44835558527646	21.941460102290304	357.40995501347913	138.5763085135061	13.956734999117685	4.812083347482495	100	100	2	0
PoissonCUSP_gamma	13	6.025	1.2621224979794947	2.230196270423142	0.001974177388268401	0.0033235570984629544	0.0026488672433656775	4.728892943274738	23.212300295950296	13.970596619612518	1	1	0.9919760732733409	498.5065622329712	142.16945561800983	45.16380121317604	326.04493291555923	137.28353105596125	14.646250764893054	3.9816086005267883	100	100	2	0
PoissonCUSP_gamma	14	6.033	1.1583777034139935	2.2343801354878665	0.0016952949014350485	0.002996446238860681	0.0023458705701478646	3.6903114551087466	22.98780183998391	13.339056647546329	1	1	0.9929860632624896	485.9434244632721	129.3141303749501	35.68843708805319	336.91547311284097	121.5025637613634	12.89056638212097	4.175972032850481	100	100	2	0
PoissonCUSP_gamma	15	6.043	1.1461374110444653	2.2110211313015014	0.002449797428863103	0.0033789020427869593	0.0029143497358250312	6.3001587507059025	21.23828812716047	13.769223438933185	1	1	0.9924473514520343	472.52005100250244	120.36514761711413	28.101691505076428	308.51826940267375	131.475259939965	18.190499175059998	2.969082630089152	100	100	2	0
PoissonCUSP_gamma	16	6.014	1.2918823986553785	2.2425158313482387	0.0014226198213165779	0.0029986098056776376	0.002210614813497108	2.7207995820488926	19.967192496914205	11.34399603948155	1	1	0.9928788802411501	461.90638494491577	137.4755600227395	28.205645884754862	398.86111685792446	149.54253408356553	12.573707861528659	1.6678164565378144	100	100	2	0
PoissonCUSP_gamma	17	6.024	1.1884457669359614	2.13674675327113	0.0012072360269932533	0.003270197545980884	0.0022387167864870686	1.6135441731463462	19.4631187625926	10.538331467869472	1	1	0.9944200709302676	501.6878526210785	143.20068336061541	39.38982424064536	351.9183533668727	103.36043608669905	13.366602043691595	4.038904931856376	100	100	2	0
PoissonCUSP_gamma	18	6.063	1.2579082834090736	2.142383267382478	0.0018066926013795438	0.0032720969786003353	0.0025393947899899393	1.509630398193292	15.58855216971493	8.54909128395411	1	1	0.9929551018760882	462.06447863578796	133.1499112763965	24.302845970499963	371.9416505658107	128.90279412324796	16.711692986522504	5.98063364998022	100	100	2	0
PoissonCUSP_gamma	19	6.015	1.4350932365176519	2.234040960002932	0.002045504097915336	0.0020836958419837037	0.00206459996994952	4.245443108433761	19.50199022985489	11.873716669144326	1	1	0.9939443467919857	450.9537401199341	160.15004968274323	22.02777713845788	378.5685612240816	145.16192496924933	11.168502775970252	4.312794679846256	100	100	2	0
PoissonCUSP_gamma	20	6.043	1.1297862578857547	2.0818248213780963	0.0024318196719565976	0.00312983283936808	0.0027808262556623387	2.5097174234447737	16.998291272933663	9.754004348189218	1	1	0.9926644196097373	469.12718081474304	143.60486643319587	24.977715490792438	355.26137383084625	121.42817065366671	13.803842467377473	3.6346271322351447	100	100	2	0
PoissonCUSP_gammaKC	1	6.08	1.0344925096742552	2.054207042458985	0.0016875279882180457	0.002947032185208637	0.0023172800867133415	1.7332601420041043	15.682197756468856	8.7077289492364809	1	1	0.9921637967037563	432.7305941581726	154.48754481096344	35.09482471745408	390.49940978225237	155.3243409594762	18.02434419910533	8.052184959723968	100	100	2	0
PoissonCUSP_gammaKC	2	6.008	1.280759404499716	2.2109986267731534	0.0046254952063686065	0.0029226021950758407	0.0037740487007222236	2.1440947203310143	21.063515252042944	11.60380498618698	1	0.8571428571428571	NA	464.34532260894775	273.62183383667565	315.5895472896624	406.8037332120174	146.9569808479988	59.37005307508668	126.31961732607846	100	100	2	0
PoissonCUSP_gammaKC	3	6.047	1.318256874090964	2.256355702864239	0.001524735487596373	0.0024773703362015015	0.002001052911898937	2.5871274157591317	18.00712438041527	10.2971258980872	1	1	0.9935114909295517	458.35332202911377	133.28855919807143	20.7154673721178	389.56524279779586	133.61103292506814	13.486652784724303	5.84612316884888	100	100	2	0
PoissonCUSP_gammaKC	4	6.093	1.3336670245491618	2.1845545428416444	0.001557304726497722	0.002424365674053287	0.0019908352002755043	0.49744404618414106	17.41076799733542	8.954106021759781	1	1	0.9937451345622165	467.6570951938629	140.58538776774228	35.6615182804569	396.3862541269794	153.1524124112931	16.086316799587493	7.6357185238318985	100	100	2	0
PoissonCUSP_gammaKC	5	6.042	1.2717057613171083	2.215241659443108	0.0016193816943643783	0.002755950254668601	0.0021876659745164897	1.0275117736926302	18.24455501968498	9.636033396688806	1	1	0.9913914938110973	482.7669825553894	142.93033143844747	28.28880237702487	392.1094433897192	130.60162171731193	13.48352370484487	4.825189922482397	100	100	2	0
PoissonCUSP_gammaKC	6	6.15	1.0884810144182244	1.9370063669657611	0.0045320552072917976	0.0034895523820395982	0.004010803794665698	1.0312785839804472	16.862014093572874	8.946646338776661	1	0.8571428571428571	NA	430.46485781669617	248.5332644902534	272.512663538918	343.9566529917723	190.71255558327854	18.20665643280311	8.076993466027691	100	100	2	0
PoissonCUSP_gammaKC	7	6.011	1.2775118317179133	2.16299706168769	0.0018993130955660287	0.002843405456738164	0.0023713592761520964	0.9674314308691636	19.60145659110503	10.284444010987096	1	1	0.9913975228812751	451.991886138916	128.05856389802074	10.565449692224798	342.04230192079234	130.32850526815292	13.827738215758869	1.8162486184583526	100	100	2	0
PoissonCUSP_gammaKC	8	6.093	1.364795062228217	2.343247031789927	0.0013849326229889744	0.0028552332312373734	0.002120082927113174	1.8451511580857698	20.21604801824998	11.030599588167876	1	1	0.9909769013011172	493.80059790611267	151.88356502945615	43.00104430088932	382.0284383710106	117.56779205478959	10.575251645326935	3.4895199372587467	100	100	2	0
PoissonCUSP_gammaKC	9	6.063	1.3546626731388272	2.1970749252442285	0.0012792064593963913	0.0030792700194296305	0.002179238239413011	1.6741461222015714	16.323524062401855	8.998835092301713	1	1	0.9908982377942375	453.6756343841553	156.4120120022673	16.72073850530088	379.1273150064602	136.97630242351596	15.385728854108601	1.030220430677127	100	100	2	0
PoissonCUSP_gammaKC	10	6.048	1.1465294106050412	2.1084763764378898	0.004753952216213547	0.0030290958084957954	0.003891524012354671	0.6899564494565252	20.18036213915857	10.435159294307548	1	0.8571428571428571	NA	487.39208245277405	265.531172203599	303.391216453649	332.0687252242265	161.0430345314741	20.747863233810993	15.081431275876893	100	100	2	0
PoissonCUSP_gammaKC	11	6.034	1.1875612900127768	2.1651282089078325	0.0017381038906877058	0.0024766087614777276	0.0021073563260827167	2.9595692177747037	19.037074637373813	10.998321927574258	1	1	0.9943619614831439	463.46623945236206	134.69146755645696	22.370383145093307	371.1790301162751	148.18175211083278	17.167355125994156	6.725321652796681	100	100	2	0
PoissonCUSP_gammaKC	12	6.073	1.2166378661688004	2.1336803862707403	0.0015733163297218986	0.0025444864063711055	0.0020589013680465023	1.3459683774291036	18.633010735800486	9.989489556614794	1	1	0.9892191983095739	415.001149892807	146.43918841696586	19.747983750251972	362.4146266503993	143.47370209740862	9.778523073862868	2.4845076239416213	100	100	2	0
PoissonCUSP_gammaKC	13	6.04	1.2660447686855985	2.230946484655731	0.001815669355014198	0.003202926990892841	0.0025092981729535196	2.8898270322223265	22.27857067174131	12.584198851981817	1	1	0.9921514665395421	491.81465005874634	139.13815874318033	45.08771940584868	295.3569381899322	111.865251118767	13.266816269128778	1.8396132506873308	100	100	2	0
PoissonCUSP_gammaKC	14	6.053	1.1602669884098828	2.231014672360873	0.0016883148420318932	0.0031262311700589627	0.0024072730060454278	3.57378553583636	23.125435976985084	13.349610756410723	1	1	0.9929085500879721	484.79035091400146	131.71766943602137	36.47625973687337	341.3900671284663	119.95343547436964	11.962830567974377	3.6988897153122635	100	100	2	0
PoissonCUSP_gammaKC	15	6.223	1.1379780453197925	2.2124851511856582	0.0020595731720283116	0.0034068880429475113	0.0027332306074879112	5.246082085947722	20.892395145416483	13.069238615682103	1	1	0.9931504426221793	485.121728181839	127.53935125592224	33.88037086808228	322.0881153991521	112.69828943187264	13.504078942902858	3.546671824605457	100	100	2	0
PoissonCUSP_gammaKC	16	6.182	1.2907309916280638	2.23864284383254	0.001400511110460762	0.0030126361074089888	0.0022065736089348755	3.0496340218471123	20.192685820332343	11.621159921089728	1	1	0.9927004338920964	471.7315731048584	132.92618520471115	28.791439224706906	402.01622449566213	149.32271402793978	15.796429517829477	5.245648033402755	100	100	2	0
PoissonCUSP_gammaKC	17	6.043	1.1916779282905339	2.136004139404319	0.001227074830592036	0.0032314698312641025	0.0022292723309280693	1.902491117395999	19.47965045917755	10.691070788286774	1	1	0.9941167756532523	499.8990967273712	141.6571554334708	41.27691557484436	359.8690597027287	111.75813963175935	15.194009495127197	1.7298220916594205	100	100	2	0
PoissonCUSP_gammaKC	18	6.051	1.251540753568235	2.1386884070883023	0.00465046566627735	0.003112819021532115	0.003881642343904732	0.809293331037495	15.261672071212619	8.035482701125057	1	0.8571428571428571	NA	465.11496233940125	249.74346976578175	316.05497043870827	330.00683075932386	164.1585251375761	19.781995237540897	11.425793174830558	100	100	2	0
PoissonCUSP_gammaKC	19	6.039	1.4357443373031837	2.2340757934270186	0.002255515943576607	0.0021857182283835062	0.0022206170859800567	4.609693193170822	20.23379360192784	12.421743397549331	1	1	0.9928836161453665	462.7452144622803	154.6932156013755	20.183582275474574	370.61387297988296	145.2673529015176	14.562363949814822	3.368226074035085	100	100	2	0
PoissonCUSP_gammaKC	20	6.043	1.128264279858939	2.082514251103417	0.0022554328207111084	0.0030775911989120866	0.0026665120098115975	2.3943449014846805	16.821517084529905	9.607930993007292	1	1	0.9926400776792393	454.4510624408722	146.99345758660675	24.311003981859134	370.16347845094595	134.79020790226787	12.619942033312245	2.0739229049705887	100	100	2	0
PoissonCUSP_invgamma	1	19	1.0160909070847783	2.0423836320846784	0.009283865381802373	0.002729540009419895	0.006006702695611134	0.46640708668511005	15.30393360554345	7.885170346114281	1	0.3157894736842105	NA	627.959593296051	374.96964536244803	157.7748669066801	295.6337836129174	116.11355290963287	272.3791378301264	393.5072544987436	100	100	2	0
PoissonCUSP_invgamma	2	19	1.27075687209676	2.1954397519285265	0.009288308443080151	0.002819146362917799	0.0060537274029989745	0.6514415363484117	21.14212162626916	10.896781581308785	1	0.3157894736842105	NA	684.5451014041901	358.7676733617924	145.70768273996993	267.8568136567251	112.73264281353703	293.2234987873506	419.5707949125348	100	100	2	0
PoissonCUSP_invgamma	3	19	1.2886345382785753	2.2433455835497673	0.009261925884415387	0.0024727086413397345	0.00586731726287756	0.6520413124598249	18.24323873930663	9.447640025883228	1	0.3157894736842105	NA	698.9690692424774	333.0380965746798	143.05851100037594	262.15655471274005	126.56562097344649	228.2750693924852	364.6605754295913	100	100	2	0
PoissonCUSP_invgamma	4	19	1.3186999197572014	2.1757965276193634	0.00927338359189996	0.0023526977280034383	0.0058130406599516985	0.49753188765998124	17.355752359535856	8.926642123597919	1	0.3157894736842105	NA	652.6743893623352	347.28944437086284	145.96822052436718	268.0672091225241	135.61293595997975	233.3548257643128	363.70325590464824	100	100	2	0
PoissonCUSP_invgamma	5	19	1.2470185376249345	2.201671508493188	0.00928859062696993	0.0026628125172129436	0.005975701572091437	0.4436023457325754	18.67973584889864	9.561669097315608	1	0.3157894736842105	NA	717.3423264026642	337.7289417651396	140.07766981387255	241.91284638248428	129.9730732638098	261.9580627163968	391.8320641878917	100	100	2	0
PoissonCUSP_invgamma	6	19	1.0926434157469611	1.9208108670666595	0.00927510062629278	0.0032693953307628646	0.006272247978527822	0.44259727062874565	16.517524860440467	8.480061065534606	1	0.3157894736842105	NA	606.9898674488068	364.9363797757821	154.2555400793106	273.63337162687003	127.12317255601347	255.98246148766023	402.4403300750999	100	100	2	0
PoissonCUSP_invgamma	7	19	1.2815917249676985	2.1465838724165263	0.009317782040298329	0.002757578714040872	0.0060376803771696	0.35179791934165655	19.603937418533874	9.977867668937765	1	0.3157894736842105	NA	671.2789630889893	352.34177321179675	154.3913895486293	249.4265089965854	109.38481050603116	229.52343185740972	362.9655430875636	100	100	2	0
PoissonCUSP_invgamma	8	19	1.3445341119953331	2.331038736012236	0.009252239667638891	0.002700639888838108	0.0059764397782385	0.45769425861407187	20.070203768933943	10.263949013774008	1	0.3157894736842105	NA	727.6998257637024	362.88345445599356	147.57574490202862	273.74255391093243	110.78714120475816	309.09772039758775	436.30384509208056	100	100	2	0
PoissonCUSP_invgamma	9	19	1.328528679765015	2.1820199326374055	0.009231314451532063	0.0029651446773103322	0.006098229564421197	0.4787829222543995	16.56835424286946	8.52356858256193	1	0.3157894736842105	NA	634.6722328662872	358.1252995020083	144.62217702873994	269.4930208612974	124.73354660006008	286.74162394465657	415.44068353986336	100	100	2	0
PoissonCUSP_invgamma	10	19	1.1405187293125418	2.0980421472479978	0.00931152211756951	0.002838618175978089	0.0060750701467738	0.47577876131239705	20.310372421630426	10.393075591471412	1	0.3157894736842105	NA	713.8161008358002	355.84195695265987	146.52080866315873	261.8702940269071	124.05176753392544	265.6455471066037	386.57268004774454	100	100	2	0
PoissonCUSP_invgamma	11	19	1.1701132683067885	2.154836198618215	0.009293926975894562	0.002366556326256829	0.005830241651075696	0.619940637885304	19.54257470079244	10.081257669338871	1	0.3157894736842105	NA	645.9994642734528	368.5145183612989	161.4419529950073	268.4843072784025	124.64400721636216	237.2731844543859	366.77391727530585	100	100	2	0
PoissonCUSP_invgamma	12	19	1.2001024874783923	2.117368467633063	0.009266258362649684	0.0024140287223939553	0.00584014354252182	0.36947045752104984	18.25634446041564	9.312907458968345	1	0.3157894736842105	NA	608.6389102935791	377.0066942561633	158.6178033362841	272.48886832544343	110.41955203008463	276.08125467495506	414.5790899655475	100	100	2	0
PoissonCUSP_invgamma	13	19	1.2468709184403117	2.2182416121522497	0.009334995506137615	0.003267603029086749	0.006301299267612182	0.9510500558151783	23.64714162348939	12.299095839652283	1	0.3157894736842105	NA	732.7925927639008	345.30608990730883	145.9715169163804	232.94590977047756	113.40267428083548	226.63321863866335	348.5903048502189	100	100	2	0
PoissonCUSP_invgamma	14	19	1.14977606930159	2.2195792565482386	0.009279303833024392	0.002942429278568905	0.006110866555796648	0.7465349559990482	23.09093429157587	11.91873462378746	1	0.3157894736842105	NA	704.9145476818085	358.18840132807304	158.92372163886026	286.80380204517456	102.21252795630612	245.86378146710305	374.6855003539111	100	100	2	0
PoissonCUSP_invgamma	15	19	1.1247111293405379	2.200745511511198	0.00933163503096333	0.0032670590225561116	0.0062993470267597215	1.0712849479595468	20.95974600432421	11.015515476141879	1	0.3157894736842105	NA	723.968358039856	340.87816840352247	151.46364464876373	239.50372942764682	95.10179136396503	207.55587824042695	296.0916269080613	100	100	2	0
PoissonCUSP_invgamma	16	19	1.2764510208211424	2.2238030694572317	0.00924262477824429	0.0029207764745924967	0.0060817006264183935	0.6293689707256651	20.012369021715045	10.320868996220355	1	0.3157894736842105	NA	650.9547922611237	352.71664936854074	153.24980480605623	270.3700984970509	138.27776884990794	265.1045283137497	388.0601474206937	100	100	2	0
PoissonCUSP_invgamma	17	19	1.1787604298591916	2.127118291863959	0.009221435465199788	0.003262181783594463	0.006241808624397126	0.5539610300240506	19.81095933783438	10.182460183929216	1	0.3157894736842105	NA	750.2690045833588	350.9695943890105	149.81165138510536	237.4945524837211	106.37006683525914	264.07327761387336	384.79167570639487	100	100	2	0
PoissonCUSP_invgamma	18	19	1.222568751680787	2.1264844094148456	0.009293321869705521	0.002995883156786632	0.006144602513246077	0.5211362307174879	15.169884651220942	7.845510440969215	1	0.3157894736842105	NA	661.8101677894592	352.05166189439757	153.72145650102576	260.6072280424394	116.4231862583584	242.3328776872459	355.3796588606271	100	100	2	0
PoissonCUSP_invgamma	19	19	1.4191554915630749	2.2219318610664995	0.009343185942166961	0.00204785557546961	0.005695520758818285	0.7094874052770423	19.502402161283154	10.105944783280098	1	0.3157894736842105	NA	644.7145638465881	374.4702491892741	147.25943735366747	274.3370879546279	120.60976532598178	272.1107119557158	395.3837675031414	100	100	2	0
PoissonCUSP_invgamma	20	19	1.117922238450722	2.06776969629863	0.009359930602565758	0.003013304808837199	0.006186617705701478	0.5389509438323886	16.98175426106239	8.76035260244739	1	0.3157894736842105	NA	663.5563740730286	354.40313345295596	148.3414286261063	249.4553828216696	106.72817919318386	249.19830813135485	364.1373696083185	100	100	2	0
PoissonCUSP_invgammaKC	1	5.457	1.599571676138913	2.421339315374285	0.006646032334908978	0.00563290802725838	0.006139470181083679	32.061794737217916	41.6905958343669	36.876195285792406	0.6666666666666666	0.8	NA	191.1002402305603	58.81257600680612	52.39272558770217	105.63869207700647	200.12143933598034	827.4297786053194	167.86041419372447	100	100	2	0
PoissonCUSP_invgammaKC	2	8.069	1.2703127485561259	2.198776423202138	0.00466277406675032	0.0028842508722455775	0.003773512469497949	1.8739652320554991	20.852159999479024	11.363062615767262	1	0.8571428571428571	NA	235.28978085517883	117.80889731235982	134.32558968065052	69.47340451587927	116.14436692304673	590.6417888728379	368.3022126410221	100	100	2	0
PoissonCUSP_invgammaKC	3	9.368	1.2941888681820881	2.2452343179855134	0.006007586296343133	0.002488894043786087	0.00424824017006461	1.595282592601459	18.021654550704802	9.808468571653131	1	0.75	NA	223.862295627594	128.32260264634755	152.38042516471683	35.68020092295461	46.81822839117899	612.0329155729484	435.831886669945	100	100	2	0
PoissonCUSP_invgammaKC	4	6.854	1.323097949107283	2.1778136698939248	0.00931874945860333	0.0024739968785870265	0.0058963731685951785	41.92641177222027	17.75817333233758	29.842292552278927	0.8333333333333334	0.8333333333333334	0.9411715792609893	207.87734413146973	109.95575899417202	91.3399197231476	206.19094104469013	241.63816769038297	374.7379939239103	432.53191167106576	100	100	2	0
PoissonCUSP_invgammaKC	5	9.329	1.2332712704497746	2.203051119141763	0.0045076228402510824	0.002612995153215781	0.0035603089967334318	0.5192566393497543	17.883788175247528	9.201522407298642	1	0.8571428571428571	NA	265.0538592338562	86.0812840502336	56.50348298301452	83.68539346195344	195.2728951687538	657.790016297405	377.3808120748808	100	100	2	0
PoissonCUSP_invgammaKC	6	9.082	1.0878427249377771	1.9262420869195194	0.006009553479158412	0.003408179010089905	0.0047088662446241585	1.1074859199991431	16.54927740406424	8.828381662031692	1	0.75	NA	209.63912963867188	209.69666636913593	153.85317442664723	215.29239732750426	215.00930042911367	594.3483451952474	386.80766934702194	100	100	2	0
PoissonCUSP_invgammaKC	7	6.929	1.2855263078722714	2.1461846073777053	0.001909396410342025	0.0027260087531958506	0.0023177025817689378	1.220201796861597	19.500890240074238	10.360546018467918	1	1	0.99186722818274	211.82290625572205	62.4079471915214	46.98810026733458	51.24001278296324	80.98305117341097	760.5993146278156	280.2425856236444	100	100	2	0
PoissonCUSP_invgammaKC	8	9.009	1.3375279488279135	2.3299154432128337	0.00593188510660706	0.002749769530217437	0.004340827318412248	0.7782597358551656	20.08241635182747	10.430338043841317	1	0.75	NA	275.79854941368103	148.96571621407327	172.00489543040746	71.27960671732716	105.10092088077987	635.3941669152989	416.09576548790653	100	100	2	0
PoissonCUSP_invgammaKC	9	7.728	1.3259077313364804	2.1829352859813396	0.00439562208964424	0.003030574865639496	0.003713098477641868	1.7380290781007823	16.362776413570778	9.05040274583578	1	0.8571428571428571	NA	207.99704146385193	120.62097832682028	132.28601197164696	177.95588464039997	237.8021881480177	706.8839260545335	363.77404795847605	100	100	2	0
PoissonCUSP_invgammaKC	10	7.962	1.1375167412801168	2.096908992366981	0.004783481596920457	0.002935064199983285	0.0038592728984518706	1.1370802700606981	20.502694306164877	10.819887288112787	1	0.8571428571428571	NA	265.8957622051239	94.11930815199719	134.98885326754532	37.17316422096935	71.2143626210009	741.1010855760725	379.9418648550502	100	100	2	0
PoissonCUSP_invgammaKC	11	7.389	1.169759758494576	2.154810408108694	0.0017766729628777666	0.002450859232222748	0.0021137660975502574	2.8218408409488207	19.505526509794834	11.163683675371827	1	1	0.9938130172447457	205.75921034812927	86.42498171592054	74.76460544745372	87.57518250624595	165.72013208334658	722.5363946945816	241.3983552434229	100	100	2	0
PoissonCUSP_invgammaKC	12	7.29	1.2093980306904097	2.1188749113028207	0.004509761795063284	0.0026023524258728644	0.003556057110468074	0.8244606941939432	18.808544709535234	9.816502701864588	1	0.8571428571428571	NA	204.66652965545654	174.77212760344977	120.78626331608352	291.3280772888555	186.4123954748554	649.0775070979637	362.4658335992904	100	100	2	0
PoissonCUSP_invgammaKC	13	8.558	1.2454381968562411	2.2174020443622258	0.004864342832841723	0.003311214617384735	0.004087778725113229	2.566697490251222	23.47292746210357	13.019812476177396	1	0.8571428571428571	NA	277.6665666103363	155.018716387873	159.09564400584625	108.8298351361571	168.580159032498	611.9602474317697	384.59914989013663	100	100	2	0
PoissonCUSP_invgammaKC	14	7.387	1.1477407621160332	2.220038059048225	0.004602426506693721	0.003100423270539292	0.0038514248886165063	2.623030167060131	23.28998282914023	12.956506498100179	1	0.8571428571428571	NA	239.5819218158722	99.24215380080055	164.58285833108485	99.15153436912983	182.39562981568025	560.9256642147287	317.52061624265883	100	100	2	0
PoissonCUSP_invgammaKC	15	8.533	1.1274464052634023	2.2023322657788986	0.0062238787294367605	0.003403582598639413	0.004813730664038087	2.8464732817146383	21.09221793939644	11.96934561055554	1	0.75	NA	269.93191170692444	141.45527581401095	146.57125271854355	98.63631897102293	168.63448315636796	482.18553897229873	388.04339925561385	100	100	2	0
PoissonCUSP_invgammaKC	16	8.231	1.2788050645765094	2.2243992249250586	0.005931417783617341	0.002890893401488074	0.004411155592552707	1.6900631057710993	19.773690222199996	10.731876663985547	1	0.75	NA	249.08921360969543	209.2423709755322	150.57844445711922	351.2115295345257	172.0420384376399	601.5234195190861	469.1174705535178	100	100	2	0
PoissonCUSP_invgammaKC	17	9.929	1.1806186536265402	2.1253253768851694	0.0058069326206380365	0.0032243438844688707	0.004515638252553454	1.5900251293610779	19.624835093048137	10.607430111204607	1	0.75	NA	281.5889358520508	148.86343210516665	163.50721702208975	98.89894867718805	156.79352126775473	604.9470670145723	484.8999202645614	100	100	2	0
PoissonCUSP_invgammaKC	18	7.71	1.2286235660229161	2.129073869414503	0.004656158692934839	0.003186130425016521	0.00392114455897568	1.0294246099575355	15.620791598976519	8.325108104467027	1	0.8571428571428571	NA	211.07626676559448	128.37083819548772	139.88018687059088	105.77645619670199	127.72731701968424	714.9874622433024	395.8273827468628	100	100	2	0
PoissonCUSP_invgammaKC	19	8.172	1.4089990828583372	2.223596229627104	0.006312784850571849	0.0021392272597577275	0.004226006055164789	2.4224385239468975	19.786089263430167	11.104263893688533	1	0.75	NA	209.4775550365448	210.67282228318686	141.35239424224616	267.4007228848443	182.17147922233966	583.9244348094996	492.72819111505567	100	100	2	0
PoissonCUSP_invgammaKC	20	7.357	1.1209611543632478	2.069402956979846	0.00499862224805179	0.003123669395421876	0.0040611458217368335	1.6259272613528915	17.356839743614078	9.491383502483485	1	0.8571428571428571	NA	209.61772322654724	163.71566653702277	100.1962607119336	297.19650160780844	192.16033227670843	682.2257436155429	367.6391984448354	100	100	2	0
PoissonMGP	1	7	1.0185150649179116	2.0387530974982395	0.00481280891125241	0.0027537580225451977	0.003783283466898804	2.2852075591322194	15.59928164737197	8.942244603252096	1	0.8571428571428571	NA	559.4855897426605	146.70331692082	36.68980344480885	349.3617444446493	159.0201537266854	30.999712462646325	9.500762269977207	100	100	2	0
PoissonMGP	2	7	1.269855031905248	2.196079811337899	0.004911083671588335	0.002913013499574712	0.003912048585581524	3.10715567652712	21.91295727551885	12.510056476022985	1	0.8571428571428571	NA	590.1952040195465	143.26415480040754	51.76465454220917	341.9047977200569	144.57886600406133	34.70000544558366	12.268090732619974	100	100	2	0
PoissonMGP	3	7	1.286482671329679	2.242878572893019	0.004904083668000501	0.002373583480749698	0.0036388335743750997	2.931654554900613	18.260022692888416	10.595838623894515	1	0.8571428571428571	NA	590.3874404430389	119.47202320489879	30.237680280529883	327.08426188440785	147.63911373381873	30.996070128975838	14.82966249594436	100	100	2	0
PoissonMGP	4	7	1.3197163453516563	2.1765973015849887	0.004688709060429641	0.0023788874282871316	0.0035337982443583863	1.3529045531451154	17.83547817719122	9.594191365168168	1	0.8571428571428571	NA	578.0254349708557	136.51288625399062	37.88269694066173	354.99715775807044	169.66406655831156	33.2785014486102	18.113815956505718	100	100	2	0
PoissonMGP	5	8	1.2433619374864884	2.1998496975231676	0.006599626747248943	0.002781764172997392	0.004690695460123168	3.3510609674355094	19.333304786809087	11.342182877122298	1	0.75	NA	601.8233163356781	119.35176015133553	32.79608427590422	304.4100187682989	165.6964216014727	27.162424323792195	14.080931711069473	100	100	2	0
PoissonMGP	6	7	1.092321684504061	1.9212693637479101	0.004848273563914337	0.0034746780087871855	0.004161475786350762	2.034130813959139	17.75472733654027	9.894429075249704	1	0.8571428571428571	NA	554.28680419921875	133.16889719585023	32.78884000867063	347.6428430058795	156.66837254109134	27.31247869541446	8.677064454245915	100	100	2	0
PoissonMGP	7	7	1.283507691755493	2.1461560345193638	0.005101735986206626	0.002877319548984953	0.0039895277675957895	1.8509119411465926	20.684277627440075	11.267594784293333	1	0.8571428571428571	NA	589.6345953941345	131.10068380120876	20.822858613403845	317.1139575529797	135.10988857403524	32.201252921369985	14.0485516500049	100	100	2	0
PoissonMGP	8	7	1.3487982485389292	2.3293345479512313	0.004889673793684815	0.002770526378217781	0.0038301000859512976	3.0269060627529196	19.960110067474332	11.493508065113627	1	0.8571428571428571	NA	609.4053907394409	136.8499750828024	48.1638636682625	330.4724226975637	145.36495176037113	37.71329966835162	24.251911719270655	100	100	2	0
PoissonMGP	9	7	1.3201285475156634	2.179982907381673	0.0045175932106694934	0.0030451508642640535	0.0037813720374667735	2.8540213506671153	17.124639457072956	9.989330403870035	1	0.8571428571428571	NA	570.4076085090637	141.95241141539148	28.904404908049003	346.59610451123064	168.72036417559463	29.86657419772362	11.416120901602032	100	100	2	0
PoissonMGP	10	7	1.1445777624401505	2.095081304124569	0.005113676404384239	0.0028019411577236727	0.003957808781053956	2.1081798787529786	20.033287473140373	11.070733675946675	1	0.8571428571428571	NA	622.4991490840912	136.50773420585867	40.938023067387974	324.23810564468505	158.48356996386994	25.027119031565928	9.231813575836089	100	100	2	0
PoissonMGP	11	7	1.1682969177206437	2.1531063660203116	0.004959583388016188	0.0024090285948998582	0.003684305991458023	3.4574467337616746	19.190444764006394	11.323945748884034	1	0.8571428571428571	NA	608.328850030899	126.71059906658397	24.687990018340507	341.32423292607456	168.83807023340927	27.820342014025517	11.79741710591798	100	100	2	0
PoissonMGP	12	8	1.2048176111632183	2.1108995193887754	0.0065294159683939555	0.002530728856205297	0.004530072412299626	2.2624219640978174	19.347090300947578	10.804756132522698	1	0.75	NA	538.3815190792084	127.98427044796318	32.430560787849274	306.23875666930206	167.04005674114018	30.644041972488193	12.23406891916466	100	100	2	0
PoissonMGP	13	7	1.2459489463464626	2.2143000549152956	0.0049521530417741145	0.003130402773754581	0.0040412779077643474	4.0729536557098065	22.692567366584548	13.382760511147177	1	0.8571428571428571	NA	627.2189118862152	128.9257893682601	44.08992883977005	279.899818763474	135.63653052823176	35.875902149216685	16.35886175412347	100	100	2	0
PoissonMGP	14	7	1.148840773806545	2.217670226672976	0.005017530578235806	0.0030911176048373304	0.004054324091536568	3.9657892880430965	24.568778084538067	14.267283686290583	1	0.8571428571428571	NA	609.3299534320831	118.40466788138825	33.38052629954385	301.59552144302694	144.2572454208635	25.873180468369817	11.606276664112082	100	100	2	0
PoissonMGP	15	7	1.1224151421951154	2.2001986412053	0.005678011663631082	0.003587610307016588	0.004632810985323835	6.9060090341770115	23.17924709297945	15.04262806357823	1	0.8571428571428571	NA	606.0020098686218	114.65935415747967	34.40001809939144	276.86295466126097	128.33841382167216	28.42395003358022	11.267121977177679	100	100	2	0
PoissonMGP	16	7	1.2796888212205155	2.226153158525303	0.004748766845808777	0.0029246099972545614	0.0038366884215316694	3.0733229015767396	20.127474693964007	11.600398797770374	1	0.8571428571428571	NA	603.8677453994751	125.01933686941587	31.5394994872519	357.48974751495075	168.85944156767042	29.666905074237654	8.323236333998633	100	100	2	0
PoissonMGP	17	7	1.1790797916779792	2.1236356948915374	0.004557259764686818	0.003313204437837665	0.003935232101262242	2.7663043458715184	20.655372089331074	11.710838217601296	1	0.8571428571428571	NA	613.5659129619598	125.84951048535994	41.796576062736726	314.57619338996824	129.60281805868365	29.926275649766374	8.059762352237147	100	100	2	0
PoissonMGP	18	8	1.2359844606015613	2.1243311050809104	0.006561889204276657	0.003089665491172035	0.004825777347724346	3.410277260253504	16.32317586856542	9.866726564409463	1	0.75	NA	573.2677195072174	115.06369382753294	28.785962257180017	300.2426147422773	159.8104085836128	36.68080865107035	22.608153224977137	100	100	2	0
PoissonMGP	19	7	1.40944388200118	2.2241819764424258	0.005111653484650046	0.0022496843122138703	0.003680668898431958	4.274065547200095	21.090669118695565	12.68236733294783	1	0.8571428571428571	NA	573.2036108970642	145.970137218842	29.793228206751742	336.38616194542135	161.10700873037533	31.667982760799713	11.856549860647364	100	100	2	0
PoissonMGP	20	7	1.1162291759679916	2.0673868261991237	0.005137926608724588	0.0030354602132000477	0.004086693410962318	2.0994296809404367	17.092041422777207	9.595735551858821	1	0.8571428571428571	NA	596.3630263805389	135.57390847372224	31.315075838223763	335.93481119550074	150.8483267436457	31.24790042889592	11.433534757811746	100	100	2	0
CompressiveNMF	1	6	1.0265664656690467	2.0138281722262725	0.0014054389014885493	0.001957582113753227	0.0016815105076208882	2.0757566593341767	14.90349779426353	8.489627226798852	1	1	0.9931517306051445	1614.849643945694	699.0018783945696	378.92343379384215	817.1256443317715	272.84717756675286	433.17447557655635	214.81464007567882	200	100	2	0
CompressiveNMF	2	6	1.2206472711002914	2.1866796896418417	0.001139210257853533	0.0023390107511443814	0.0017391105044989572	4.61074016867668	20.169335272542916	12.390037720609797	1	1	0.9929497800598176	1757.1506388187408	690.8747391306067	387.61613686373	808.0818344220484	280.4222677113282	378.20453590301383	172.70043354703267	200	100	2	0
CompressiveNMF	3	6	1.31299838437891	2.257281231203221	0.0015178460307959732	0.001965292318784396	0.0017415691747901846	2.0201067528472776	21.30621148511972	11.663159118983499	1	1	0.9930150571651369	1831.2663147449493	694.7493166155499	386.6968429771326	798.8062211921291	290.2771209326811	426.23005424754314	203.92624037948718	200	100	2	0
CompressiveNMF	4	6	1.1133871638718023	2.0696509982930973	0.0011222201892785101	0.002071668351121707	0.0015969442702001085	1.4412543789491583	16.96040449992993	9.200829439439543	1	1	0.9946437483199296	1763.2311327457428	699.1004621864038	382.295024269605	807.582776331755	288.8164459272346	410.2244930940843	216.21500116651242	200	100	2	0
CompressiveNMF	5	6	1.1990789737454857	2.2112275703787625	0.0014044931698024483	0.0022944812469494107	0.0018494872083759295	6.15469554289108	22.99705726012019	14.575876401505635	1	1	0.9912159310709955	1794.2662596702576	695.8180098822234	389.4946864127146	809.611874711907	286.98063883175126	352.0118327578377	148.85186225126	200	100	2	0
CompressiveNMF	6	6	1.273113244777513	2.132064533562249	0.001506670287330969	0.001859494787336127	0.0016830825373335481	0.8475680260583272	16.58815152940442	8.717859777731373	1	1	0.9946094227065957	1631.3494594097137	700.4441644524645	380.9061357920738	803.9276278546852	288.75318844549594	372.34330625908564	147.74207287585338	200	100	2	0
CompressiveNMF	7	6	1.1872852490213146	2.2186561739678767	0.0014274868810608566	0.002218145625069632	0.0018228162530652442	4.6878027585779085	18.86050090156471	11.77415183007131	1	1	0.9906837473435619	1643.3158144950867	698.9667279173523	388.59084446274176	809.8207943171711	285.9917671316928	412.0840241256033	219.0237593650388	200	100	2	0
CompressiveNMF	8	6	1.222457082174488	2.360201208428492	0.0016085013725617289	0.0016288170090344438	0.0016186591907980863	3.9508580403392166	19.15944301522176	11.555150527780489	1	1	0.9956218969222767	1816.657553434372	697.9508028180425	382.6696402765588	796.5219159401672	299.54806143000985	392.22431660652956	203.32823714807992	200	100	2	0
CompressiveNMF	9	6	1.1589196990514952	2.1589273627546	0.0012080533015352017	0.002216957423599707	0.0017125053625674544	0.43673623454632804	17.222028375225253	8.82938230488579	1	1	0.9940951977390875	1744.5838768482208	694.0165369266346	386.3966280396791	806.7612919129466	285.0894413305429	386.1863904988688	150.45472096943098	200	100	2	0
CompressiveNMF	10	6	1.0912072933951944	2.207074755602896	0.0013384966693005384	0.001803766673581253	0.0015711316714408959	1.4952660135125946	18.32985187335644	9.912558943434517	1	1	0.9945937390981142	1844.8521101474762	698.5145984764989	386.27961697948297	794.2536946144832	298.75318256469046	372.6482083246106	171.7516013554969	200	100	2	0
CompressiveNMF	11	6	1.1333682024559888	2.283811445552673	0.001012925138730447	0.001862454682942305	0.0014376899108363762	4.825597399817866	18.207724740103	11.516661069960433	1	1	0.9947684104240272	1793.9069156646729	698.0530895589635	384.34715509089864	812.9337269136595	269.15599127175705	429.42213784033174	224.8567903744197	200	100	2	0
CompressiveNMF	12	6	1.3109727824336102	2.325636564382116	0.0010794574108234953	0.002220747270006694	0.0016501023404150946	3.988954007629321	20.41273887699409	12.200846442311706	1	1	0.9915771252292677	1665.0570738315582	695.2133671610812	380.5934613990894	810.3150747551618	281.6752843413865	360.34679736780936	135.38803238279775	200	100	2	0
CompressiveNMF	13	6	1.2327136554755205	2.3511558092035294	0.0012042201876030448	0.0020980823824826396	0.0016511512850428422	3.7191696282727884	20.43459861569298	12.076884121982884	1	1	0.9948242911159882	1872.8242716789246	696.1970983478169	388.0344771798762	795.0040466740932	300.86677433825787	324.4812678098121	138.23473943761599	200	100	2	0
CompressiveNMF	14	6	1.248017145298081	2.3454029008413477	0.0013797339416496501	0.0016845508761649654	0.0015321424089073078	3.0199645276861204	18.114839663714225	10.567402095700173	1	1	0.995893336285979	1825.812875032425	700.6559696220778	381.06845149361936	807.7125360783908	285.20616994959346	424.81126285354867	183.92926295676205	200	100	2	0
CompressiveNMF	15	6	1.198220145051746	2.1303954913918566	0.002247332213870036	0.00179698578031095	0.002022158997090493	1.3936384797366967	17.28128204924872	9.337460264492709	1	1	0.9940420636588149	1729.91592502594	703.1073260903762	382.9097741862169	804.5480785325792	282.69798624940285	358.4962901692458	152.47787034318893	200	100	2	0
CompressiveNMF	16	6	1.1908366056257433	2.206625799247342	0.001489559878489908	0.002217200451936337	0.0018533801652131227	1.3690193572643161	18.42780574839614	9.898412552830228	1	1	0.9934870066551005	1693.2473089694977	694.0569251712029	383.4944002219261	816.7628086215568	270.00654323907446	402.6286161931362	225.35799390684858	200	100	2	0
CompressiveNMF	17	6	1.229533153095097	2.302811233469436	0.001782602177848717	0.0022116925948159455	0.001997147386332331	3.1853133926275374	21.506764865911173	12.346039129269355	1	1	0.9893523730966778	1577.7311544418335	697.8524936982417	377.727640196449	820.3022799699336	267.74696686772126	424.34957626313854	229.48197195415418	200	100	2	0
CompressiveNMF	18	6	1.222221257724132	2.2622560939124243	0.001111428882680457	0.0019897285105707468	0.0015505786966256018	0.44710769070554557	18.582808566944706	9.514958128825127	1	1	0.9940512360374089	1795.9442596435547	698.040780792936	384.7131114879032	808.1201484160065	286.8128430234214	422.29931572378416	189.53425789626587	200	100	2	0
CompressiveNMF	19	6	1.0934483043421228	2.191420699434466	0.0011641329520124483	0.0017692570966720436	0.001466695024342246	0.30066027780648596	16.729651248724704	8.515155763265595	1	1	0.9957579557828847	1741.4894654750824	700.5645658273837	385.7168127057272	810.2540532126378	273.8614157075962	395.7892799335619	143.21177553687087	200	100	2	0
CompressiveNMF	20	6	1.1482615353766534	2.1523722814204684	0.0013732097155829059	0.0023690328012536924	0.0018711212584182992	3.470184498780263	18.085051760782097	10.77761812978118	1	1	0.9928595402987401	1723.7972829341888	697.0171713997664	387.2209933479286	798.6513762398237	294.10901810382353	399.8306560471953	169.60137017613064	200	100	2	0
PoissonCUSP_gamma	1	6.122	1.0057187799425231	1.9958509273783418	0.0014142024533584903	0.001906142475451196	0.0016601724644048433	1.42304642936464	14.447107954280343	7.935077191822492	1	1	0.993432031995181	880.1931018829346	135.52653708878682	34.462777224123045	432.0539579583529	177.41042794218947	13.617909229288044	3.0409212596477007	200	100	2	0
PoissonCUSP_gamma	2	6.083	1.1982457307327417	2.1721567549512297	0.0011182352649859986	0.0022396231870394404	0.0016789292260127194	4.480993889591195	19.303143245417616	11.892068567504406	1	1	0.9938166016294486	960.0348353385925	116.4511443687456	27.30589756106987	405.10201067022194	140.9246735939543	11.41314061787111	3.5515747697679143	200	100	2	0
PoissonCUSP_gamma	3	6.067	1.2729234020643319	2.242555633488341	0.0015106418197536296	0.0018893611472921797	0.0017000014835229047	1.8304261359251885	20.386933887450176	11.108680011687682	1	1	0.9938220450401025	941.0296492576599	119.28091971878398	29.472971388474843	381.36467539892186	143.02385507540868	13.142771551243756	3.1235846165829284	200	100	2	0
PoissonCUSP_gamma	4	6.01	1.098726700064806	2.057090491105166	0.0011074784974379778	0.002039434819812015	0.0015734566586249963	1.6039471562747627	16.478008244673855	9.04097770047431	1	1	0.9953518926469689	930.6012232303619	130.474996858148	43.57470445377099	400.23277272288163	165.36568965164122	11.033112902877356	3.89007443726865	200	100	2	0
PoissonCUSP_gamma	5	6.115	1.1821274462016103	2.195219464786481	0.0013974614158083882	0.00206266986667495	0.0017300656412416692	6.266345785494817	21.60371941337057	13.935032599432693	1	1	0.9925720405530845	887.6703670024872	121.40430253221363	23.210638348953992	398.5254765016373	176.66474757561025	11.975843926551358	4.855406499426825	200	100	2	0
PoissonCUSP_gamma	6	6.035	1.246846294160684	2.1155275367647235	0.001456646496809136	0.0018214165287854349	0.0016390315127972855	0.6485325743314747	15.938864080003466	8.293698327167471	1	1	0.9946241237164448	853.5204429626465	135.60371474065767	42.176449327777306	386.11486145976886	135.79037800991497	13.738158164519188	4.972501169726162	200	100	2	0
PoissonCUSP_gamma	7	6.021	1.1673040025428385	2.198810442902908	0.0013799035702453835	0.001956996869663367	0.0016684502199543752	4.126168275617575	17.231911894869697	10.679040085243635	1	1	0.9924857359832107	899.7168641090393	122.09743161636756	19.38963339959612	402.7061046021068	177.86914826724328	9.081879445954076	1.74711860356679	200	100	2	0
PoissonCUSP_gamma	8	6.148	1.2100658120067131	2.3487087431532614	0.0015988649181754794	0.001607955292617627	0.0016034101053965532	3.1753561297285886	18.963040566317524	11.069198348023056	1	1	0.9957744412732179	936.4328391551971	128.75234095185996	33.98877244884665	364.1985033309727	149.20236500589948	9.697635308974375	2.7252850524261834	200	100	2	0
PoissonCUSP_gamma	9	6.439	1.133296870204848	2.139755224371218	0.001176934169406016	0.0020249101586466605	0.0016009221640263384	0.48270284722141754	15.996150332967533	8.239426590094475	1	1	0.995856120898914	911.5216150283813	117.38872402093976	24.61906594598264	393.07407583729827	152.4046560511713	11.84371100272358	2.753677462508108	200	100	2	0
PoissonCUSP_gamma	10	6.005	1.0600728722814166	2.1930210969477066	0.0014427798747577727	0.0017623899837265066	0.0016025849292421396	1.9898700297436496	17.997623965417674	9.993746997580661	1	1	0.9948126986382061	957.8027167320251	125.85007795626771	34.79948030209632	371.08865147833046	161.51279149336096	11.969587733154343	4.678329580279867	200	100	2	0
PoissonCUSP_gamma	11	6.024	1.133913002845546	2.2730728174940067	9.973333495893778e-4	0.0017725732495938848	0.0013849532995916314	4.411800959931502	16.997027693009937	10.704414326470719	1	1	0.9963420289682624	936.8102333545685	126.99562819194391	30.219823603849626	416.0117387005378	143.39038734032397	10.912146909400933	3.2927404984428734	200	100	2	0
PoissonCUSP_gamma	12	6.011	1.2916501082844807	2.3072796238596314	0.0011810387540958363	0.0020707134176699343	0.0016258760858828853	3.2542646698215583	19.212544924045105	11.233404796933332	1	1	0.9928270400475137	927.935188293457	128.82710109709421	28.996971984345052	396.2612162342255	154.20121717193643	11.504679058422383	3.8179981067324493	200	100	2	0
PoissonCUSP_gamma	13	6.097	1.2010540567947372	2.3357122783876068	0.001158732586728121	0.002168796846341919	0.00166376471653502	4.300651111228438	20.403409836725434	12.352030473976935	1	1	0.9945409980658132	965.5357246398926	125.14350511059804	40.50412411723	374.12216022047585	145.27741507914382	8.526764790585847	2.7576185860937272	200	100	2	0
PoissonCUSP_gamma	14	6.011	1.2218324274698467	2.3314035530909045	0.0011652876555855315	0.0016123018448796244	0.001388794750232578	2.289702794088981	17.65362515000247	9.971663972045725	1	1	0.9963703841320891	959.32590675354	127.91898745229379	45.36871725832807	386.9398214185572	134.91502385655338	8.330205852951195	2.7262887040108756	200	100	2	0
PoissonCUSP_gamma	15	6.031	1.1714994252340738	2.1146776978277066	0.0015880687959423114	0.0016592965529600725	0.001623682674451192	0.9181409702455707	16.277178584615932	8.597659777430751	1	1	0.9952316623878235	906.4043033123016	135.82830008589224	42.85583747262868	397.4263700821883	134.18571454832949	11.375913894572069	2.96222828414074	200	100	2	0
PoissonCUSP_gamma	16	6.022	1.1741611341791784	2.1933021378098903	0.0014105533314886206	0.0021615212131328976	0.001786037272310759	0.5037448053944388	17.700193484948944	9.101969145171692	1	1	0.9947382228533762	908.6526324748993	123.14636647676951	38.7008361167098	415.21348219204907	139.58668553185996	10.680884727123912	4.497096521974311	200	100	2	0
PoissonCUSP_gamma	17	6.008	1.2149707073182066	2.28690133818064	0.0014440412750094192	0.0019150408100620684	0.0016795410425357437	3.529941168448996	19.357430116141085	11.44368564229504	1	1	0.9923009327074008	863.9434812068939	134.9888264619115	29.21522860357854	416.8291909162986	148.95728834594834	11.374954300918976	2.7333441370810223	200	100	2	0
PoissonCUSP_gamma	18	6.067	1.1948370391793122	2.2459204615671906	0.0011116055059536543	0.0018597985940171252	0.0014857020499853897	0.8203768750213523	17.56355306694901	9.19196497098518	1	1	0.9950514750293675	952.024466753006	120.73789927788961	33.852206699547985	396.5727768164959	162.75739603126402	10.614735638853713	2.9913206280139946	200	100	2	0
PoissonCUSP_gamma	19	6.045	1.0690385264664533	2.1760783448073897	0.0011385445328778048	0.00185534953157254	0.0014969470322251724	1.0781202622553154	16.88436860094477	8.981244431600043	1	1	0.9959889560166684	932.6671371459961	127.01485566235537	40.07773006065669	409.418898647833	124.88385804317996	12.654884902574487	3.520970931711046	200	100	2	0
PoissonCUSP_gamma	20	6.067	1.1478102032004642	2.134487425576463	0.0013559851004989278	0.002309911390926709	0.0018329482457128184	2.7162602027051985	17.370116552968398	10.043188377836799	1	1	0.993461504770255	905.2657771110535	121.91603250110504	39.435893042555605	369.0988962283676	140.2483439964306	9.313959786720279	3.1843903392430004	200	100	2	0
PoissonCUSP_gammaKC	1	6.028	1.0073043962958295	1.996324807978095	0.0013548457250686249	0.0018756992668084477	0.0016152724959385364	1.194099149686999	14.40240950749012	7.798254328588559	1	1	0.9938977696549224	904.3829808235168	136.87950373327675	35.49538308281743	429.70850403233385	170.25449642764943	11.923376247026997	3.924057379252277	200	100	2	0
PoissonCUSP_gammaKC	2	6.019	1.2047459185943046	2.172567543428439	0.001202159608801229	0.0021903089192856296	0.0016962342640434293	4.927212668316937	19.560897039312717	12.244054853814827	1	1	0.993480052371976	941.4502513408661	116.84275494729224	28.925122747551605	412.5687124459593	142.94926900020502	12.384268489798847	2.9264460861254387	200	100	2	0
PoissonCUSP_gammaKC	3	6.064	1.2772402235814273	2.242370256391768	0.004538323667782109	0.001898775130142963	0.003218549398962536	1.6319615647744676	20.421138752175267	11.026550158474867	1	0.8571428571428571	NA	924.1084268093109	230.43939855354193	292.83970372857567	337.8735375637383	179.23244886654527	12.860083350652326	10.759791289121084	200	100	2	0
PoissonCUSP_gammaKC	4	6.166	1.0962788835819348	2.0566638480056434	0.0010899246081226672	0.002092089749540675	0.001591007178831671	1.4354382230077278	16.484498020609482	8.959968121808606	1	1	0.9948261071256007	959.1653978824615	128.70885079553673	43.64031601516166	402.1907648148835	173.9776361996582	15.601495953079056	5.315026355099025	200	100	2	0
PoissonCUSP_gammaKC	5	6.021	1.1842520128766298	2.194182373301811	0.004413460812354865	0.002162234058000923	0.0032878474351778937	4.143207648440865	21.912630706166006	13.027919177303435	1	0.8571428571428571	NA	908.3452739715576	235.59546355648848	315.8563690887545	410.52237842200725	169.5217590020163	40.573782268071035	84.9323478039373	200	100	2	0
PoissonCUSP_gammaKC	6	6.014	1.250936226597319	2.115290258933367	0.0014157336978115216	0.0018579541707799839	0.0016368439342957528	1.1317791112026032	16.00607441430599	8.568926762754296	1	1	0.9946834778363777	884.8686001300812	133.90791162904333	43.99639358422142	386.9438527884397	131.72925208236322	9.818901846839976	4.1337778692338425	200	100	2	0
PoissonCUSP_gammaKC	7	6.023	1.1647648736373462	2.198755934607071	0.0013395330502545249	0.001918850752074886	0.0016291919011647055	3.9296004415815142	16.87319883094391	10.401399636262711	1	1	0.9931258200148169	924.805602312088	123.98698335372328	20.437465623111162	407.25434327488847	173.14512176778763	13.756570577953408	5.63375228638023	200	100	2	0
PoissonCUSP_gammaKC	8	6.015	1.206220847526623	2.34820597472433	0.0016021356626668682	0.0015992457518652957	0.001600690707266082	2.9428845654658233	18.99379617576902	10.968340370617423	1	1	0.9955602891435321	976.5539090633392	134.0273755848019	33.771745828546585	379.9445906887812	153.7052045413362	9.14788577212872	4.931582504635779	200	100	2	0
PoissonCUSP_gammaKC	9	6.101	1.13146180419544	2.141174887901448	0.0011751484958931336	0.0021186390040844848	0.0016468937499888093	0.7854273694757888	16.527875726349684	8.656651547912736	1	1	0.9947392599596784	926.2480146884918	117.3041161943762	25.721546018811413	398.7389033715673	158.64780847393678	10.995713812854017	4.490059366162038	200	100	2	0
PoissonCUSP_gammaKC	10	6.027	1.059859932806398	2.1919689158391527	0.0012940089807858526	0.0018106729499053303	0.0015523409653455914	1.98244636501764	17.882825741219914	9.932636053118777	1	1	0.9950267821468026	970.0115053653717	123.48402921368823	31.571743285597243	366.2137391111191	151.88827877294682	10.267502912924925	3.062975070133843	200	100	2	0
PoissonCUSP_gammaKC	11	6.038	1.12894014064573	2.271585028295135	0.004095748904631409	0.0018057343833121687	0.002950741643971789	3.2453049436296486	17.646959127631813	10.44613203563073	1	0.8571428571428571	NA	958.0766415596008	242.90322072179745	302.9173582519454	387.87578979295074	172.14335383125945	17.420448518348117	17.976632923574535	200	100	2	0
PoissonCUSP_gammaKC	12	6.029	1.2874379554790971	2.306441543750696	0.0010934067463978206	0.002070149243483997	0.0015817779949409089	3.646833961472433	18.878009360612417	11.262421661042424	1	1	0.9930648090587213	957.6579647064209	129.36180676604266	34.504488998756514	395.99196259187937	152.92578091490694	6.808766725269931	2.616574625741996	200	100	2	0
PoissonCUSP_gammaKC	13	6.015	1.19864991807714	2.334402706894051	0.0012120991798711986	0.0021594644393802412	0.00168578180962572	3.8130897011939133	20.230886916757058	12.021988308975486	1	1	0.9947348049438539	972.7747311592102	121.58831239024816	33.80096583981001	368.6955409962935	151.88438958445883	8.897652529826532	2.1422451658362016	200	100	2	0
PoissonCUSP_gammaKC	14	6.021	1.2222879684949766	2.332402835858699	0.0010793736476367444	0.001630142347251537	0.0013547579974441406	1.9188909948759691	18.177338689218708	10.048114842047339	1	1	0.9954704050944787	971.3685929775238	139.89980824848095	57.774979861696394	407.10317822784623	145.43770947413014	7.912993578810896	1.2440640344167857	200	100	2	0
PoissonCUSP_gammaKC	15	6.025	1.1682137654495859	2.115565285415562	0.0014736069926710082	0.0016482692581487666	0.0015609381254098873	1.2117098719283916	16.157876259218245	8.684793065573318	1	1	0.9949658399997015	910.0885934829712	136.27446808303623	43.88547021532753	406.7234686002573	134.50015925078924	11.036150910743206	1.552757827316045	200	100	2	0
PoissonCUSP_gammaKC	16	6.215	1.1688360535392164	2.192815409138059	0.00152718351819025	0.0021052716602958607	0.0018162275892430553	0.3838383632910472	17.85177588143001	9.11780712236053	1	1	0.9944311291344942	947.5467717647552	123.98890988616014	37.714832776121774	420.3390612247282	143.00051147278774	12.116150766891339	3.764409006530845	200	100	2	0
PoissonCUSP_gammaKC	17	6.033	1.2161070728487298	2.2874981468619944	0.0014838059257555772	0.0019846812033536797	0.0017342435645546284	3.291881692642666	19.6091140921823	11.450497892412482	1	1	0.9916790293042729	860.5304062366486	140.05047760790922	29.970783203822286	431.29659907484	159.2982817246083	10.088231643807571	3.8122675045327448	200	100	2	0
PoissonCUSP_gammaKC	18	6.065	1.1919893635311187	2.2469663410757645	0.0012032511122480388	0.0019388197030565648	0.0015710354076523018	0.4057968408172187	17.82573092214878	9.115763881482998	1	1	0.994477652828856	970.5975441932678	124.44574120923393	35.77612746218758	397.07676108503455	160.71784720599595	11.111872838082734	2.367094664632531	200	100	2	0
PoissonCUSP_gammaKC	19	6.02	1.0665750772923108	2.174798920753214	0.004234107617716733	0.001790974177426808	0.0030125408975717706	0.4271178478866924	16.297009343234794	8.362063595560743	1	0.8571428571428571	NA	942.6408996582031	245.561748293516	313.63144086697645	424.06594855115515	126.19801609132548	42.78166234677393	84.91012488805755	200	100	2	0
PoissonCUSP_gammaKC	20	6.061	1.1449078973890432	2.1349963610134552	0.001194843512067742	0.002155002438391448	0.0016749229752295951	1.769024753243841	16.823985424905388	9.296505089074614	1	1	0.994444315718648	916.6604781150818	120.22481144116092	37.56380835185303	368.18414294688347	131.25198365597367	14.369416350585611	3.1545812243395597	200	100	2	0
PoissonCUSP_invgamma	1	19	0.9965492389713115	1.9912726877611908	0.009256827986516095	0.0017414371261434015	0.005499132556329748	0.38654309340956	14.291890847925718	7.339216970667639	1	0.3157894736842105	NA	1262.258231639862	276.5899847454369	102.22111851488083	312.07357258845695	136.133378144957	277.43857818277166	415.9207577760154	200	100	2	0
PoissonCUSP_invgamma	2	19	1.2021581749915065	2.1672298730387065	0.009221213754459489	0.0021567068833560983	0.005688960318907793	0.8674104175548907	19.692122719063704	10.279766568309297	1	0.3157894736842105	NA	1393.8479442596436	259.4348784982428	103.5553233714781	296.7330618042498	131.18488145681843	242.973310205354	377.56199782919253	200	100	2	0
PoissonCUSP_invgamma	3	19	1.2618287326401723	2.2371732362714942	0.009274459143527966	0.0018506965687460075	0.005562577856136987	0.4829018186030523	20.26730198101001	10.375101899806532	1	0.3157894736842105	NA	1385.6186010837555	255.78572522593723	97.80062317989031	255.00464037988624	129.19203648858425	274.07689250300825	397.78468377008164	200	100	2	0
PoissonCUSP_invgamma	4	19	1.0966412472162728	2.0521333210681054	0.0092110626829164325	0.0020047048716297575	0.005607883777273095	0.471925081361824	16.906084434018403	8.689004757690114	1	0.3157894736842105	NA	1337.8058769702911	277.68573856188897	108.45359858569323	314.836886056443	135.63603519477687	240.47984969082768	346.8280260754993	200	100	2	0
PoissonCUSP_invgamma	5	19	1.1806674004063504	2.189912639156499	0.00925527758139361	0.001976884487894482	0.005616081034644046	1.0160531726493414	21.731671120207295	11.37386214642832	1	0.3157894736842105	NA	1318.4799554347992	259.1979874320828	101.15854375392242	299.3439550307985	138.95529542788228	160.17631987170296	280.9569811552784	200	100	2	0
PoissonCUSP_invgamma	6	19	1.2467184490753787	2.1096050138500173	0.00926910063306013	0.0018359867454938064	0.005552543689276968	0.34846372372252377	15.97080286528484	8.159633294503681	1	0.3157894736842105	NA	1209.4540181159973	279.7428755347853	104.99469015682273	316.9956099470881	112.53648541205925	239.4217566880736	353.7008243395061	200	100	2	0
PoissonCUSP_invgamma	7	19	1.1621053639119074	2.1902179399011716	0.009241700147995616	0.0019865295523322788	0.005614114850163948	0.7478899844311385	17.27473620751402	9.01131309597258	1	0.3157894736842105	NA	1296.8252608776093	257.2448101383454	95.3198424068873	281.8041416540363	137.9163101317464	228.09982669172615	372.092162866595	200	100	2	0
PoissonCUSP_invgamma	8	19	1.197510681800959	2.342600465905786	0.009268603467489332	0.0015926865326339986	0.0054306450000616655	0.6525483886167862	19.11040585923064	9.881477123923712	1	0.3157894736842105	NA	1483.1747398376465	261.04209779983097	93.22670050999771	267.5380602228328	143.2476289926365	203.42164072312087	348.9958159717972	200	100	2	0
PoissonCUSP_invgamma	9	19	1.1212398406020276	2.132017832688961	0.009236733856647467	0.002006085142138433	0.00562140949939295	0.3516082760407001	16.04170761772413	8.196657946882414	1	0.3157894736842105	NA	1260.4447140693665	259.4100798946905	101.7877518095176	273.83802817679975	146.1023658728933	228.90158374304994	374.7035491942369	200	100	2	0
PoissonCUSP_invgamma	10	19	1.0527880681341524	2.1879239579532386	0.009257258987438137	0.0017320824228922883	0.005494670705165213	0.4421061731542596	17.934602024377938	9.188354098766098	1	0.3157894736842105	NA	1445.8345291614532	253.26192903751527	95.57952223315733	263.25491092225764	138.6976028384543	253.22575132497263	392.0136397013642	200	100	2	0
PoissonCUSP_invgamma	11	19	1.134163243508833	2.2661581381732825	0.009197568393379384	0.0017619668004311782	0.005479767596905281	0.8339241123852923	17.351893098350036	9.092908605367665	1	0.3157894736842105	NA	1370.5548205375671	274.3439583819844	104.01798948658612	307.81106728783965	134.90120486814124	241.69023838339433	374.6501822215307	200	100	2	0
PoissonCUSP_invgamma	12	19	1.2824830609376499	2.3010769501646102	0.009245728373951463	0.0019766463212406173	0.005611187347596041	0.7813443677435056	19.122054185281883	9.951699276512693	1	0.3157894736842105	NA	1379.8666977882385	266.8726902221776	98.9634395818322	304.345828484151	124.14563699671557	283.86157599730006	425.9085025467228	200	100	2	0
PoissonCUSP_invgamma	13	19	1.1897237685068662	2.3274097525387423	0.009226284333364825	0.0020445249988455556	0.00563540466610519	0.7682636580099023	20.478251196445893	10.623257427227898	1	0.3157894736842105	NA	1477.5115938186646	258.10862257395115	99.90449817512675	267.4252815063891	123.85037032705698	225.70117614572393	349.8797736807384	200	100	2	0
PoissonCUSP_invgamma	14	19	1.210052863024769	2.3241857055510455	0.009244664804426926	0.0015914610509215237	0.005418062927674225	0.5913841335974698	18.177030822810877	9.384207478204173	1	0.3157894736842105	NA	1408.6497163772583	269.39418257629	101.39497025780189	248.44305514961923	137.30665354046798	288.74570659433897	423.52132673535004	200	100	2	0
PoissonCUSP_invgamma	15	19	1.1633156936347584	2.108888529069932	0.009296055951443982	0.0016600486631204747	0.005478052307282228	0.3227661311508244	16.436058270157016	8.37941220065392	1	0.3157894736842105	NA	1311.7330186367035	264.8719469346398	94.79505137521159	275.14688263759115	121.62815695737338	255.3126827084848	378.84306671990794	200	100	2	0
PoissonCUSP_invgamma	16	19	1.1652522145083692	2.186234150355863	0.009282044418549963	0.002096517397357686	0.005689280907953825	0.31725078257531064	18.0775282038185	9.197389493196905	1	0.3157894736842105	NA	1292.1427974700928	249.3394260503579	91.56379247196742	288.6481746239219	133.5841767123186	252.40220080060655	372.6100157011051	200	100	2	0
PoissonCUSP_invgamma	17	19	1.2202945129001614	2.2815681601971867	0.009268841394562266	0.002042910329044123	0.005655875861803194	0.6701332918212997	20.01292970263205	10.341531497226676	1	0.3157894736842105	NA	1212.8752636909485	279.46191700174694	100.78380301689644	339.05359852774535	127.55536949508085	269.8943448702	408.7649950962673	200	100	2	0
PoissonCUSP_invgamma	18	19	1.186473033552348	2.2404907662154607	0.009224266470823765	0.0018792171182365537	0.005551741794530159	0.3452173401125716	17.93621117969245	9.140714259902511	1	0.3157894736842105	NA	1412.7383222579956	249.4985014754154	90.74520791005787	259.01299537182433	149.99990311655264	256.3747952256059	394.1929569657556	200	100	2	0
PoissonCUSP_invgamma	19	19	1.0545250903929813	2.168085661066397	0.00921593004294702	0.0018632093106688175	0.005539569676807919	0.25030104414447557	16.84819765939409	8.549249351769282	1	0.3157894736842105	NA	1342.8997871875763	272.0311604945805	104.71623486297915	304.0632954871127	125.09354879490975	235.66906961318682	371.4866388759404	200	100	2	0
PoissonCUSP_invgamma	20	19	1.143179650582905	2.1277601037637366	0.00925671950220268	0.002084370794402822	0.005670545148302751	0.5231542996535163	16.95029716706233	8.736725733357924	1	0.3157894736842105	NA	1237.2256586551666	281.79627715828383	115.76046991410355	279.9343784376474	128.9979625614599	260.35359806391426	380.71435359470803	200	100	2	0
PoissonCUSP_invgammaKC	1	6.299	0.9971092415033728	1.9916727089448432	0.0013471467651435098	0.001926802830711205	0.0016369747979273572	1.1410904428033448	14.470446777965643	7.805768610384494	1	1	0.9932518067132108	415.2147569656372	88.43601910292342	47.850168322944974	246.01641541882077	280.88675365038256	905.6215805060546	148.6056832822262	200	100	2	0
PoissonCUSP_invgammaKC	2	8.528	1.2029983907533712	2.1670533383493042	0.004264779923076618	0.002149311817207237	0.0032070458701419276	3.45952951916352	19.326651320694047	11.393090419928784	1	0.8571428571428571	NA	511.68265652656555	97.48394275755086	91.07675873034832	108.52342020259694	211.3626452822506	645.5977776651745	328.2540583137397	200	100	2	0
PoissonCUSP_invgammaKC	3	9.427	1.2649714954072708	2.237446964247408	0.006919488334808744	0.0017694167006797154	0.00434445251774423	1.0894954325726738	20.01304034012767	10.551267886350171	1	0.6666666666666666	NA	526.2151520252228	106.74649286133304	123.20043656038429	89.11434368640066	108.52991339652982	479.3311428085659	466.49771273163003	200	100	2	0
PoissonCUSP_invgammaKC	4	6.289	1.0961739007116817	2.0530486262590713	0.001122193225341561	0.002039496028815362	0.0015808446270784615	1.772507656858478	16.367111950863436	9.069809803860958	1	1	0.9955014902274868	431.1875009536743	51.765684942778165	46.65587822771694	26.160138326698082	7.820088770682881	834.9003035457071	94.85044135900446	200	100	2	0
PoissonCUSP_invgammaKC	5	6.557	1.185051847271171	2.188863161374973	0.0013639077432669405	0.0020965439853397796	0.00173022586430336	6.19848334202913	21.56335277516373	13.880918058596428	1	1	0.9923824931006846	468.3869285583496	66.23766720818415	36.68977119727811	143.85963682075254	238.88711920855908	685.1274690539407	463.0205826598211	200	100	2	0
PoissonCUSP_invgammaKC	6	7.85	1.249656114005972	2.1099606070327575	0.004464566876725488	0.001828707644997736	0.0031466372608616117	0.6122004112670665	15.855862795070017	8.234031603168543	1	0.8571428571428571	NA	452.7789144515991	108.25770454591274	102.39469524612284	75.9132188764425	87.41781099383904	706.5472625124015	332.5451138442132	200	100	2	0
PoissonCUSP_invgammaKC	7	9.571	1.1598795455889104	2.1896216486732722	0.0068661656915945234	0.0018550155332376552	0.004360590612416089	1.5899065253187192	16.58732648631427	9.088616505816496	1	0.6666666666666666	NA	478.8807861804962	114.42761446914659	107.8960737803157	101.21672175152091	171.40520679146684	433.4784519007727	395.3728401081371	200	100	2	0
PoissonCUSP_invgammaKC	8	8.805	1.1993908953849763	2.344660178248616	0.005995729108269364	0.0015832163841160444	0.0037894727461927043	1.5192843881316793	18.63875586095764	10.07902012454466	1	0.75	NA	540.795820236206	137.16719064440937	117.56939734691106	138.52054371279579	170.88696864381407	542.7595615211462	385.5526596489929	200	100	2	0
PoissonCUSP_invgammaKC	9	7.031	1.1262272567709988	2.138493785528879	0.001210492098698951	0.002069859599971523	0.001640175849335237	0.9625177552720466	29.650846473382526	15.306682114327286	1	1	0.9941429872092302	468.28921842575073	74.84977125648045	40.424900230097194	189.67607249860978	234.68214974636604	443.8798007278138	359.2223900452646	200	100	2	0
PoissonCUSP_invgammaKC	10	6.072	1.0498842699332214	2.1863689764207708	0.0014454062404223177	0.0017660978456301509	0.0016057520430262343	2.2419839308715304	17.92979901440675	10.08589147263914	1	1	0.9951898639252983	482.7847855091095	97.24570308265626	45.03281340856481	244.36542722658396	198.12535403107785	555.1587737720818	290.32301240104147	200	100	2	0
PoissonCUSP_invgammaKC	11	6.147	1.133037410851774	2.2669247289728096	9.701764764898316e-4	0.0016806051116401701	0.001325390794065001	4.838031092477067	16.94806820578379	10.893049649130429	1	1	0.9959915962258024	444.1890392303467	71.32496843203884	63.563327504628184	118.8688277819291	192.64174587191647	833.457846309702	211.07334061852495	200	100	2	0
PoissonCUSP_invgammaKC	12	9.408	1.283520722138365	2.2999615063266905	0.006706008273028411	0.001989263989400822	0.004347636131214617	1.4587518079156452	18.672968587493486	10.065860197704566	1	0.6666666666666666	NA	529.1509447097778	108.30898376805233	131.83275435808568	54.75779368017122	96.38038425429806	485.98079809978157	432.5221697334155	200	100	2	0
PoissonCUSP_invgammaKC	13	8.266	1.1918743868587887	2.3291256570020518	0.005817708988023286	0.0021275268137960013	0.003972617900909643	2.5609710418775524	20.615482525767476	11.588226783822513	1	0.75	NA	549.4904489517212	125.87411513070091	101.10368499993888	178.15926383468047	218.46938971521456	579.2897222689691	476.5748472404029	200	100	2	0
PoissonCUSP_invgammaKC	14	7.619	1.2109864192466955	2.3258911584412085	0.004388360190557493	0.0016243064979302993	0.0030063333442438963	2.015714291064837	18.039447171957836	10.027580731511335	1	0.8571428571428571	NA	529.2887544631958	161.67779284053702	82.49606923888406	304.6989379779818	203.747911398947	774.6698483489048	385.4457116284967	200	100	2	0
PoissonCUSP_invgammaKC	15	6.999	1.1557525125249213	2.1115512316421214	0.0060183992438691625	0.001706749893051187	0.003862574568460175	0.45314002160087363	16.32984873285709	8.391494377228982	1	0.75	NA	446.6714632511139	261.5525129335597	291.9893466936376	399.7330794489846	150.41779106185626	531.7277650364731	414.507363589798	200	100	2	0
PoissonCUSP_invgammaKC	16	6.899	1.1816786581554208	2.2032783907789257	0.0014249829125579975	0.00704923645617346	0.004237109684365728	2.960035863515529	39.077306698774805	21.018671281145167	1	1	0.9934597834382923	506.82109904289246	82.50133024241016	31.099651852627947	76.50019593294563	107.64453121792482	224.0412598015406	300.92911140584187	200	100	2	0
PoissonCUSP_invgammaKC	17	8.807	1.2134656130413588	2.2820921190106693	0.007003046565177533	0.0019294601133854703	0.004466253339281502	1.2521190243022688	19.82048980667231	10.536304415487288	1	0.6666666666666666	NA	438.33241152763367	170.4704536828167	107.30543918290896	168.65535919112835	146.22370883911316	570.1640473972835	471.67868389242625	200	100	2	0
PoissonCUSP_invgammaKC	18	7.271	1.186319797856561	2.2407908899736118	0.004286661099544584	0.001887584485499281	0.0030871227925219325	0.6575770417061947	17.615736498118927	9.13665676991256	1	0.8571428571428571	NA	521.3290150165558	92.83074712970388	90.79336492629939	165.26446634069285	210.77126365413156	600.0380373070988	364.8753480471177	200	100	2	0
PoissonCUSP_invgammaKC	19	6.627	1.0577105523181614	2.16904663798061	0.001166704264851492	0.0019183669497746041	0.0015425356073130482	1.1215395607007819	17.18512751477051	9.153333537735646	1	1	0.9951269535587641	456.985417842865	80.98138167997661	75.26912563422192	161.32239973440574	228.7842169483195	748.2646683096874	229.609075716137	200	100	2	0
PoissonCUSP_invgammaKC	20	6	1.1492898483955012	2.1296992365669656	0.004392797812086823	0.0021095825742089382	0.0032511901931478807	1.7705780157545157	16.91814198033679	9.344359998045654	1	0.8571428571428571	NA	371.6127152442932	238.32960491229318	312.1777516541797	348.1644810286589	136.3546079055912	594.9842704318448	403.81312336752296	200	100	2	0
PoissonMGP	1	7	0.9989867208899236	1.9889120288977595	0.004633657540319651	0.001819890954079257	0.003226774247199454	1.7974923199519117	14.457262049627625	8.127377184789768	1	0.8571428571428571	NA	1088.6009242534637	123.57502409916752	38.207398538773575	390.95118511484867	192.72514842317943	26.56586712134585	12.667106699149999	200	100	2	0
PoissonMGP	2	7	1.2044910523475856	2.164709008571257	0.004990417224297286	0.0021922130315704773	0.0035913151279338817	4.075722698710828	19.75528560188132	11.915504150296073	1	0.8571428571428571	NA	1147.2046043872833	105.27156728608938	33.92773819713713	363.20574134844054	173.33989563760568	28.907452038080894	11.84689256759911	200	100	2	0
PoissonMGP	3	7	1.2600665386717154	2.233857108777898	0.00490823341826587	0.0018562088910263899	0.00338222115464613	2.5491716602983674	20.584415887716617	11.566793774007492	1	0.8571428571428571	NA	1202.502137184143	106.92510064480031	35.485762120410165	333.8577870882915	153.46030380359	29.707011938154693	10.636618944773845	200	100	2	0
PoissonMGP	4	7	1.0988705024338663	2.050528070990479	0.004777523192052358	0.0020538105434391857	0.003415666867745772	2.347164756203713	16.880605866183615	9.613885311193664	1	0.8571428571428571	NA	1170.5833778381348	117.0964867572636	47.788847921784544	359.98414632875586	185.2628379725629	30.433596883388745	10.797104730429085	200	100	2	0
PoissonMGP	5	7	1.1849468562582046	2.188158187579447	0.004894422836393364	0.0020519360383127287	0.0034731794373530464	5.1237588515609325	22.136761783190945	13.630260317375939	1	0.8571428571428571	NA	1138.9236679077148	106.6396164287472	25.11632458842064	363.2660140628987	190.46141330013256	30.34107176577952	11.546088646903938	200	100	2	0
PoissonMGP	6	8	1.2497590245216739	2.1066279955267717	0.00660543156835282	0.001820030448978626	0.004212731008665723	2.154006083619462	16.163333663010015	9.158669873314738	1	0.75	NA	1108.363403081894	113.39479140481893	46.3679440996099	322.7455860453963	164.4805324032122	32.75736478885142	15.908857898996288	200	100	2	0
PoissonMGP	7	7	1.1620696782305429	2.187613177767469	0.0046665615033485595	0.0020248847176903605	0.00334572311051946	3.5455347866819698	17.498966951030628	10.522250868856299	1	0.8571428571428571	NA	1129.3359544277191	111.90827018919029	26.13537949778556	367.5664735007939	189.02099811763756	27.03203544057936	12.452529864073401	200	100	2	0
PoissonMGP	8	7	1.193077575876355	2.3418526457226214	0.004885200534282481	0.0017222198229814563	0.0033037101786319687	2.5721913849412146	20.29941595237791	11.435803668659561	1	0.8571428571428571	NA	1205.9632441997528	118.38235697661513	43.02667914114519	345.1189130087627	174.38334260027983	34.52070065699912	16.09994080629081	200	100	2	0
PoissonMGP	9	7	1.1202484135708257	2.132754712018961	0.004714731131503362	0.0019579522820482474	0.0033363417067758046	1.540307462964631	16.012430808358275	8.776369135661453	1	0.8571428571428571	NA	1167.2279903888702	105.88294233449257	32.36966331063957	354.38742190155415	165.95172141624096	25.796763556988036	7.656688518095982	200	100	2	0
PoissonMGP	10	7	1.0547824244096615	2.186635098464974	0.004926342837591874	0.0017657911819805232	0.003346067009786198	1.7863056515526272	18.509336785132582	10.147821218342605	1	0.8571428571428571	NA	1225.3032069206238	113.17957121533186	38.14495360908588	332.9119712239729	165.74778030208364	26.84645010196588	10.011566682608526	200	100	2	0
PoissonMGP	11	8	1.1338342912767647	2.264042882715898	0.006493194132402369	0.0017497811492316352	0.004121487640817002	3.731648423550671	17.61982067717931	10.67573455036499	1	0.75	NA	1196.0753633975983	104.07252302774947	40.63930085077553	337.4718395907278	187.06217572068024	27.333552869420203	13.091110662512694	200	100	2	0
PoissonMGP	12	7	1.2783498765148702	2.299680393189001	0.004520200199684929	0.0020253959024577484	0.0032727980510713385	3.2220313616411094	19.165932506390988	11.193981934016048	1	0.8571428571428571	NA	1206.453570842743	115.91482027476604	34.86729587797823	361.1038843600729	165.1918018184587	27.419442770354465	15.166152969397412	200	100	2	0
PoissonMGP	13	7	1.190644769656649	2.328830437890756	0.004626203638934457	0.0020995735068647923	0.003362888572899625	3.42962225310026	20.368009729997702	11.89881599154898	1	0.8571428571428571	NA	1229.8543734550476	111.27186385813087	43.392441267084216	334.59188829097565	166.98266607398674	27.991610643322048	11.345718495372498	200	100	2	0
PoissonMGP	14	7	1.2115890532146132	2.324752413641567	0.004676214694568364	0.0016148530610932	0.0031455338778307823	2.426067875415492	18.146179407269646	10.286123641342568	1	0.8571428571428571	NA	1185.3182191848755	120.98670583682181	52.12008336149372	360.74051098684123	166.46718366694597	26.04911314722757	9.558686195784171	200	100	2	0
PoissonMGP	15	7	1.163394438186199	2.109679843799773	0.00492114976405925	0.0017200748740278191	0.0033206123190435348	1.3234851489608344	16.47528453948545	8.899384844223142	1	0.8571428571428571	NA	1163.3450016975403	125.86401513234763	46.38966397308666	362.1711926378879	145.46604531839236	30.33164725983451	8.337797906544148	200	100	2	0
PoissonMGP	16	7	1.1699858645983112	2.1840469558651048	0.0049528613637679466	0.0020211778105103284	0.0034870195871391377	1.4572648715462948	17.833718020491805	9.645491446019049	1	0.8571428571428571	NA	1184.091080904007	109.5821997592605	41.27134585972775	369.53776105284254	174.46240077920444	25.319552999658235	12.11008823356707	200	100	2	0
PoissonMGP	17	7	1.217159281447014	2.280334802767955	0.005064902106311424	0.0020118035748041886	0.0035383528405578063	2.5200467189597737	20.647420458222516	11.583733588591144	1	0.8571428571428571	NA	1089.957689523697	126.6225117428784	35.22898216527207	407.1929585629304	183.98244161248877	21.526989347859306	8.315903269721069	200	100	2	0
PoissonMGP	18	7	1.184279657395308	2.2378579699475614	0.0046802329485670004	0.001846824874732853	0.0032635289116499265	1.5142278349985216	17.973421257686898	9.74382454634271	1	0.8571428571428571	NA	1231.960891008377	112.2315030654815	39.923291757187485	353.69794051913846	175.67387035324904	26.161358584952453	10.171253079498745	200	100	2	0
PoissonMGP	19	7	1.0582482642809177	2.1667374530864105	0.005569353082023923	0.0018144582726155342	0.0036919056773197286	1.3952744309538745	17.076551484907906	9.235912957930891	1	0.8571428571428571	NA	1208.390304327011	116.7483324403805	44.83859626450639	374.79306721115944	159.07663704675335	30.386198504319616	15.717734046154975	200	100	2	0
PoissonMGP	20	7	1.1465477718332222	2.1278668684797926	0.004656472576912083	0.002259944397129893	0.003458208487020988	2.3039426981433	17.907080151967016	10.105511425055157	1	0.8571428571428571	NA	1150.0038504600525	114.3813401035869	37.828123286186326	350.96004975519486	146.95198683609348	30.57664469676608	13.405420936032943	200	100	2	0
CompressiveNMF	1	6	3.063333301076225	4.127385744141321	0.00472921048020881	0.004978121706523437	0.004853666093366123	4.301785844045746	33.46133532458195	18.88156058431385	1	1	0.981086540422468	319.5517029762268	746.1058284464098	379.83449911087706	752.1672930806908	306.6440797564369	411.9818369734717	205.54868975499315	50	100	2	0.15
CompressiveNMF	2	7	5.479740763992665	4.310769822507789	0.01879639596631441	0.012362938950779032	0.015579667458546722	19.566568106528766	44.6121104731239	32.089339289826334	0.8333333333333334	0.7142857142857143	NA	330.34667229652405	690.6045001174734	404.22788839319105	705.9710059336777	351.1478773141714	346.0351707237257	141.68212256246608	50	100	2	0.15
CompressiveNMF	3	6	5.586994129574408	5.672683553200939	0.004092010898333151	0.00518495037805028	0.004638480638191715	6.1956756863527485	51.02557332103221	28.61062450369248	1	1	0.9791193367187598	325.48795342445374	738.7365340787791	386.8673309777953	758.3422846118257	315.2622866868828	462.5385721717177	215.37956241138346	50	100	2	0.15
CompressiveNMF	4	7	4.666272720368254	4.4743136656014775	0.024000797248243	0.009619908666282158	0.01681035295726258	15.148424596076453	40.05908532306335	27.6037549595699	1	0.8571428571428571	NA	335.79085993766785	684.0765330935286	411.36598784662215	690.1160812216501	359.6186307327059	341.4986692501633	122.51520711391204	50	100	2	0.15
CompressiveNMF	5	7	4.190954734152621	4.495523866604301	0.020066406105941202	0.00872412575659494	0.01439526593126807	12.476258592980434	36.371547321912296	24.423902957446366	1	0.8571428571428571	NA	338.66203784942627	698.613496597858	407.37905018607125	688.8359737565013	361.94233430879376	386.0640858972515	196.85295802896104	50	100	2	0.15
CompressiveNMF	6	7	4.9710927463811885	3.5046192161729137	0.028639859701137714	0.009390098376917379	0.019014979039027546	17.926281266822564	44.15589385803432	31.04108756242844	1	0.8571428571428571	NA	297.9817156791687	701.7565465793125	397.01450511358104	693.7357284589772	364.4796452027672	321.78550524775244	149.42993942356412	50	100	2	0.15
CompressiveNMF	7	6	3.91329753589726	6.8926352954352845	0.0035258827266717095	0.004311749243249372	0.003918815984960541	4.702847487870092	43.22006671282022	23.961457100345157	1	1	0.9819677265833912	355.27840852737427	745.131040570006	382.9208406587948	760.3901185292566	299.80534091870885	432.79159124451115	253.8967613937112	50	100	2	0.15
CompressiveNMF	8	6	4.085703008962835	5.22637107207779	0.0033611422503262212	0.007997000947864671	0.005679071599095446	6.130726366108453	34.794696263779336	20.462711314943896	1	1	0.9812975451709729	299.5300934314728	749.2173216256845	371.61444128082223	756.0576550888901	297.1195475343173	458.9759106048293	254.15677616108567	50	100	2	0.15
CompressiveNMF	9	8	6.372687878516017	4.651282789867094	0.028112802027306986	0.012686689351506337	0.02039974568940666	18.44736518013089	52.49642476763313	35.47189497388201	0.8333333333333334	0.625	NA	352.1242325305939	656.5270947331874	410.49372979828286	652.9849882664915	363.48935090904035	416.36881898314516	238.49280842736448	50	100	2	0.15
CompressiveNMF	10	7	4.43063844203688	4.256925138753743	0.019769241095760743	0.006916984248830748	0.013343112672295746	13.39021805250648	47.73886774766376	30.564542900085122	1	0.8571428571428571	NA	359.9253981113434	702.7820169964152	395.64553945331096	701.6959252441803	357.5787560416887	400.20124946051357	256.14201564341073	50	100	2	0.15
CompressiveNMF	11	7	6.058968610328386	4.576900816377906	0.029675598865818848	0.009950963110630517	0.019813280988224682	22.58051352840939	45.788540849105686	34.18452718875754	1	0.8571428571428571	NA	356.54332852363586	699.7362361978346	398.58247248909544	702.6320509433995	342.282687071373	385.6049407755166	223.16435507076167	50	100	2	0.15
CompressiveNMF	12	6	5.258981476607609	5.92144192635217	0.004223450427868617	0.005764230432757847	0.004993840430313232	2.1414460473507106	48.959651154227245	25.55054860078898	1	1	0.9821536038526837	362.2203085422516	738.3707297580673	387.04295572234327	750.3140154163735	314.8833135760806	391.5794729927664	170.2816600977595	50	100	2	0.15
CompressiveNMF	13	7	5.672401274722381	4.460791868103751	0.024712353536997987	0.007603356187653606	0.016157854862325797	20.583142913505075	49.40105104083782	34.99209697717145	1	0.8571428571428571	NA	314.56742310523987	699.8157907276535	403.25709430272616	691.046783255404	366.07193787987546	340.63119279038955	191.63094946290516	50	100	2	0.15
CompressiveNMF	14	7	6.236199203438611	4.565184080271451	0.0253462508567575	0.007724222264732183	0.01653523656074484	17.02960782931988	53.61174351216686	35.32067567074337	0.8333333333333334	0.7142857142857143	NA	307.10339975357056	701.8677380670584	401.7759594999479	695.4240182529028	356.7858659410845	348.73089576151926	167.9088412548438	50	100	2	0.15
CompressiveNMF	15	6	5.042684307040225	4.390022852074	0.0033065902304280836	0.005801365512315823	0.004553977871371953	1.6797724337732778	46.064555543482925	23.872163988628103	1	1	0.9810893343861593	296.2232027053833	750.6314282308532	375.99703178391053	755.1033817399392	302.54646111800855	423.44666622476024	188.9287630076088	50	100	2	0.15
CompressiveNMF	16	6	3.796429188332411	4.3047359184682215	0.003411845188924466	0.006369806258643528	0.004890825723783997	3.617001489061784	41.18299187688959	22.399996682975686	1	1	0.9873382618025603	368.96080589294434	737.1047697893096	395.92328031143796	746.4793107672873	330.3213717661478	415.51083418423616	162.43502096796416	50	100	2	0.15
CompressiveNMF	17	6	4.258976866281411	4.883087913166819	0.003761662196491268	0.0058517172217763475	0.0048066897091338075	8.751157060719533	37.83769245341993	23.294424757069734	1	1	0.9850697559688497	323.42392206192017	751.068406829768	369.53591822703163	740.5818942152551	329.1388838590563	414.8322441491135	171.38354699813047	50	100	2	0.15
CompressiveNMF	18	7	4.407207957030785	3.938594480322178	0.028479517769765705	0.00885392318445584	0.018666720477110772	8.941417393376975	37.47068088516843	23.2060491392727	1	0.8571428571428571	NA	323.3100473880768	708.9503325586787	390.00560898770067	704.9993984237173	337.162207314018	380.35918468177863	185.6378218697146	50	100	2	0.15
CompressiveNMF	19	7	4.789265168174756	4.803554308522528	0.016378170587846044	0.007242037467747631	0.011810104027796838	15.288606514249487	47.036988449724866	31.162797481987177	1	0.8571428571428571	NA	360.462598323822	708.9880080044715	393.28950224292464	691.1574912737346	353.7376164531157	414.92247892728597	225.26772560101276	50	100	2	0.15
CompressiveNMF	20	6	5.05642014723123	5.084472405382331	0.003661190288791204	0.00612217036963546	0.004891680329213332	0.5466949379890247	45.404553317229755	22.97562412760939	1	1	0.9846725328776479	350.80437707901	746.8278140424678	378.8274049577148	736.0490730191149	328.65353792524894	402.2269528761666	146.93572667461805	50	100	2	0.15
PoissonCUSP_gamma	1	9.051	3.685118409349325	3.3831224155971706	0.018458323837751988	0.005681068922977749	0.01206969638036487	13.593979029024451	43.735213109009116	28.664596069016785	0.8333333333333334	0.5555555555555556	NA	242.40450930595398	153.64167836864385	34.273964276610585	230.30808709748837	136.7134399449854	22.655456637862226	3.8815996788779583	50	100	2	0.15
PoissonCUSP_gamma	2	8.153	5.68966282374916	4.080277566270344	0.02153560019938362	0.012114031653195413	0.016824815926289517	18.437460098634137	48.31357363549138	33.37551686706276	0.8333333333333334	0.625	NA	248.49774503707886	148.9382745266937	26.71866826157667	234.29223418002383	108.6360006081139	18.084757335171716	3.7268907757444802	50	100	2	0.15
PoissonCUSP_gamma	3	11.089	6.567773083594887	4.219832562577255	0.031282142620417126	0.01037561957130633	0.02082888109586173	17.278092593651767	71.96706574820551	44.62257917092864	0.8333333333333334	0.45454545454545453	NA	264.4134428501129	143.4423148304458	27.100579366905635	185.35253950732178	81.79370577291294	17.36212774418672	6.060407857508592	50	100	2	0.15
PoissonCUSP_gamma	4	10.056	5.265874188291004	3.848918170533148	0.028138901695092148	0.012902450217316577	0.02052067595620436	22.8500213687981	54.52724940729989	38.68863538804899	0.8333333333333334	0.5	NA	278.0948917865753	112.58664577422032	29.63364960447005	159.4009177122849	65.75431234675847	13.471868123031538	5.9032138770661335	50	100	2	0.15
PoissonCUSP_gamma	5	10.096	5.022455892707853	3.49822940762879	0.028235320618099285	0.009521665431859214	0.01887849302497925	20.397957989908583	45.79168253404572	33.09482026197715	1	0.6	NA	264.76326084136963	135.71223624065394	27.330797992128534	152.16458816072728	56.345699364944316	17.063051472561735	5.870098042037572	50	100	2	0.15
PoissonCUSP_gamma	6	7.086	5.164039041407437	3.4217674967561273	0.02384129441351124	0.008020021969599913	0.015930658191555577	16.39050110926441	47.53128013693243	31.960890623098422	1	0.8571428571428571	NA	227.2862148284912	173.25402745763407	40.96234228451699	246.1559183917876	60.376634004985895	19.273691484060727	3.7414057842322452	50	100	2	0.15
PoissonCUSP_gamma	7	10.13	6.010091462223862	3.8224879848604045	0.0352832914319222	0.010352741785159967	0.022818016608541082	27.214500197556905	63.871218788849816	45.54285949320336	1	0.6	NA	274.258585691452	152.04580271041254	36.13628523698034	156.70657868901668	68.35193495276918	15.350493214335682	6.38171547582337	50	100	2	0.15
PoissonCUSP_gamma	8	8.059	5.489601135989238	3.447869499646056	0.030760937610884876	0.010045223812830115	0.020403080711857494	18.315564707108123	43.297491030896964	30.806527869002544	1	0.75	NA	239.7895324230194	186.84294373306474	33.7732180204762	235.04098061804382	49.40941902120508	19.39584878504432	4.69943442201265	50	100	2	0.15
PoissonCUSP_gamma	9	10.054	7.010253116381979	3.6030952786857537	0.03877822065336148	0.01526792679723215	0.027023073725296814	23.19453345441695	61.44612583747536	42.32032964594615	0.8333333333333334	0.5	NA	292.2713098526001	156.24319617372026	33.92113454109367	175.34192176604003	62.33016988804112	19.111446467160807	6.187924029840021	50	100	2	0.15
PoissonCUSP_gamma	10	9.558	4.88149472922083	3.7288159233783773	0.02282350324710862	0.009662072321675416	0.016242787784392018	22.998617484712703	67.23619734697027	45.117407415841484	0.8333333333333334	0.5555555555555556	NA	292.1110441684723	51.3304809711308	26.139748777714725	26.668247731810823	11.92987323508954	19.54184600392948	6.310329691476716	50	100	2	0.15
PoissonCUSP_gamma	11	11.011	6.41167864106731	3.938787500743568	0.03126652222953588	0.01077183555815665	0.021019178893846267	20.847080180610995	54.83602557438056	37.84155287749577	0.8333333333333334	0.45454545454545453	NA	290.46202325820923	148.4270626752893	44.70738589586091	192.21799984318133	90.28308807614972	21.933877070851604	5.824457172120313	50	100	2	0.15
PoissonCUSP_gamma	12	11.085	6.315754100164522	4.165476565349537	0.03292321949644977	0.012004614024081558	0.022463916760265663	19.802763403490854	72.87991676107768	46.34134008228427	1	0.5454545454545454	NA	292.993953704834	137.82258571885802	34.637615785109205	160.91871762735815	69.54541241335195	21.988862826384093	6.519949302349347	50	100	2	0.15
PoissonCUSP_gamma	13	9.097	5.724352231105482	4.320602292423228	0.020475681239561318	0.010449040862342893	0.015462361050952105	20.288825829979558	61.2853170479066	40.78707143894308	0.8333333333333334	0.5555555555555556	NA	255.0534770488739	139.2232420594659	39.48836557638083	189.95899972145924	120.43904191458783	20.496355910072428	8.75499575909863	50	100	2	0.15
PoissonCUSP_gamma	14	10.099	6.840665280723366	3.7535273786915844	0.03127071872336789	0.00957366627168563	0.02042219249752676	23.92880516083833	62.38724438305666	43.158024771947495	0.8333333333333334	0.5	NA	248.66752648353577	153.656245306732	41.796471923810955	167.49838202986356	68.49229373094927	22.992721749200168	7.356994323874857	50	100	2	0.15
PoissonCUSP_gamma	15	8.053	5.332454606630498	3.722487538205925	0.027692925769116857	0.0064896517012594905	0.017091288735188174	13.148463325387034	52.22671230634896	32.687587815868	1	0.75	NA	250.41520476341248	175.6177954793361	56.57196177057111	226.06640288738524	109.01451797625614	20.847417167362487	7.375332917282767	50	100	2	0.15
PoissonCUSP_gamma	16	11.032	4.246417376703083	3.576239262473815	0.020586290048031017	0.008156951533719236	0.014371620790875127	17.84686564873415	57.602803824118126	37.72483473642614	0.8333333333333334	0.45454545454545453	NA	289.4345932006836	117.06766033634861	23.914023349490137	167.71953357770892	82.94420446805599	20.74935973272172	5.994111060713285	50	100	2	0.15
PoissonCUSP_gamma	17	10.049	5.3037313658258265	3.4711953314424195	0.03308437072978391	0.010391227871047617	0.021737799300415764	29.010623275785893	41.508342229370434	35.259482752578165	0.8333333333333334	0.5	NA	264.7249653339386	171.62537583858338	32.23941049546957	162.91626123514322	57.421090724719114	18.746379129486527	5.231709574465961	50	100	2	0.15
PoissonCUSP_gamma	18	8.042	4.62375648325701	3.7566296053096404	0.026152823434073616	0.009540151370035716	0.017846487402054665	14.18078532697802	46.235132700842186	30.207959013910102	1	0.75	NA	248.89712738990784	163.9786499158343	53.76298945270956	221.48752264921336	89.46780343928653	22.40446154648193	6.5580765279013375	50	100	2	0.15
PoissonCUSP_gamma	19	11.326	5.31129849047693	4.1210078984677105	0.02646392216704072	0.009479913135017946	0.01797191765102933	20.461057881866257	58.17786474981392	39.31946131584009	1	0.5454545454545454	NA	279.85537600517273	81.91224381423261	47.1107427218808	77.10633105296564	69.88723980107629	20.295220855095835	7.766917186212444	50	100	2	0.15
PoissonCUSP_gamma	20	9.211	5.6506298079647745	4.164267115561869	0.03095090730442228	0.011085690403141292	0.021018298853781786	16.25982488876235	55.61296689538332	35.93639589207284	1	0.6666666666666666	NA	287.92500472068787	159.86951692939493	26.470641810468205	174.12733221719674	58.2881589333632	18.09814843650733	6.558963590271307	50	100	2	0.15
PoissonCUSP_gammaKC	1	9.145	3.659907720913852	3.3792469209982667	0.01841605837918306	0.005764086363364566	0.012090072371273812	13.641410981754493	44.5959911223168	29.118701052035647	0.8333333333333334	0.5555555555555556	NA	253.00978755950928	149.6954006255463	37.563871288772425	216.93224590254854	130.93413847283236	22.839884055067934	8.142024260634233	50	100	2	0.15
PoissonCUSP_gammaKC	2	9.079	5.7350134050845725	3.8592338556405483	0.02819052454049042	0.011083657971716156	0.019637091256103287	16.36478056935475	46.88878376643105	31.626782167892898	0.8333333333333334	0.5555555555555556	NA	255.7649576663971	150.7112614546788	27.71407871540422	221.93520880845443	105.95284399435792	20.331153597168363	4.258508866880857	50	100	2	0.15
PoissonCUSP_gammaKC	3	10.021	6.388002528296448	4.58870734222378	0.027743871556758875	0.007837244664546616	0.017790558110652745	16.26190930019011	68.86512201486032	42.563515657525215	0.8333333333333334	0.5	NA	260.41078066825867	140.88329370553737	25.365869291688913	207.6815029244411	104.87875105563208	20.199848347944812	8.275920693944173	50	100	2	0.15
PoissonCUSP_gammaKC	4	10.046	5.242409724294877	3.8705961325946223	0.027186956404944437	0.012553912896659651	0.019870434650802044	21.85559854685001	55.63964739297297	38.74762296991149	0.8333333333333334	0.5	NA	293.1394884586334	111.83836887789701	30.675547801914288	167.22106087721423	69.233702312344235	18.180283897456817	9.971847800010945	50	100	2	0.15
PoissonCUSP_gammaKC	5	9.051	4.887068353672086	3.6798289471953423	0.026560413417043335	0.008955302492899168	0.01775785795497125	19.883859773154928	42.14612504644193	31.01499240979843	1	0.6666666666666666	NA	275.5199694633484	144.01791744078173	26.632279039536332	154.43248463716887	44.104331872475925	20.021292250858803	5.646061628659382	50	100	2	0.15
PoissonCUSP_gammaKC	6	6.095	4.4155065579448936	4.394942437365514	0.004406242700798826	0.006223579300777081	0.005314911000787953	10.006470015384668	43.77690856675267	26.891689291068666	1	1	0.98018148009418	219.39183616638184	173.82403517111666	41.66607433664275	286.1006783974424	102.7790430714391	17.080290030068404	4.781148021514192	50	100	2	0.15
PoissonCUSP_gammaKC	7	10.026	5.84131316754663	3.9032250489018296	0.03584936285726564	0.009762866755750674	0.022806114806508158	24.103859419872464	52.19563101200777	38.149745215940115	1	0.6	NA	279.207640171051	151.42632580886203	41.016912805764896	178.76717055215408	82.3096442701997	17.220246360299672	4.967105703157252	50	100	2	0.15
PoissonCUSP_gammaKC	8	9.023	5.688772418767408	3.108401658540016	0.03526656341951766	0.011125212892182419	0.02319588815585004	18.290054004305013	44.11930182661172	31.204677915458365	1	0.6666666666666666	NA	238.97127890586853	185.38851073695434	27.376998256625434	217.79751782584427	56.35123393425079	21.311622343796312	7.09245390224339	50	100	2	0.15
PoissonCUSP_gammaKC	9	10.04	7.01703040853631	3.624714077761492	0.03826580952473484	0.014861082633946726	0.02656344607934078	22.736659537133274	61.67952181155022	42.20809067434175	0.8333333333333334	0.5	NA	279.97226905822754	161.8417631705305	34.45877380896621	180.46280005660262	59.14202711311807	18.976921538069742	3.933194924079219	50	100	2	0.15
PoissonCUSP_gammaKC	10	10.066	5.161425910288694	3.2199006468645184	0.026785309442389996	0.011530932924925616	0.019158121183657804	21.187880223282686	69.59506670064366	45.39147346196317	1	0.5454545454545454	NA	288.7472970485687	220.5674165238972	254.360665805205	164.83225794571504	48.56428779875049	23.66310346631212	17.603243825735152	50	100	2	0.15
PoissonCUSP_gammaKC	11	10.202	6.388459074748501	3.9392011704416388	0.0320271847142651	0.010414771759207268	0.021220978236736184	23.206932101306425	51.76201423299101	37.484473167148714	0.6666666666666666	0.4	NA	296.23784136772156	151.43535383800514	41.3535701872876	192.61196895066823	81.31485853496116	20.69370233857256	8.094782952990702	50	100	2	0.15
PoissonCUSP_gammaKC	12	12.068	6.224937802123166	4.223093708923584	0.03159649274135699	0.012636386765329233	0.022116439753343112	20.017793331706844	71.14668889550259	45.58224111360472	0.8333333333333334	0.4166666666666667	NA	303.9275755882263	132.29196516063033	37.155700557582776	152.82725152686643	62.435204139784496	17.76815738222246	5.833966364230153	50	100	2	0.15
PoissonCUSP_gammaKC	13	9.36	5.9787493591558425	3.9716820133185253	0.025557773552998445	0.011435467641183184	0.018496620597090813	20.544937364788296	62.240309818128694	41.392623591458495	1	0.6666666666666666	NA	250.20956707000732	83.22246791549816	43.38410785368981	56.99858750918179	54.18921064170941	16.057909078036598	5.315067102238634	50	100	2	0.15
PoissonCUSP_gammaKC	14	10.161	6.884219191199362	3.743095713209087	0.03069870212195468	0.009596975717568089	0.020147838919761386	24.3663378701092	62.538189841728986	43.45226385591909	0.8333333333333334	0.5	NA	240.89684176445007	151.7019552466362	37.07169808857932	164.12695998526686	73.00900025768827	20.80264900095373	5.007016342929223	50	100	2	0.15
PoissonCUSP_gammaKC	15	7.592	5.1857637114827035	4.031034299943347	0.019274381365387123	0.005180400778640829	0.012227391072013975	7.842873036328875	46.48267743946482	27.16277523789685	1	0.8571428571428571	NA	240.85632944107056	54.10696137540286	15.853009807214372	27.067137232606544	16.627099527330998	25.61959694856552	4.165685924449955	50	100	2	0.15
PoissonCUSP_gammaKC	16	9.332	4.190616457878062	3.772447746260983	0.017616828309417912	0.0075929963524425685	0.012604912330930241	17.027689506706114	52.648894660658854	34.83829208368248	1	0.6666666666666666	NA	280.92916202545166	91.84747758370897	46.81440270788157	115.06601336831065	92.05884452807324	18.524147555866513	4.792191893330177	50	100	2	0.15
PoissonCUSP_gammaKC	17	12.029	5.304897072272714	3.3909408774208503	0.028743286334142172	0.01114113617009951	0.01994221125212084	19.807494772352776	47.79719762223352	33.80234619729315	1	0.46153846153846156	NA	276.7171080112457	221.7073168234545	230.34593718550403	190.6000462691793	128.9784281487194	50.5305989097627	106.73972906040485	50	100	2	0.15
PoissonCUSP_gammaKC	18	9.1	4.6143224030605365	3.7065597714133283	0.02540488072117892	0.009794410257809905	0.017599645489494414	15.239082018712704	49.029039016108186	32.13406051741045	0.8333333333333334	0.5555555555555556	NA	253.5724766254425	153.1090721457852	59.33971002664557	196.92300580738495	78.14168440503778	17.42565868186644	3.549166927759632	50	100	2	0.15
PoissonCUSP_gammaKC	19	11.063	5.33904284218939	4.0871361565037025	0.02437949075834415	0.009555705960279305	0.016967598359311727	21.75101040412429	54.21392361237761	37.98246700825095	1	0.5454545454545454	NA	291.0417728424072	142.68182192357187	43.8365386503783	149.10089393811847	58.82674745923363	18.170869314574958	5.928356090575127	50	100	2	0.15
PoissonCUSP_gammaKC	20	8.065	5.446374176788886	4.499583581404444	0.019383283595497583	0.0064608982247819574	0.01292209091013977	28.0369862093051	48.459999807213904	38.2484930082595	1	0.75	NA	285.46698117256165	172.8814916418495	44.392750334265976	176.56260167073233	92.87272202204582	18.466131736490212	7.177110550501467	50	100	2	0.15
PoissonCUSP_invgamma	1	19	3.701074357872029	3.3502736439731358	0.013286806790886787	0.00569752075591354	0.009492163773400163	4.665951652376658	43.659137656769296	24.162544654572976	0.8333333333333334	0.2631578947368421	NA	322.5912358760834	387.42699591195355	226.70106508274708	227.01876403485446	94.69850778902673	208.20101970895743	301.8539153638093	50	100	2	0.15
PoissonCUSP_invgamma	2	19	5.999425703271844	3.471637535007712	0.01911858090510782	0.013489575263315002	0.016304078084211412	8.181051683222845	52.167541485905595	30.17429658456422	0.8333333333333334	0.2631578947368421	NA	329.03477358818054	375.2167999798217	244.77173247570448	215.01826168500094	71.28207925127529	218.57842945906202	286.4251821973175	50	100	2	0.15
PoissonCUSP_invgamma	3	19	6.572419006411626	4.1583354970682596	0.02072385182509095	0.009771479493398873	0.015247665659244911	8.694746471362624	71.68707262699765	40.190909549180134	0.8333333333333334	0.2631578947368421	NA	327.45309376716614	357.35107204135596	265.61224454103336	239.74306967977412	92.52714822192709	247.85944419835428	352.57090322456884	50	100	2	0.15
PoissonCUSP_invgamma	4	19	5.361607238292209	3.7348388365566345	0.018558347627895894	0.012816461614868931	0.015687404621382413	10.553291507488545	61.05121676425814	35.80225413587334	0.8333333333333334	0.2631578947368421	NA	351.84954619407654	331.0946584792718	258.70926973265244	211.01372442110136	78.77483838591965	211.15397062185437	307.29979024996186	50	100	2	0.15
PoissonCUSP_invgamma	5	19	5.129798151667429	3.3263925186946595	0.01942512440325397	0.009522921867244663	0.014474023135249318	9.914253158835075	54.30323883186847	32.108745995351775	1	0.3157894736842105	NA	340.0597679615021	331.43450315466777	240.84724547433268	194.0135066677085	67.43287347765377	193.13681729639018	304.4068313366198	50	100	2	0.15
PoissonCUSP_invgamma	6	19	5.214587994308014	3.3385565895793623	0.013930628879634874	0.010397104784607881	0.012163866832121378	4.725504274437049	45.17676372630368	24.951134000370367	1	0.3157894736842105	NA	310.3184175491333	441.0949300822945	208.30185360215896	217.80242799326078	66.99938725228346	203.4677074584069	303.67438736839756	50	100	2	0.15
PoissonCUSP_invgamma	7	19	5.990400631803311	3.8590448314406793	0.02021896356666529	0.009868148895941878	0.015043556231303584	9.165220014197216	53.22410512525673	31.194662569726972	1	0.3157894736842105	NA	326.5954999923706	380.0717598467866	243.40175141190224	237.72084596941207	81.84737204299061	199.71490189898478	284.49457607441616	50	100	2	0.15
PoissonCUSP_invgamma	8	19	5.758188972007864	3.064856653452066	0.01880002725336163	0.011558381580780906	0.015179204417071268	6.604166967538876	45.05073882357787	25.827452895558373	1	0.3157894736842105	NA	297.3006536960602	428.39584305636566	234.3038279746561	244.1543268970442	60.14681263885047	182.49403535627894	268.25953529204105	50	100	2	0.15
PoissonCUSP_invgamma	9	19	7.041786680685236	4.017966977228159	0.017156092199933744	0.015248300075147464	0.016202196137540606	7.8463417838392	58.95305747957862	33.399699631708906	0.8333333333333334	0.2631578947368421	NA	347.86418104171753	389.12690539456486	219.34176688474938	202.72529242770378	62.729688163285296	263.37386613423956	381.292746735099	50	100	2	0.15
PoissonCUSP_invgamma	10	19	4.927248467166494	3.7063905046433563	0.014517842648955465	0.009932379421887655	0.01222511103542156	8.619257499031901	68.99733147815897	38.808294488595436	0.8333333333333334	0.2631578947368421	NA	391.5076940059662	369.54281719952206	225.32719927597483	195.90422494679916	87.06520022969755	209.796335259986	305.3022421161944	50	100	2	0.15
PoissonCUSP_invgamma	11	19	6.278572166753558	4.310264569038743	0.016419178135738937	0.010649736468441338	0.013534457302090137	7.938119336748336	49.85227421200491	28.895196774376622	0.6666666666666666	0.21052631578947367	NA	344.3133370876312	380.76854886869603	224.9833428734416	200.99098966889852	83.18164930912496	225.23392730331872	340.1237149405102	50	100	2	0.15
PoissonCUSP_invgamma	12	19	6.341342799683681	4.178323203407739	0.02160247307690969	0.013327996824099667	0.017465234950504678	11.443544845815818	75.2288882976902	43.33621657175301	0.8333333333333334	0.2631578947368421	NA	346.9897232055664	308.7133508902864	236.4493918739901	186.20706000715785	67.03023225754775	181.40301891886622	264.59339488064285	50	100	2	0.15
PoissonCUSP_invgamma	13	19	6.256272984574804	3.9754078973486457	0.01684220232656087	0.011530140220058376	0.014186171273309622	8.923321713750436	68.30370298014317	38.613512346946806	0.8333333333333334	0.2631578947368421	NA	368.98327469825745	352.2893402815594	236.516125147006	207.0316813349693	96.42340312642489	185.6022496001022	297.5437591959207	50	100	2	0.15
PoissonCUSP_invgamma	14	19	6.948537279141893	3.7927078878534495	0.017207661932543653	0.009772765967800412	0.013490213950172032	7.618650859026763	62.150726777998536	34.88468881851265	0.8333333333333334	0.2631578947368421	NA	315.4359133243561	385.36323118974957	229.13697603456848	193.66633753220034	66.34818200912838	170.90581832585858	281.89336264866273	50	100	2	0.15
PoissonCUSP_invgamma	15	19	5.469730504845405	3.8353327155695496	0.013899029578597087	0.005470609035190946	0.009684819306894016	4.457825792319914	54.84987235572144	29.653849074020677	0.8333333333333334	0.2631578947368421	NA	308.9102141857147	402.2202978050246	238.71477268543913	224.97136223883626	74.11019041827753	208.1604709424166	321.7629257300891	50	100	2	0.15
PoissonCUSP_invgamma	16	19	4.125416042362605	3.942647938331071	0.011356921224189197	0.0068004582260807415	0.00907868972513497	5.600371059012217	54.6394579402091	30.11991449961066	1	0.3157894736842105	NA	405.8651943206787	367.2343667075497	241.55050898717644	193.89778655194402	73.38643754249387	236.3571123165835	354.2288649890551	50	100	2	0.15
PoissonCUSP_invgamma	17	19	5.305673025479987	3.634110082448182	0.0179249240105997	0.009684351686118791	0.013804637848359246	10.139004504796892	46.51700295319909	28.32800372899799	1	0.3157894736842105	NA	317.7339231967926	383.2974278647695	240.79620839403393	215.74915477126214	85.60976395144759	176.96951276838092	270.4195245848644	50	100	2	0.15
PoissonCUSP_invgamma	18	19	4.664996280002609	3.665600561930054	0.015473169672938316	0.010065323933943656	0.012769246803440985	6.2599939358323375	51.579857269816564	28.91992560282445	0.8333333333333334	0.2631578947368421	NA	327.70147800445557	390.20393560252336	240.5600160280657	227.88800281845675	77.56499331744476	240.99315616381105	357.6567306232181	50	100	2	0.15
PoissonCUSP_invgamma	19	19	5.349619394684253	4.204888403957751	0.017005223336657396	0.008991527953419672	0.012998375645038534	10.322608444713913	61.60989595149005	35.966252198101984	1	0.3157894736842105	NA	385.33548498153687	344.0159161321391	246.24921904552838	192.55483699942008	70.765379051583	246.7859178682962	346.2209278220769	50	100	2	0.15
PoissonCUSP_invgamma	20	19	5.674748095029546	4.033016935506557	0.018688964137922853	0.010715703182604834	0.014702333660263843	6.932935990214151	53.679377952113356	30.30615697116375	1	0.3157894736842105	NA	353.35522532463074	387.27450042150525	219.01362018654825	182.23356482760002	55.06583725384806	189.79111469181206	311.02412115099554	50	100	2	0.15
PoissonCUSP_invgammaKC	1	12.116	3.7289701900377565	3.30474139108875	0.017020020125841757	0.005842794927116672	0.011431407526479215	9.773714252427311	45.14976152693433	27.46173788968082	0.8333333333333334	0.4166666666666667	NA	119.9475450515747	165.65614086375084	185.06116453364115	97.75408727355824	108.31410245468126	360.9292638887265	395.21915834390194	50	100	2	0.15
PoissonCUSP_invgammaKC	2	10.563	5.836508527145329	3.768561273766549	0.024627129542730698	0.011156693545493661	0.01789191154411218	14.034389587780433	47.3938504233048	30.714120005542615	0.8333333333333334	0.5	NA	136.9995620250702	103.25869500818182	178.73673467907432	40.181576015842175	47.089318440533646	413.0971826351161	405.5152905199062	50	100	2	0.15
PoissonCUSP_invgammaKC	3	13.232	6.580674564451735	4.09517055633427	0.028713124763780292	0.00977798066434485	0.019245552714062572	15.075571137597015	72.63112508482698	43.85334811121199	0.8333333333333334	0.38461538461538464	NA	128.2415657043457	109.42739831454914	154.30820984409772	54.4254253639024	40.440367907334966	340.105909092387	433.3863704133573	50	100	2	0.15
PoissonCUSP_invgammaKC	4	10.262	5.306449263935114	3.8309088557123903	0.027770319307919178	0.012836597185083903	0.02030345824650154	23.00467594911469	59.42733566668497	41.21600580789983	0.8333333333333334	0.5	NA	123.28184461593628	62.71792620569326	25.784895414343843	59.69474011660549	62.85633232920993	366.72072600057516	362.28202797432647	50	100	2	0.15
PoissonCUSP_invgammaKC	5	12.551	4.645933499725611	3.935010021557592	0.02109909922212181	0.007387551620605398	0.014243325421363605	24.618499642645233	52.462807527152435	38.540653584898834	1	0.5454545454545454	NA	167.43109250068665	123.97927962937995	158.0347749341797	56.402464551342284	79.32533334974858	181.28455732147629	288.01809171106055	50	100	2	0.15
PoissonCUSP_invgammaKC	6	10.982	5.567766718955122	2.977745170534531	0.020762939266383285	0.012068020786063269	0.016415480026223277	20.294143000824327	65.21700355798586	42.7555732794051	1	0.7	NA	102.54833126068115	162.47312360437266	229.2872468289633	67.72382004785408	92.32749996122877	333.6923527053814	354.99227984707096	50	100	2	0.15
PoissonCUSP_invgammaKC	7	10.226	6.079536316702886	3.755377152765684	0.03927462605559891	0.010577609547388222	0.024926117801493564	22.25177314984182	53.11365280743327	37.68271297863755	1	0.6	NA	133.25861644744873	96.56960858333879	54.676246057690314	100.68504452566754	90.61309935145364	328.6490574208187	341.86572688020243	50	100	2	0.15
PoissonCUSP_invgammaKC	8	11.111	5.715062011047587	3.081117933772891	0.028416467384575206	0.011222569460439457	0.019819518422507332	13.419058514798849	43.86172241331384	28.640390464056345	1	0.5454545454545454	NA	113.13356947898865	201.8255980646859	216.56875226558157	115.60732646524305	88.11931053232935	400.42211465203354	374.16801186294015	50	100	2	0.15
PoissonCUSP_invgammaKC	9	12.349	7.080926922190169	3.5148615644216044	0.027850411431554235	0.026797070854929335	0.027323741143241785	19.385328966637037	76.65286706327034	48.019098014953684	0.6666666666666666	0.36363636363636365	NA	121.56556749343872	173.39955148757454	125.64751568574769	128.1852888870423	90.2426000232395	276.6727304402727	354.8009506069575	50	100	2	0.15
PoissonCUSP_invgammaKC	10	10.382	4.058899805954014	4.715419116488679	0.016680985481744293	0.008840630723232351	0.012760808102488322	15.972840820882459	58.55497207913652	37.263906450009486	0.8333333333333334	0.5555555555555556	NA	149.70328950881958	112.76082549980794	186.16446939561902	46.74982598987737	45.0025613260143	465.22861978130874	425.98738837889357	50	100	2	0.15
PoissonCUSP_invgammaKC	11	11.213	6.280528881348999	4.277234309266809	0.026362213315091382	0.010896773863389235	0.01862949358924031	22.37983238572961	56.065193711817834	39.22251304877372	1	0.6	NA	154.36096572875977	164.11057599814148	165.8341600117749	136.54468919594234	117.98606445005534	236.8876278879996	403.1469292978311	50	100	2	0.15
PoissonCUSP_invgammaKC	12	12.625	6.284273264762075	4.0781681576196345	0.03214659220290792	0.011714301775742836	0.021930446989325378	19.25533042427994	66.77046202863806	43.012896226459006	0.8333333333333334	0.4166666666666667	NA	147.77954578399658	90.57608059917885	45.90293511358771	50.500706630937486	32.781855730654925	271.5805787068128	284.88744589496224	50	100	2	0.15
PoissonCUSP_invgammaKC	13	11.982	6.356996438453001	3.987674287960224	0.019757039076297972	0.012620102982256031	0.016188571029277003	20.30929703032225	94.80413689491537	57.55671696261881	0.8333333333333334	0.38461538461538464	NA	128.9315345287323	313.390126538813	281.70941816805475	206.4534114859376	138.01646740821363	344.24607139576915	423.79060508474146	50	100	2	0.15
PoissonCUSP_invgammaKC	14	8.854	5.762459125876326	4.666105321569941	0.01616344581453756	0.0073616198982936485	0.011762532856415604	13.492346350382507	52.26624394883086	32.87929514960668	0.8333333333333334	0.625	NA	111.23928213119507	132.92811077025155	192.94673460245843	69.67690913175933	82.13246447529305	277.78090987977487	308.89152593981345	50	100	2	0.15
PoissonCUSP_invgammaKC	15	10.26	5.497416328011942	3.5751785637717197	0.023955401160048854	0.008010475275762386	0.01598293821790562	14.559384321039408	61.82491882391085	38.192151572475126	0.8333333333333334	0.5	NA	100.75427436828613	187.95956441116866	166.39391581352848	188.20747150077736	115.34211524387517	369.35712157824645	414.1074856076217	50	100	2	0.15
PoissonCUSP_invgammaKC	16	10.204	4.208783862169223	3.752691772909936	0.015755246298147757	0.007015045324674047	0.011385145811410903	19.176167697187704	57.09911231584285	38.13764000651528	0.8333333333333334	0.5	NA	135.6762993335724	73.79845044872704	36.28133355459918	98.33347016343404	108.81967696713016	363.86224770982113	382.3749172252835	50	100	2	0.15
PoissonCUSP_invgammaKC	17	11.708	5.203299434802137	3.5344667377824956	0.027496523081237952	0.009562256425602076	0.018529389753420014	21.37363914965018	41.26048086994267	31.317060009796425	1	0.5454545454545454	NA	123.56185626983643	115.55154859629047	170.00357568150451	63.44093714722915	90.2584940698082	274.9808508044991	341.3600339093366	50	100	2	0.15
PoissonCUSP_invgammaKC	18	9.669	4.640665538043367	3.652712214562978	0.025897821901189628	0.009556550946414834	0.017727186423802232	16.31565091009633	44.84912609142872	30.582388500762526	1	0.6666666666666666	NA	110.32984757423401	92.68370625847402	71.5269290519385	37.35062875809428	25.546128172796248	394.45063645716516	354.6978702044024	50	100	2	0.15
PoissonCUSP_invgammaKC	19	12.241	4.996455821410506	4.76642136153023	0.020922455412993434	0.007314455681854606	0.01411845554742402	18.270200534918924	54.7023199763578	36.48626025563836	1	0.5	NA	137.12667322158813	140.40586022946775	145.0606631907706	92.63848028775325	80.8885764869006	283.21275057567385	325.4915803274903	50	100	2	0.15
PoissonCUSP_invgammaKC	20	10.593	5.78227896566668	3.846089761155335	0.02986805084158723	0.012389833705222729	0.02112894227340498	35.08989389423576	69.03280306829319	52.061348481264474	1	0.6	NA	129.2877848148346	48.432134444287954	45.23770597509015	35.071567500383296	38.613104875346174	213.71760779071468	328.996571976019	50	100	2	0.15
PoissonMGP	1	7	3.4906427325926472	3.736296148054415	0.013924617282506956	0.00562975707239009	0.009777187177448523	9.486793148671223	39.20414212400116	24.345467636336192	1	0.8571428571428571	NA	295.69689083099365	168.8303486215731	37.635704171457675	265.4992167057742	135.0502569804362	32.92695907703993	6.358465039938698	50	100	2	0.15
PoissonMGP	2	8	5.6238705811292435	4.236169981234919	0.016718497706083184	0.012068505348283588	0.014393501527183387	15.886660822395216	43.077405270068105	29.48203304623166	0.8333333333333334	0.625	NA	307.2701392173767	156.7782052081247	22.972789101566345	233.75573357496816	106.09262891301852	28.595126046774247	10.866584276396253	50	100	2	0.15
PoissonMGP	3	8	6.2751510410798295	4.89450336935554	0.01827910892967434	0.00714585113735465	0.012712480033514495	11.158826881881721	60.23836988926458	35.69859838557315	1	0.75	NA	279.22578477859497	163.5923632230832	14.320979691367116	229.03049127176965	105.0414071802985	24.06901258696178	11.74500038824336	50	100	2	0.15
PoissonMGP	4	7	4.412933598199088	4.920062480893795	0.02267459958850368	0.00909602587246806	0.015885312730485872	11.839504146074258	39.00279660631412	25.42115037619419	1	0.8571428571428571	NA	306.2106945514679	130.96705990851342	16.404744902205984	237.4825555421644	83.45460526951486	29.19361283128919	4.267076298900726	50	100	2	0.15
PoissonMGP	5	8	4.4536393069316	4.22957917098713	0.022097049316521455	0.00703440662397558	0.014565727970248517	16.23897339856015	41.14544399565716	28.692208697108654	1	0.75	NA	296.5069935321808	145.1307343680055	25.70980810219107	176.0752767737555	67.54247061956785	34.693874129237166	10.253648751825912	50	100	2	0.15
PoissonMGP	6	7	4.46888722282641	4.373052702177288	0.006743211364637962	0.006399717078802777	0.0065714642217203694	8.33631704978407	45.5113857061957	26.923851377989887	1	0.8571428571428571	NA	264.8181188106537	165.96161868432335	44.84696041560693	249.87324288396556	112.40066112633308	28.34493209596591	10.52564522009284	50	100	2	0.15
PoissonMGP	7	7	4.08262675808667	6.790068858595766	0.012017305825344713	0.004203145161495089	0.0081102254934199	13.584333541049764	43.133961074351475	28.35914730770062	1	0.8571428571428571	NA	312.35998129844666	157.54385181029073	32.884822878742455	275.28444596636507	163.70938715902622	34.537187993323144	8.682049331919828	50	100	2	0.15
PoissonMGP	8	7	4.1171214383238	5.188769519071627	0.007655505236708705	0.008036374388421157	0.007845939812564932	9.120025804459866	38.18742120215356	23.65372350330671	1	0.8571428571428571	NA	271.981379032135	169.3209765871599	58.09676624059846	271.17876425635757	126.40992562535992	28.143754089958364	12.111541278504758	50	100	2	0.15
PoissonMGP	9	7	4.674501041065283	6.481906276003924	0.00981710595237329	0.006807810776450651	0.008312458364411971	9.804912382307002	45.45145139715685	27.628181889731927	0.8333333333333334	0.7142857142857143	NA	321.0383343696594	159.2448565256251	44.64640737006565	256.55211213599443	123.5247624034265	34.20451767555546	9.593606720129781	50	100	2	0.15
PoissonMGP	10	8	3.958286858156793	4.826790744178094	0.015632367921647496	0.00779634549530957	0.011714356708478533	9.968369528384661	42.436140651388676	26.20225508988667	1	0.75	NA	328.9101502895355	173.55790310675738	40.27316139993394	224.79171300462048	109.04780274271948	28.359521626011336	10.983584199733574	50	100	2	0.15
PoissonMGP	11	8	6.284363255733177	4.404901047372217	0.029158538631117777	0.010676296180913028	0.0199174174060154	22.249847350723194	50.16766043662801	36.208753893675606	1	0.75	NA	300.9002757072449	158.37990742901113	55.494059362987485	236.81809067283484	108.41783496669868	34.08449829628639	8.922207536746598	50	100	2	0.15
PoissonMGP	12	9	5.605870438130312	5.5146981286234755	0.01801476200274572	0.010215347384116988	0.014115054693431354	22.816482266960435	75.52312410840298	49.16980318768171	0.8333333333333334	0.5555555555555556	NA	309.81381464004517	132.19234078837718	44.66731470663273	191.9345465670294	121.05551439730986	27.544547470216916	7.9741844097022225	50	100	2	0.15
PoissonMGP	13	7	4.916260973751439	5.340813396529163	0.008086013952785529	0.007269090589345465	0.007677552271065497	12.203447077827631	52.149545510483385	32.176496294155505	1	0.8571428571428571	NA	304.24122524261475	150.3945127353246	44.54852628205031	234.27086267061304	127.63582397852547	33.06944877002119	5.087188851126883	50	100	2	0.15
PoissonMGP	14	8	5.84564364513476	4.64249156303005	0.017051596749088647	0.007515176219709242	0.012283386484398945	14.082047968044394	52.52873543480521	33.3053917014248	0.8333333333333334	0.625	NA	280.3844327926636	148.94799601150376	42.18121924525137	178.58790204642906	96.01634559870043	31.58048712762425	10.930341571928203	50	100	2	0.15
PoissonMGP	15	8	5.275163672998937	3.998819263822213	0.01726686830789693	0.00527062374135422	0.011268746024625576	6.455121446504148	46.81673821395916	26.635929830231657	1	0.75	NA	289.52515172958374	188.2968238628049	45.902737872319435	251.9551571571588	122.05023106508548	30.24076083505471	11.549937469819382	50	100	2	0.15
PoissonMGP	16	8	3.989120230224069	4.101204276014575	0.010591170271238418	0.006567194696837711	0.008579182484038064	15.929045040826852	51.85824474078046	33.89364489080366	1	0.75	NA	317.20207118988037	126.63319242158629	26.90648032778514	209.9936569613369	100.36756794589101	29.12125044804337	6.2553814728069685	50	100	2	0.15
PoissonMGP	17	8	4.547290758657021	4.575187553599836	0.016649171231906932	0.00744028001734688	0.012044725624626905	8.586741971738599	41.67863637784765	25.132689174793125	1	0.75	NA	281.82900619506836	197.75072444505034	36.75327676839544	223.64327823915153	68.91509107992471	26.347225508673642	7.039271576696535	50	100	2	0.15
PoissonMGP	18	8	4.5829183675765615	3.8748087267854023	0.023758795901706698	0.0095115495743098109	0.016635172738008255	9.003175357878545	38.76450957632281	23.883842467100678	1	0.75	NA	283.34667348861694	176.98922896446078	41.48627846927747	230.01003533665198	84.13944031513573	27.527380186380878	9.950609120489432	50	100	2	0.15
PoissonMGP	19	8	5.0659874222755805	4.65884601896428	0.015575165608973943	0.0077107189639149375	0.011642942286444441	18.951407492280527	52.18160558484128	35.5665065385609	1	0.75	NA	302.8014545440674	153.80328193600468	42.8979199122937	181.29544328256725	74.47325128020147	31.893050698213813	12.71188621049805	50	100	2	0.15
PoissonMGP	20	9	5.349609170624701	4.603461582872925	0.020220879206647734	0.006515021847554786	0.01336795052710126	12.789467460088519	52.89318948752647	32.841328473807494	1	0.6666666666666666	NA	302.96882462501526	149.7411904338405	31.2596857340273	181.56337879612596	100.3438673854414	27.398495517795382	12.178482001225817	50	100	2	0.15
CompressiveNMF	1	6	3.2445179310137746	4.632168563031648	0.003952941166698578	0.003868791680058854	0.0039108664233787165	3.1751783579260704	30.15386854573664	16.664523451831354	1	1	0.9885082184182683	575.0719211101532	729.8253211883041	382.96621493264325	794.8059766040645	290.7105082367224	423.19814005275254	201.5516878308283	100	100	2	0.15
CompressiveNMF	2	7	4.545424917838565	5.056854896662507	0.02021747347311112	0.006508835928797958	0.01336315470095454	10.862656750060257	44.581929469422775	27.722293109741514	1	0.8571428571428571	NA	648.2694013118744	684.9591530594313	408.70111586012604	735.0895498191641	335.045378860665	375.74094236617157	215.72731538197505	100	100	2	0.15
CompressiveNMF	3	6	6.8965283036374485	5.77437417102318	0.002414374199854892	0.0037961835901727382	0.003105278895013815	3.213294859733391	56.36575368915865	29.78952427444602	1	1	0.9865817542525006	620.7107920646667	722.3552177845747	390.5445521981861	801.7709463855083	279.0066661608514	442.23877698517	228.10788371199445	100	100	2	0.15
CompressiveNMF	4	6	4.852707298020698	5.580239543366374	0.003223326771709291	0.004600028783610853	0.003911677777660072	2.504603055942936	44.679507796885424	23.59205542641418	1	1	0.9875983786526591	645.0605900287628	724.9799387904726	394.06042595059944	779.4187571257795	304.78987702617667	437.94238728842765	243.84426029705173	100	100	2	0.15
CompressiveNMF	5	8	8.056970870120786	4.595902135641422	0.03735794788913238	0.011683993604144823	0.0245209707466386	28.822548916317267	67.90170929418048	48.36212910524887	1	0.75	NA	657.3046383857727	637.223407778772	420.4639599043406	673.9483021966704	373.5588392766638	290.45041967646705	159.4896520940765	100	100	2	0.15
CompressiveNMF	6	7	4.292786598584406	5.262673443945475	0.027685588807986116	0.005738177232685146	0.016711883020335633	8.720563631235956	39.47409059645945	24.0973271138477	1	0.8571428571428571	NA	677.3475575447083	682.9234140250046	405.92068420306515	738.8949521970405	323.942883717749	376.55061794862576	200.57614866748915	100	100	2	0.15
CompressiveNMF	7	6	4.2569824698887455	5.260759040262183	0.0047224775806203175	0.004485145599100861	0.004603811589860589	2.5772181927858675	43.064496243395126	22.820857218090495	1	1	0.9799882100027582	612.8759977817535	723.1636767437834	389.4319049169844	776.0844663757821	310.1206261783776	422.8461518370517	170.44993455783492	100	100	2	0.15
CompressiveNMF	8	7	4.643200211362131	5.398082680227114	0.02343121210025901	0.010329456136756334	0.016880334118507673	17.51297074645271	48.48221723274389	32.9975939895983	0.8333333333333334	0.7142857142857143	NA	634.9490072727203	678.7097014517973	415.0350684525156	739.0100538299474	335.62378176905975	369.68612900744506	228.5771619389358	100	100	2	0.15
CompressiveNMF	9	6	3.7611314328047607	4.874400932034296	0.0025175558055561247	0.004904167904261692	0.003710861854908908	7.0718162972022895	39.59411465392031	23.3329654755613	1	1	0.9858227495832088	685.7764747142792	719.9669808059415	391.35829939371075	774.5056585511068	306.69324466024955	339.79490937192463	114.48007349001199	100	100	2	0.15
CompressiveNMF	10	8	5.898879332785423	4.127938835913309	0.03779731200371826	0.008878708140485431	0.023338010072101845	39.693844220042905	52.37902800153891	46.03643611079091	1	0.75	NA	640.3534038066864	633.8710263313073	424.7392624821183	675.0260935759461	374.49946197311004	318.5968893124636	117.75224361931427	100	100	2	0.15
CompressiveNMF	11	6	3.705090900119652	4.793585639515681	0.002460870731550811	0.004354586572021044	0.0034077286517859274	1.8202371884472233	37.483222551983495	19.65172987021536	1	1	0.9881240791869979	598.4645037651062	721.0938137458668	389.20030095423465	785.987104822903	297.6616386728483	387.9988856403003	140.9426264552832	100	100	2	0.15
CompressiveNMF	12	6	3.8556039710613903	5.083365921713107	0.002418376644754832	0.004830151101200869	0.0036242638729778506	3.25238578551882	42.6151117175665	22.93374875154266	1	1	0.987118937690648	678.2074458599091	723.976532212685	382.8733972042849	789.0591628284465	296.99136219185624	443.17100972557233	217.96568634612473	100	100	2	0.15
CompressiveNMF	13	6	4.657910878786311	5.549204053259117	0.004008976516997172	0.0038890133615913556	0.003948994939294264	1.169073695459839	45.819785079200656	23.494429387330246	1	1	0.9887961116180244	644.1970324516296	723.2332198841009	388.14071863490113	781.6546937351461	303.23792825404115	402.6989307151547	226.83927687713606	100	100	2	0.15
CompressiveNMF	14	7	4.338014744136947	4.481958825635996	0.030940497340424682	0.005886039968502236	0.01841326865446346	38.835197526249345	38.299214433502925	38.567205979876135	0.8333333333333334	0.7142857142857143	NA	599.4228866100311	679.4489337538474	412.40147487692064	732.4896951593677	346.42782435230345	346.9474828475518	197.12665167988845	100	100	2	0.15
CompressiveNMF	15	7	6.575309356516405	5.33208330017474	0.025352118546994172	0.008321065657980669	0.01683659210248742	15.343705802766184	60.041464075752174	37.69258493925918	1	0.8571428571428571	NA	668.0620758533478	678.0601174282276	412.4766950737102	726.2599437539103	346.4416153447975	386.44988659035863	212.92808256648723	100	100	2	0.15
CompressiveNMF	16	7	5.4362941610500055	4.906169555727758	0.027541099730035233	0.006028053704842826	0.01678457671743903	12.987965676523626	45.75141976465341	29.369692720588517	1	0.8571428571428571	NA	624.3328664302826	680.7607601820731	414.61080440723504	734.2297394452711	342.83402485836234	375.5441384211306	180.00113542840816	100	100	2	0.15
CompressiveNMF	17	6	3.4851293518530646	5.343703511939397	0.0026707936320221094	0.0042307182166985025	0.003450755924360306	4.565213823435749	36.44899421138999	20.507104017412868	1	1	0.9886284394784768	635.2415308952332	730.7191268270116	382.77246972731274	786.7787983379094	295.0432138211006	471.89997106003386	237.22033508017535	100	100	2	0.15
CompressiveNMF	18	7	7.433202230816719	5.870818835997006	0.021782628490888536	0.0099704629271335	0.01587654570901102	19.31832627458313	66.29998287846597	42.80915457652455	0.8333333333333334	0.7142857142857143	NA	630.6383218765259	686.046747633977	401.0440603729171	733.7311123420452	334.9588644019482	438.52190065343126	265.17408104448737	100	100	2	0.15
CompressiveNMF	19	6	3.7145912437081168	4.716859363991054	0.003164439928922634	0.004032829625688047	0.0035986347773053406	1.6914309107510717	40.178171872549726	20.9348013916504	1	1	0.9896607812979421	591.9075222015381	728.0388584220988	390.1122418095896	792.1080632376545	286.78340292213835	370.1050551360612	183.5887308719191	100	100	2	0.15
CompressiveNMF	20	8	5.830948742318673	5.3695009042019635	0.031062206451200797	0.009680825683331515	0.020371516067266157	17.1615653446183	57.93908370072108	37.55032452266969	1	0.75	NA	678.7130200862885	633.2188917103646	429.53285836618085	675.5411908414367	381.40018015538175	347.69209314289236	208.1573485148958	100	100	2	0.15
PoissonCUSP_gamma	1	10.05	4.615621752978413	3.025122349550978	0.03571338609542201	0.015532305564681834	0.02562284583005192	19.02162894564419	49.00960824330756	34.015618594475875	1	0.6	NA	477.4737083911896	132.89226176158294	30.548180134688938	225.97749718294355	60.85549758034577	16.861627532469075	3.8201568457645045	100	100	2	0.15
PoissonCUSP_gamma	2	12.017	5.72601717351293	3.6209560533695426	0.036976361390168015	0.011684965971838726	0.02433066368100337	17.36431368034307	59.818253289031986	38.59128348468753	1	0.5	NA	560.2545847892761	109.67504943014133	23.070578739134824	189.03213783660277	58.45868733744902	18.655275522264358	9.667362015376632	100	100	2	0.15
PoissonCUSP_gamma	3	13.062	8.831057666905878	3.271562549733814	0.04759691246704608	0.012932692429967295	0.030264802448506687	14.666558869801072	62.7759108893198	38.72123487956044	1	0.46153846153846156	NA	546.2852518558502	122.26376907637606	21.43851171020478	223.76716042424843	49.94041907264083	17.783768822085566	7.082136610487335	100	100	2	0.15
PoissonCUSP_gamma	4	12.024	6.413233911491308	3.492790303744656	0.03492563040399526	0.015509521803224992	0.025217576103610126	20.028321364671733	64.98477307488703	42.50654721977938	1	0.5	NA	529.8103687763214	103.59480208035568	24.444185986423147	187.39889066810184	58.27952211002674	16.933808056523564	4.446047724346709	100	100	2	0.15
PoissonCUSP_gamma	5	12.009	8.892141060872719	3.170913663970394	0.04477786336719089	0.01686877224254296	0.030823317804866926	35.89795779101886	84.46613044717462	60.182044119096744	0.6666666666666666	0.3333333333333333	NA	529.5271060466766	123.7422944076383	24.557710308818976	191.10189732218214	43.73858966198666	17.653942532237036	6.604721821079666	100	100	2	0.15
PoissonCUSP_gamma	6	13.071	5.563200347550765	3.5832682069420825	0.040018880484452644	0.010586818805324175	0.02530284964488841	15.778734769732447	55.91309074170211	35.84591275571728	1	0.46153846153846156	NA	562.8809785842896	113.22995245952178	23.006060420922182	198.81581545963016	75.0470468255997	16.37383751480751	5.726884790485056	100	100	2	0.15
PoissonCUSP_gamma	7	13.037	5.845299911996945	3.117196142654185	0.047169032555577535	0.010944506902521474	0.029056769729049504	34.77878725074881	52.34506126606844	43.561924258408624	0.8333333333333334	0.38461538461538464	NA	531.2386093139648	114.73881380277703	24.18905106762697	173.14335679374227	34.644928599094335	17.660678066948883	6.568282274555162	100	100	2	0.15
PoissonCUSP_gamma	8	12.012	6.208772891285063	3.371462031512892	0.04229900232447067	0.018073532243927683	0.030186267284199174	21.23766677284634	64.41904902489209	42.828357898869214	0.6666666666666666	0.3333333333333333	NA	563.4276537895203	109.41860100302343	25.2369786938415	190.14885028556893	64.80234331050264	18.282229548855035	9.070798937790721	100	100	2	0.15
PoissonCUSP_gamma	9	11.039	4.748746865549604	3.5851581977549127	0.036964820282256464	0.011523906392293054	0.024244363337274758	26.744580968315443	64.53527704523309	45.63992900677427	0.8333333333333334	0.45454545454545453	NA	552.4985785484314	95.90530476180692	22.636813440020667	173.10349101005866	63.999588485018386	17.519237314874267	7.178588360650334	100	100	2	0.15
PoissonCUSP_gamma	10	14.018	6.511355786957838	3.045047113177416	0.04458436228888368	0.012212585199929812	0.02839847374440675	23.809790782743985	62.695322297396054	43.25255654007002	1	0.42857142857142855	NA	592.6723198890686	109.217316986449	15.913338688061904	166.43975008130423	61.004903034719256	16.995573342182478	4.82427267294026	100	100	2	0.15
PoissonCUSP_gamma	11	10.014	4.66637159806041	3.550972302853279	0.035327496663990314	0.009193111080692363	0.02226030387234134	18.13275914904171	46.47646912663011	32.30461413783591	1	0.6	NA	496.05907464027405	116.02374071986145	28.107493064895582	205.9646337846784	68.99030078296997	17.182408684456906	6.257286276366834	100	100	2	0.15
PoissonCUSP_gamma	12	13.003	4.87887658281853	3.6236221130435737	0.03378009280728777	0.00862638692247377	0.02120323986488077	18.57031713270698	59.423368532264476	38.996842832485726	1	0.46153846153846156	NA	576.000869512558	107.96931357477192	26.248625189315792	181.64604776688182	106.90744709433231	16.229749716353563	5.634976430185782	100	100	2	0.15
PoissonCUSP_gamma	13	12.011	6.398540528958175	3.160091597847519	0.0435199084475628	0.017079417233092857	0.03029966284032783	20.329057612780872	65.59809878102075	42.96357819690081	1	0.5	NA	580.5650615692139	116.31207347778698	28.576589852563806	189.80370036245068	35.04556354500384	15.93709681156906	6.348829350763764	100	100	2	0.15
PoissonCUSP_gamma	14	11.041	5.232512945313573	3.1380644070376245	0.04471792001535514	0.011964688181137401	0.02834130409824627	43.04766228527072	48.59667778773467	45.8221700365027	0.8333333333333334	0.45454545454545453	NA	500.52863073349	118.4838915821889	28.00228860517818	193.51378807598337	57.99810126112109	19.3097475951758	8.976411604268261	100	100	2	0.15
PoissonCUSP_gamma	15	14.062	7.721991905572799	3.882393772762423	0.04028989636574622	0.017380876626930622	0.02883538649633842	23.8723066122145	85.0374726305246	54.45488962136955	1	0.42857142857142855	NA	608.17645263671875	102.83083863505694	19.1487997462442	186.02461399020066	57.06171857215871	16.663167004177726	7.466667115645648	100	100	2	0.15
PoissonCUSP_gamma	16	12.021	6.567635329360244	3.363121899473267	0.04477174179369611	0.013060845858788717	0.028916293826242414	19.52665918651086	57.93640059873365	38.731529892622255	1	0.5	NA	530.3618628978729	110.6110118019734	24.78084506449626	187.52900685658506	36.06463676272718	17.88830225058241	5.578115015534699	100	100	2	0.15
PoissonCUSP_gamma	17	10.039	5.0300088947791135	3.4016475616623247	0.044813034484757513	0.012926668779847234	0.028869851632302372	19.259882514782863	57.52478213307967	38.392332323931264	1	0.6	NA	514.794557094574	135.24654702267276	38.242524612237304	198.93405777674718	62.394840611975	15.085682618554157	2.881226122545274	100	100	2	0.15
PoissonCUSP_gamma	18	14.008	8.851573180150478	3.546789638259748	0.044703929563483985	0.01463546577400679	0.029669697668745387	21.447720979122764	67.8786728247624	44.663196901942584	1	0.42857142857142855	NA	556.3864471912384	122.614749117554	25.670871908033202	186.466432017351	48.763865714982344	17.587178745749693	6.010066733430864	100	100	2	0.15
PoissonCUSP_gamma	19	10.245	4.8618699600054365	3.242459329730382	0.04208312644038087	0.010864878119680475	0.026474002280030672	13.575445896017557	47.32244249442302	30.44894419522029	1	0.6	NA	496.98580026626587	53.82748793370685	22.429877395572834	38.89385213793552	11.944428152531408	21.12271214795404	4.6808666198036954	100	100	2	0.15
PoissonCUSP_gamma	20	11.053	7.271851134040936	3.7838403047598232	0.0414384886971617	0.019737416241213265	0.030587952469187482	32.192791796989525	97.72204411506897	64.95741795602925	1	0.5454545454545454	NA	561.1574611663818	107.47174832047986	17.57944828050814	173.54228724687945	21.07029389083398	13.383746644832764	4.0745539763404075	100	100	2	0.15
PoissonCUSP_gammaKC	1	10.012	4.58752873918405	3.0335146013493106	0.031983859493688746	0.015021494001477653	0.0235026767475832	15.988242433817236	48.39370672946515	32.19097458164119	1	0.5454545454545454	NA	487.8995795249939	208.9912519269528	260.8390960183646	261.0751348545562	128.63450994513843	47.194539447589094	98.95453925955621	100	100	2	0.15
PoissonCUSP_gammaKC	2	13.087	5.757589649478226	3.4471890482174836	0.04024441313690626	0.011159069490802562	0.025701741313854408	16.45582035115448	61.18931489965326	38.82256762540387	1	0.46153846153846156	NA	597.0166184902191	110.70465316163855	25.436700225388112	188.34733063645288	49.82206168176282	16.509553231144263	5.377106138631985	100	100	2	0.15
PoissonCUSP_gammaKC	3	11.009	8.53595795897089	4.0891780431612945	0.039154026302612874	0.01059782350307081	0.024875924902841844	11.870831611614236	57.7170041442606	34.79391787793742	1	0.5	NA	517.7484707832336	192.1405887170876	245.1130499469825	271.41872385570156	131.846571429748	43.42161518304055	91.83767289229178	100	100	2	0.15
PoissonCUSP_gammaKC	4	12.018	6.389706374032387	3.501415436062114	0.03262586923806818	0.015308900621116405	0.023967384929592293	17.3508085146307	64.83256093682735	41.091684725729024	1	0.46153846153846156	NA	546.138379573822	171.3492955142879	242.9469982698731	221.28646907753924	126.3224250296294	42.06025564790311	93.5712844941438	100	100	2	0.15
PoissonCUSP_gammaKC	5	12.009	8.887312792244957	3.1474217012851304	0.04061443550186542	0.016848613492280777	0.0287315244970731	22.85501433641008	87.35175920939884	55.10338677290446	0.8333333333333334	0.38461538461538464	NA	508.4837284088135	184.47920500277485	238.26916246487318	217.39276535590233	144.41822908659924	50.9461851184207	122.97102884056942	100	100	2	0.15
PoissonCUSP_gammaKC	6	13.067	5.5636764257781355	3.575216025575351	0.04028242130219933	0.010549377006405491	0.02541589915430241	15.42588440547895	54.93802343870303	35.18195392209099	1	0.46153846153846156	NA	566.0077738761902	112.94193473969499	24.740937277042004	203.8223190679293	72.78553893175524	20.2992236621613	5.955477173695941	100	100	2	0.15
PoissonCUSP_gammaKC	7	12.028	5.847709213649817	3.1731611906352395	0.04468679896141846	0.011090338237320523	0.02788856859936949	34.300093089099896	53.06261834845589	43.681355718777894	1	0.46153846153846156	NA	550.1899785995483	185.81078697223006	243.1450872481381	189.95695038404256	71.97858298645424	29.609551650423505	39.856132260405694	100	100	2	0.15
PoissonCUSP_gammaKC	8	12.056	6.182835235798874	3.3867139614226955	0.04105119651612413	0.019117692379963386	0.030084444448043757	22.46524071624094	66.1010491489083	44.28314493257462	0.6666666666666666	0.3333333333333333	NA	553.2348959445953	111.25017328598453	25.12306885965193	206.7701179427219	66.3184966745278	16.540708182157214	4.392339342759272	100	100	2	0.15
PoissonCUSP_gammaKC	9	11.031	4.7715850295700175	3.5505044837627877	0.03422060974194862	0.013611238969977518	0.02391592435596307	29.45465828345471	77.73169936861038	53.59317882603254	0.8333333333333334	0.45454545454545453	NA	580.0802557468414	98.92698790230676	23.178204447031604	164.35963063242946	56.52822288121113	13.708194936877252	4.186065277736552	100	100	2	0.15
PoissonCUSP_gammaKC	10	13.017	6.622384850583052	2.9668697592024884	0.045980895535504995	0.013671013084701812	0.029825954310103403	26.36650573324114	64.74999464669365	45.558250189967396	1	0.46153846153846156	NA	568.3394174575806	110.79090166572199	17.005422906316316	176.4188917667104	56.729913551325524	17.217083543298052	5.02637175272109	100	100	2	0.15
PoissonCUSP_gammaKC	11	11.077	4.752223022371225	3.3882203635488843	0.03638193181719833	0.009176532645843682	0.022779232231521007	37.41374435481328	46.75303939206623	42.08339187343975	1	0.5454545454545454	NA	495.23020577430725	113.67562286271163	21.643255653876714	189.20555713236683	68.36481120677661	13.622610585536803	4.225522189864513	100	100	2	0.15
PoissonCUSP_gammaKC	12	12.014	4.7201657992105295	3.9336736154845893	0.03423059823054645	0.008798169321724416	0.021514383776135432	16.52440208009805	48.673360927328886	32.59888150371347	1	0.5	NA	534.23805975914	117.39420863172374	28.261697135248248	193.07637190239151	113.15047959996863	18.7927390022852	8.015270386241777	100	100	2	0.15
PoissonCUSP_gammaKC	13	12.023	6.404546833447191	3.133226131683722	0.044071930547870085	0.02289353795273272	0.033482734250301405	30.042996200204836	86.73712895103199	58.390062575618416	0.8333333333333334	0.4166666666666667	NA	570.2086236476898	113.81650837097096	31.291468594414045	167.5052687065552	45.991464640735884	14.690978853753382	9.928514217097442	100	100	2	0.15
PoissonCUSP_gammaKC	14	11.085	5.211719365035516	3.2200778928504814	0.04261227535199681	0.01238938889296559	0.0275008321224812	25.718799315535747	49.44480699484495	37.58180315519035	0.8333333333333334	0.45454545454545453	NA	516.1237998008728	112.8988187359996	23.304618367073875	203.54081623807272	59.57296277714897	20.358548835953314	4.929373976687556	100	100	2	0.15
PoissonCUSP_gammaKC	15	12.092	7.836921041785054	3.626661838196662	0.039110195937655065	0.015801911873122146	0.027456053905388605	29.015185684156435	87.42777232262189	58.22147900338916	1	0.5	NA	579.0968778133392	102.74967797309435	20.35565914816196	160.65964166343656	36.99304919744854	14.883632509079066	4.423276039973147	100	100	2	0.15
PoissonCUSP_gammaKC	16	12.05	6.628853388367815	3.2347374638994677	0.048297544471623474	0.013182488583619933	0.030740016527621705	19.595396990056383	57.92248128501406	38.75893913753522	1	0.5	NA	545.3515877723694	111.95092724235903	27.54615616258429	187.5999089108075	33.49824741312962	17.382262366268332	4.855815098440503	100	100	2	0.15
PoissonCUSP_gammaKC	17	11.013	5.092751287076348	3.322346754527521	0.042458823995944805	0.01281449394805453	0.02763665897199967	17.610550692824155	59.04994001138573	38.33024535210494	1	0.5454545454545454	NA	536.2045810222626	133.35145966054387	36.28279551063357	190.15679251223787	62.66744787393491	17.18410599481355	6.944697992978083	100	100	2	0.15
PoissonCUSP_gammaKC	18	14.05	8.722916029276794	3.8555058569341076	0.043509150438813135	0.014667942481946384	0.02908854646037976	21.156930155644094	70.29313440291588	45.725032279279986	1	0.42857142857142855	NA	569.2120900154114	114.81052825717745	24.075228830727752	189.02493033190026	64.26506122102917	17.514531519508772	6.186098341823193	100	100	2	0.15
PoissonCUSP_gammaKC	19	11.007	4.949382894124086	3.1174030640790305	0.043579277556767694	0.011327216003411555	0.027453246780089625	13.205943929908981	48.24786083268664	30.726902381297812	1	0.5454545454545454	NA	487.47465658187866	125.73251092104523	27.083365228977545	228.545266770523	47.269110980044424	19.80316272408706	5.822477672891264	100	100	2	0.15
PoissonCUSP_gammaKC	20	12.051	7.406574291918071	3.4495678193845345	0.0411200762209338	0.019313402832081265	0.03021673952650753	30.705313728284455	98.68625913138939	64.69578642983693	1	0.5833333333333334	NA	556.0206191539764	107.02582828641732	16.75560001676145	164.32453032054119	15.044347840836618	15.155409771741523	6.186585866627809	100	100	2	0.15
PoissonCUSP_invgamma	1	19	4.616708485432812	3.022708688097025	0.02023703366666043	0.0154532794463287	0.017845156556494567	7.574047377202849	49.69666625353485	28.63535681536885	1	0.3157894736842105	NA	609.9030575752258	305.26188378950894	193.37314346598563	246.2434601555185	77.95267943720242	160.41530775980084	238.22967232453396	100	100	2	0.15
PoissonCUSP_invgamma	2	19	5.767398557740823	3.6232590127886817	0.02406129113310716	0.011835282257353448	0.017948286695230305	8.118731494870035	58.267396511947815	33.19306400340893	1	0.3157894736842105	NA	719.9551124572754	280.1240461305328	197.98639863391665	230.09978404030588	59.2362066315214	193.67726470072918	289.45604975812785	100	100	2	0.15
PoissonCUSP_invgamma	3	19	8.689193201105647	3.1903973228515254	0.03367758486791723	0.01212080907338455	0.02289919697065089	10.585041647570804	59.250944882729954	34.91799326515038	1	0.3157894736842105	NA	620.6608119010925	250.02096015515437	193.48948995937903	239.25485781604974	70.96077093020865	206.30029452263398	281.48131518746857	100	100	2	0.15
PoissonCUSP_invgamma	4	19	6.3085820147301845	3.7882077080476817	0.02076646661905221	0.014685923841790537	0.017726195230421373	8.475794303715483	62.37990901208131	35.4278516578984	1	0.3157894736842105	NA	656.5051441192627	268.25060927834164	190.80172972638175	202.04532611049052	67.79746480771351	139.11956648026054	212.9659222678577	100	100	2	0.15
PoissonCUSP_invgamma	5	19	8.937190774775488	3.110540482600129	0.02906326499668991	0.016991398039769606	0.023027331518229756	19.851647971794343	85.85527041220574	52.853459192000045	0.6666666666666666	0.21052631578947367	NA	637.6005699634552	243.08488584189487	163.3473972922889	206.46986070521666	67.05094994419645	155.8145022845884	251.1667999867262	100	100	2	0.15
PoissonCUSP_invgamma	6	19	5.213153859561794	4.316512262311618	0.026301417120617995	0.010713806019275934	0.018507611569946965	9.030503023212846	50.4395627834634	29.735032903338123	1	0.3157894736842105	NA	724.7065589427948	255.72218811654042	191.59806597050482	229.56591032984613	87.79940576407526	192.71611779914164	301.3474580507751	100	100	2	0.15
PoissonCUSP_invgamma	7	19	5.916065526349351	3.1535488050440894	0.028440766299435892	0.012150646388584091	0.02029570634400999	20.447574211081157	52.56018556174411	36.50387988641263	0.8333333333333334	0.2631578947368421	NA	634.185065984726	268.6867320026761	202.86753775772618	220.95145616542507	75.69086923187032	141.25458909518284	185.44775759249265	100	100	2	0.15
PoissonCUSP_invgamma	8	19	6.344404918019772	3.0205955066931094	0.03195265242292593	0.023282393952405236	0.027617523187665582	15.99691255509996	84.08597405539483	50.0414433052474	0.6666666666666666	0.21052631578947367	NA	724.028391122818	210.95652425028493	183.98016623836605	215.84593512359115	69.99718657918478	152.8083357635857	260.1306149022195	100	100	2	0.15
PoissonCUSP_invgamma	9	19	4.812614734467204	3.549886787804728	0.023233556016802423	0.011507749917648266	0.017370652967225345	11.982121826273188	63.637106233304905	37.809614029789046	0.8333333333333334	0.2631578947368421	NA	719.8442060947418	242.7689000494568	176.86642589228717	186.16909040846735	61.94476007284091	148.96782732844088	271.33429901395016	100	100	2	0.15
PoissonCUSP_invgamma	10	19	6.606028486270237	3.0945338381115444	0.028282832384855114	0.014510816312102885	0.021396824348478997	15.05203938295277	62.35435272281825	38.70319605288551	1	0.3157894736842105	NA	657.843442440033	253.2428636255989	189.58079850401228	218.0160856296316	74.10743681112652	213.33146640011972	305.58015941669436	100	100	2	0.15
PoissonCUSP_invgamma	11	19	4.809840574424533	3.3760819631985823	0.02095681762369933	0.009067262200663862	0.015012039912181595	16.993562159235992	45.38240306014403	31.18798260969001	1	0.3157894736842105	NA	642.801234960556	280.90101831926006	189.00367003722093	211.95346634185964	93.39702818539624	100.3168079696344	125.30900766342569	100	100	2	0.15
PoissonCUSP_invgamma	12	19	4.87195926734509	3.7164578915226363	0.0229537710906496	0.008719866856900401	0.015836818973775	19.897247683245492	62.5949141749188	41.24608092908215	1	0.3157894736842105	NA	675.777717590332	244.02050256944094	185.7968252853246	205.5375198806389	98.81444876593014	186.03278143880328	322.0567689762305	100	100	2	0.15
PoissonCUSP_invgamma	13	19	6.266507008166967	3.5018704567510244	0.02428909065186381	0.021473932802239783	0.022881511727051794	13.186858642460674	75.37049625372113	44.2786774480909	1	0.3157894736842105	NA	725.7742791175842	252.15449554068536	195.72362645687357	196.92568539564766	57.74566881074285	114.44336142858118	201.7614507777084	100	100	2	0.15
PoissonCUSP_invgamma	14	19	5.283410124853696	3.151056732815087	0.025517762563447448	0.012566320420573865	0.019042041492010657	12.46878725864828	50.392273766734526	31.430530512691405	0.8333333333333334	0.2631578947368421	NA	624.7711656093597	263.59584216172726	182.75121529800938	234.8083054166625	72.25179403138732	148.2191295581169	215.80202082175924	100	100	2	0.15
PoissonCUSP_invgamma	15	19	7.81303834250753	3.588568334182758	0.026315973607489586	0.017495106562084452	0.02190554008478702	15.736159286735804	86.1484632139392	50.9423112503375	1	0.3157894736842105	NA	694.552793264389	243.9521862476531	193.13298355167382	184.99076124905437	69.76338589131404	188.20156141462047	312.46833522878114	100	100	2	0.15
PoissonCUSP_invgamma	16	19	6.63087950306631	3.2372829713848557	0.030886626030057956	0.013063884666040193	0.021975255348049075	11.050069684765607	56.411395073381414	33.73073237907351	1	0.3157894736842105	NA	646.8011553287506	256.53043783476136	194.5959294102241	231.07184914059664	84.41575966475504	195.99952340842458	257.9135834981221	100	100	2	0.15
PoissonCUSP_invgamma	17	19	4.559551936150637	4.185437479475891	0.019860983065764025	0.01136442596937308	0.015612704517568552	6.299704673509618	52.63138081766887	29.465542745589243	1	0.3684210526315789	NA	730.7934432029724	324.3561592164143	186.35798397422715	239.50695963592398	100.88618410117921	223.9116158242496	358.16394872267125	100	100	2	0.15
PoissonCUSP_invgamma	18	19	8.896916219632663	3.4549070051000283	0.037680675609418644	0.014687921903455284	0.026184298756436963	14.300784346233925	70.22487516523594	42.262829755734934	1	0.3157894736842105	NA	659.1266829967499	198.34638165726005	161.33081906716328	219.28579459181066	71.90291241227833	151.17938627629474	209.71791545494176	100	100	2	0.15
PoissonCUSP_invgamma	19	19	4.920577904769074	3.210646111411724	0.023090716294488833	0.010987288967857865	0.017039002631173347	5.717336757342921	47.56724639294404	26.64229157514348	1	0.3157894736842105	NA	606.012796163559	296.7905121207879	182.20164208814552	260.2934440955205	69.02441067848808	191.86964630860217	279.7301512804352	100	100	2	0.15
PoissonCUSP_invgamma	20	19	7.434340353413236	3.3931088870359765	0.028227155746697815	0.01901905252343044	0.023623104135064125	17.615469034254772	99.09110256723952	58.353285800747145	1	0.3157894736842105	NA	655.9236540794373	240.71043597963535	182.59618044747327	200.65781457415306	68.28390676957555	85.78025740106058	102.53294711068598	100	100	2	0.15
PoissonCUSP_invgammaKC	1	10.099	4.686268662121965	2.9178915558553236	0.04162026167368339	0.015776443330001808	0.0286983525018426	15.931187488241925	48.87731671848093	32.40425210336143	1	0.6	NA	220.60308575630188	79.61958143399094	35.98921449379602	122.51247477434191	112.60769199873216	379.6081052249995	388.95195581048506	100	100	2	0.15
PoissonCUSP_invgammaKC	2	12.595	5.889528825140559	3.475208831757304	0.03575544840014786	0.013205483515242429	0.024480465957695145	19.2281002149939	66.22451422660872	42.72630722080131	1	0.5	NA	252.45257258415222	65.01210747607125	25.859042206543986	72.83603401316194	50.37896245424526	197.91880402453108	312.37407142480066	100	100	2	0.15
PoissonCUSP_invgammaKC	3	13	8.01273235983698	4.224574980986735	0.04043720989573141	0.010925096378736279	0.025681153137233844	12.400080180253704	65.6480252987123	39.024052739483004	1	0.42857142857142855	NA	248.32776308059692	180.64658197446522	228.52505629412468	257.83055879792585	146.54559375475787	330.4130997517386	397.9408428594282	100	100	2	0.15
PoissonCUSP_invgammaKC	4	13.699	6.501811103448482	3.3574647937643474	0.03446610539062789	0.015413662904676743	0.024939884147652316	17.290621685624476	64.33052958089833	40.8105756332614	1	0.46153846153846156	NA	261.9090926647186	116.39641839916996	55.638422227176584	164.56009903569782	74.95550627036125	192.83238949656152	224.94473709545036	100	100	2	0.15
PoissonCUSP_invgammaKC	5	11.359	8.758902874306955	3.5309646379157984	0.041021583966504294	0.016448729219968518	0.028735156593236406	28.26172166534187	87.45987934446103	57.86080050490145	0.8333333333333334	0.45454545454545453	NA	207.04035305976868	124.42048451840927	25.38312164129399	185.46272138877382	36.203886492540015	285.0674087572465	312.1047481801836	100	100	2	0.15
PoissonCUSP_invgammaKC	6	12.435	5.413519193003295	3.5570515274024634	0.03521668692753818	0.019184591197989573	0.027200639062763876	17.529882943069612	66.91509327221495	42.22248810764228	0.8333333333333334	0.45454545454545453	NA	289.4013180732727	35.605811169935826	14.682700752501692	18.598175257750114	6.974098405473025	193.15227204365607	293.86303664054844	100	100	2	0.15
PoissonCUSP_invgammaKC	7	10.876	5.670151153854927	3.399331817533276	0.040093664215781685	0.01426861538638113	0.02718113980108141	21.409275812489167	53.524963768280614	37.46711979038489	0.8333333333333334	0.5	NA	216.15797305107117	43.45565441644205	21.02693402118639	36.7540190933307	25.32286475198841	217.30425200745114	256.08592558310403	100	100	2	0.15
PoissonCUSP_invgammaKC	8	14.219	6.238918623964039	3.2517068096362363	0.036393683489883547	0.01866367533882886	0.027528679414356202	17.671494549150733	66.5855438451194	42.12851919713507	0.6666666666666666	0.2857142857142857	NA	301.5982737541199	127.89838998251537	144.20671932439353	132.07598392636913	103.06944805722635	194.56321498994294	244.77958092736714	100	100	2	0.15
PoissonCUSP_invgammaKC	9	13.619	4.776358448655823	3.5698069597209345	0.031547465956906544	0.01107978936332952	0.02131362766011803	16.968153293586845	62.86260247395008	39.915377883768464	0.8333333333333334	0.38461538461538464	NA	305.4868850708008	82.03290504543341	112.93206791123895	45.79965023867799	68.17008493968314	248.22398902917834	341.6368701485416	100	100	2	0.15
PoissonCUSP_invgammaKC	10	11.82	6.04440980846789	4.027087690327742	0.03371973860518452	0.01700582978732379	0.025362784196254155	20.123860515971842	77.86467065360769	48.994265584789765	0.8333333333333334	0.45454545454545453	NA	241.64687991142273	84.2012733660393	29.9207219707384	137.0399605079124	102.90123749685304	141.78824394608452	211.63489773381752	100	100	2	0.15
PoissonCUSP_invgammaKC	11	11.598	4.814200789918056	3.332810601063725	0.03322330416142852	0.014993012406677778	0.024108158284053147	44.644021746333124	72.12472861581803	58.384375181075576	1	0.5454545454545454	NA	257.6078734397888	54.51278078894785	29.66988805580667	31.183618236135338	13.511442545913491	375.59332395439105	378.1532774054879	100	100	2	0.15
PoissonCUSP_invgammaKC	12	12.998	4.83182181611146	3.6617968665344027	0.0337335415039726	0.008827258820986705	0.021280400162479653	31.80577620544445	50.9088264358396	41.35730132064202	1	0.42857142857142855	NA	267.67417550086975	172.34507099652862	231.7210746650432	199.823738030301	161.79792071016783	168.69694681498046	278.27098852559885	100	100	2	0.15
PoissonCUSP_invgammaKC	13	13.445	6.523217462701662	3.1021549516770195	0.0390963827859526	0.025224363612909546	0.032160373199431075	26.579368884009764	85.70261522870955	56.14099205635966	0.6666666666666666	0.38461538461538464	NA	276.82904529571533	53.298669077397015	34.455356574354035	59.54213161377613	70.71603623447162	106.32497606377493	186.48763409470516	100	100	2	0.15
PoissonCUSP_invgammaKC	14	12.988	5.334774032470488	3.0623413140350446	0.034120988863292664	0.012938324646119978	0.02352965675470632	30.17311759252496	49.96709301897984	40.0701053057524	0.8333333333333334	0.35714285714285715	NA	251.08350348472595	221.63294217379834	243.53337783155158	209.6225641053184	111.64721888776965	168.76608400379607	220.55181632570395	100	100	2	0.15
PoissonCUSP_invgammaKC	15	15.159	7.81640421779178	3.424910489209369	0.03372340801609788	0.019623512040908467	0.026673460028503175	26.473802531076753	107.70909042899355	67.09144648003515	0.8333333333333334	0.35714285714285715	NA	319.6588888168335	53.78523011094401	21.41272458812622	36.14346925203933	25.43361465138507	102.64944126047928	261.55732147600907	100	100	2	0.15
PoissonCUSP_invgammaKC	16	13.145	6.719381888921498	3.1972561948264433	0.044159638596325275	0.013186894972972705	0.02867326678464899	17.568858285718797	57.87447819054295	37.721668238130874	1	0.46153846153846156	NA	261.57201504707336	78.44979330066701	55.380766658700196	48.138324143833934	15.19195934042623	221.38303454565175	307.9968619936118	100	100	2	0.15
PoissonCUSP_invgammaKC	17	11.928	5.115014736213088	3.42853400270629	0.03575366250579499	0.015896909521165816	0.0258252860134804	17.195139190773467	61.957271784173514	39.57620548747349	1	0.5454545454545454	NA	265.5187566280365	73.36989841325914	127.49052469574086	47.87122839139177	94.41657440532813	216.7283686193417	326.10618232675256	100	100	2	0.15
PoissonCUSP_invgammaKC	18	14.999	9.054883866737924	3.3530117427818373	0.040825618124489094	0.01880477739021117	0.029815197757350132	31.336155430512765	85.61550301298774	58.47582922175025	0.6666666666666666	0.25	NA	283.84410548210144	160.54309764120097	217.58949882191308	187.71765074648752	101.51977785338116	126.85331308545844	185.48052521521183	100	100	2	0.15
PoissonCUSP_invgammaKC	19	11.645	4.9518020166220795	3.1210749822831754	0.039564631035101244	0.011340847148848799	0.02545273909197502	14.277043911263032	50.18582025458957	32.231432082926304	1	0.5454545454545454	NA	222.56737279891968	99.91885020955645	36.441367127972335	172.17671869133406	89.77793961514335	270.97282536051523	365.0930111842847	100	100	2	0.15
PoissonCUSP_invgammaKC	20	12.999	7.510265500912061	3.2421831017997085	0.038602925780177016	0.018237249532347302	0.02842008765626216	33.55952776574817	99.43952275459273	66.49952526017046	0.8333333333333334	0.35714285714285715	NA	284.8269565105438	164.4391668551752	229.52400741534362	186.49311033421887	139.18694214615442	119.89492224306392	139.3725739655603	100	100	2	0.15
PoissonMGP	1	7	3.2696574368725835	4.578084338438372	0.008759802262060563	0.003826226912727846	0.006293014587394204	6.4252123683273155	31.53389889987858	18.979555634102947	1	0.8571428571428571	NA	540.0037288665771	133.50118141664387	36.82599808519099	323.0146863440649	190.78782758590353	27.69641103509931	9.921428429279153	100	100	2	0.15
PoissonMGP	2	8	4.043650135947882	5.591638034441963	0.018235205722654753	0.006140611601112984	0.012187908661883868	9.91238597512821	41.20681038091354	25.559598178020874	1	0.75	NA	584.5193109512329	135.3636091401758	34.00521779330305	286.76760590094403	144.65141141257024	27.10068258024295	11.037105136663522	100	100	2	0.15
PoissonMGP	3	7	7.120006998973266	5.584842089907161	0.021820100648810424	0.004077944994205173	0.012949022821507799	6.013685224607898	52.60250508014443	29.308095152376165	1	0.8571428571428571	NA	553.8384017944336	135.60444020601605	28.844022115510324	357.12452966758053	146.24192275611983	27.291721062046616	8.349389388699974	100	100	2	0.15
PoissonMGP	4	8	5.362731886074081	4.951219423655519	0.020154349426998664	0.008464994798230992	0.014309672112614828	9.259224637740152	49.741974146542006	29.50059939214108	1	0.75	NA	606.5075526237488	123.71567057905277	28.59265387155604	240.6830421400502	124.48638169283166	26.904839234784227	13.761876301668218	100	100	2	0.15
PoissonMGP	5	8	7.163654365502172	5.8987826185346	0.0299777641821992	0.00803957406465446	0.01900866912342683	21.5607815746735	46.80949522021897	34.18513839744624	1	0.75	NA	557.6180210113525	117.71444376581897	32.1988464156695	212.43926047434547	117.41345781620858	27.956551527095044	10.803587360559689	100	100	2	0.15
PoissonMGP	6	8	3.956553602768434	5.812130342696611	0.01598232130496491	0.003988354957745056	0.009985338131354984	6.616573394888498	40.10788768757234	23.362230541230417	1	0.75	NA	603.8043644428253	131.4467940868079	28.99604229940629	277.88568114282276	117.33866881285302	29.234979153155237	12.310174622607718	100	100	2	0.15
PoissonMGP	7	8	4.765799053868698	4.82737617050534	0.028125015137227035	0.005795180503184551	0.016960097820205793	12.23244815204538	44.98137169051343	28.606909921279403	1	0.75	NA	578.3778262138367	129.08114390291905	25.92346143135259	243.1087377703907	101.755520373216	30.848392834574895	9.032020223730553	100	100	2	0.15
PoissonMGP	8	8	4.645767746543345	5.495153195189968	0.017043919176743725	0.006168501169642662	0.011606210173193193	10.41877017603691	49.65887763969744	30.038823907867172	1	0.75	NA	601.7438983917236	122.64022069032538	26.51050853513291	261.9066331798171	143.2073196364267	30.968495625592077	11.174225131916002	100	100	2	0.15
PoissonMGP	9	8	3.9732492469427907	4.59900864478492	0.014205129787808414	0.0062471730050213175	0.010226151396414866	10.301794371364165	43.577011978798225	26.939403175081196	1	0.75	NA	620.7627227306366	125.69624956392187	42.22249586563667	242.742875047218	146.15014916504657	24.936705800455975	19.033630252774454	100	100	2	0.15
PoissonMGP	10	8	5.618003265969811	4.826304811277648	0.020473164289173257	0.006928517333117062	0.01370084081114516	11.71875919671123	48.80886366464817	30.263811430679702	1	0.75	NA	580.826432466507	123.56892823157465	18.7278880501818	251.41056042072998	98.31159209686794	28.322956110503693	11.188528528042728	100	100	2	0.15
PoissonMGP	11	8	4.295103987093152	4.277178622182295	0.016976116180093623	0.005638810295875783	0.011307463237984703	8.60012492659869	38.30204381810969	23.451084372354188	1	0.75	NA	579.114385843277	137.93690743831206	36.27087036627176	288.7436281539579	122.8482658540789	26.010998793377674	10.389734097170546	100	100	2	0.15
PoissonMGP	12	10	4.323285879982564	4.511580771189676	0.018859443233684495	0.0045823911542271795	0.011720917193955838	17.917769443407337	43.8855900124838	30.90167972794557	1	0.6	NA	585.4118504524231	125.43070712932983	28.025404164689128	227.98691041224026	140.01397975179853	28.40660680522463	11.62999785523368	100	100	2	0.15
PoissonMGP	13	9	5.868582679310517	4.357340542109926	0.02675995118089261	0.01230481559619171	0.01953238338854216	19.035026805162694	54.62463269632994	36.82982975074631	1	0.6666666666666666	NA	601.3012540340424	118.52009843501983	35.170356300699964	213.89884977736423	106.25184030745979	28.47575797323114	10.512431932081808	100	100	2	0.15
PoissonMGP	14	8	4.2044226408702565	4.6910860935531	0.014366315332540354	0.004591673798775115	0.009478994565657733	9.876131533723889	42.27498042073759	26.075555977230742	1	0.75	NA	531.9504487514496	128.99577566420263	33.8913986877954	255.3322829873058	148.91281901721163	30.61096157372753	11.799379478090087	100	100	2	0.15
PoissonMGP	15	9	6.28447872913296	5.8756237627781	0.01789762391517778	0.005986713759425212	0.011942168837301495	15.548888924751317	62.29604245508389	38.9224656899176	1	0.6666666666666666	NA	595.811354637146	115.95920406942223	32.574732773764694	234.06066710136048	104.27741660261643	28.26794347342529	10.910479708242248	100	100	2	0.15
PoissonMGP	16	8	4.747182684645199	5.685178878386161	0.01704810622441839	0.006616057841523882	0.011832082032971137	7.657121851790844	46.49445297470462	27.07578741324773	1	0.75	NA	577.8597683906555	131.38837915628443	35.53249181639274	267.7238312878532	109.37273582749125	27.298920142288214	10.960520821624494	100	100	2	0.15
PoissonMGP	17	8	3.914991174212518	4.894607633169439	0.01828813836466515	0.00575090028180337	0.012019519323234262	8.884373824259466	40.73269639178458	24.80853510802202	1	0.75	NA	604.5412776470184	146.8169751365865	42.58316705937169	286.9671069011245	133.88772315870827	30.989231502060836	13.674996606597887	100	100	2	0.15
PoissonMGP	18	9	7.530423660118736	5.752036111934447	0.025031314614307236	0.0076174049194682614	0.016324359766887748	13.733581282483486	57.73644858176217	35.73501493212283	1	0.6666666666666666	NA	574.5336608886719	131.7097212389673	41.152648780335234	248.49278665623325	144.94586321183058	29.118138920550987	16.732241007663625	100	100	2	0.15
PoissonMGP	19	7	4.05548780631352	4.442835573670356	0.019023438578061734	0.0053831972183312725	0.012203317898196503	6.190401687986119	41.53346628746168	23.861933987723898	1	0.8571428571428571	NA	543.1836721897125	146.0469803901046	32.60549552764854	320.7211384730624	135.30281827410582	30.221478713999204	12.368949601471394	100	100	2	0.15
PoissonMGP	20	8	4.668065220442049	6.733400483945145	0.01587153531811553	0.003956586604347581	0.009914060961231555	11.323062641812806	45.41917912158668	28.371120881699742	1	0.75	NA	625.8759670257568	112.05422232067535	22.29280485363483	239.49721179762363	121.04329163136197	26.81259731245702	11.498617251738995	100	100	2	0.15
CompressiveNMF	1	6	2.9631931301236025	4.479898849407714	0.0020280154940899553	0.0026472414840475592	0.0023376284890687573	0.49952081064249554	28.81153772322847	14.655529266935481	1	1	0.9906646285139151	1548.4538288116455	706.4672876911771	381.7621183152281	820.1482258367452	272.18470848263564	425.1909110022616	233.00835926893663	200	100	2	0.15
CompressiveNMF	2	6	4.39515263561444	5.671998728680033	0.002146265605276693	0.0024837422168175836	0.0023150039110471383	1.1367453423772298	39.38329894955302	20.260022145965127	1	1	0.9931088199773702	1610.3019740581512	693.0428418807487	380.58822877130666	810.8101030532929	280.698848714445	470.8448004525201	217.12406793209158	200	100	2	0.15
CompressiveNMF	3	8	4.968872407893994	4.694262908609428	0.031974435466558364	0.010173802522219565	0.021074118994388963	15.765761301015138	51.653584233893206	33.70967276745417	1	0.75	NA	1713.99795460701	613.2253012622157	411.87977368299767	709.4766322687618	353.879566376725	317.777999011698	173.93196743600532	200	100	2	0.15
CompressiveNMF	4	7	4.43640745691583	4.983739991471091	0.03045053428724365	0.004672487555117887	0.01756151092118077	7.85853125014268	41.36160785285244	24.61006955149756	1	0.8571428571428571	NA	1777.2262847423553	657.2791647527544	396.4599957975857	769.1515622818964	304.67473779462705	383.6787988480696	241.26985180129856	200	100	2	0.15
CompressiveNMF	5	7	5.66490436798454	5.709724633573275	0.022654767393573517	0.008365287405555168	0.015510027399564343	11.169795547456006	50.240061938341725	30.704928742898865	1	0.8571428571428571	NA	1737.665274143219	649.964650579196	406.00182284716254	775.1642599841243	300.06980379079175	367.1380561819669	202.81823645411396	200	100	2	0.15
CompressiveNMF	6	7	3.906615895001116	4.309788666696904	0.0303849915761824	0.005073075437357108	0.017729033506769753	6.284866564011546	36.43303691275718	21.358951738384363	1	0.8571428571428571	NA	1551.5268411636353	655.8908973686925	400.682300446267	762.2546863622347	316.58213000324014	339.2877682884428	189.3727185146311	200	100	2	0.15
CompressiveNMF	7	7	5.329254865346542	4.481305554451697	0.03196353632187266	0.007507985048243205	0.019735760685057932	15.315714251963314	42.36550015877341	28.84060720536836	1	0.8571428571428571	NA	1609.3885815143585	661.1122641837799	402.94967216192833	750.8962288076993	329.51985152134426	357.3491856612326	176.14918477976872	200	100	2	0.15
CompressiveNMF	8	8	5.183568433581592	4.110548344687293	0.04153475451210888	0.009338558217692748	0.025436656364900816	13.265208479770484	45.23200374149981	29.248606110635148	1	0.75	NA	1686.4427981376648	607.7703818432807	415.9504370748522	712.9842198680508	346.11950554398874	312.65349907523427	144.75630161764255	200	100	2	0.15
CompressiveNMF	9	7	4.9937407477027	5.299219718125456	0.024313499448073303	0.006263430851781561	0.015288465149927433	12.983846580463574	45.53736065321038	29.260603616836974	1	0.8571428571428571	NA	1737.279159784317	660.2847333755444	394.0166107309753	757.5449190276204	322.88017654939864	359.6299849830809	186.98273110276602	200	100	2	0.15
CompressiveNMF	10	6	3.8672959721544533	4.983514493891204	0.0018173807283639889	0.0033106480507022317	0.0025640143895331105	0.8402684156296822	37.7842494401184	19.31225892787404	1	1	0.9899240367127227	1687.1776387691498	699.5595243768496	381.45848368082073	814.5620377100846	278.94874995281197	466.3642896447194	256.4036015060509	200	100	2	0.15
CompressiveNMF	11	7	5.264966048195691	5.9896533991053404	0.020056550995609355	0.004589084948625696	0.012322817972117525	9.262062631159294	50.394804011963856	29.828433321561576	1	0.8571428571428571	NA	1722.5143790245056	656.4390838987975	402.6490257771292	747.4135127035256	337.25630618892166	317.45368763004404	173.84029034990755	200	100	2	0.15
CompressiveNMF	12	7	3.959372310760303	5.846987778926359	0.01964332834953065	0.0037809014156850516	0.01171211488260785	4.616588717697184	37.41008076369654	21.013334740696862	1	0.8571428571428571	NA	1705.343444108963	653.3452190627905	406.29066533590515	745.2601440971134	342.0491476710827	399.2269558335308	256.9457869207485	200	100	2	0.15
CompressiveNMF	13	7	5.504875629669865	4.766749056424372	0.030961930169009715	0.006598830193743888	0.018780380181376802	6.047744662155468	45.420642683492	25.734193672823732	1	0.8571428571428571	NA	1640.7403995990753	655.3965788072261	401.8498353506741	766.039730895359	307.4199491628128	366.9077319915845	132.45661569304872	200	100	2	0.15
CompressiveNMF	14	6	3.715721698245036	5.155494960257267	0.0026001123287805964	0.0024611783778194303	0.002530645353300013	1.4021379565258336	38.92790184965909	20.16501990309246	1	1	0.9936171764690617	1778.4869227409363	697.7153539455466	386.36065456393374	806.781018502346	277.93055883261036	411.5672431617911	186.8179378244955	200	100	2	0.15
CompressiveNMF	15	6	3.7626478613470113	5.170935426662821	0.0019659076524121974	0.0035386475036076398	0.0027522775780099186	2.1073811138164205	36.60612683466501	19.356753974240718	1	1	0.993642703411426	1752.1437842845917	696.5477379023724	382.1368631787312	793.502722439419	302.42406439332876	406.0786546747933	153.2361359102047	200	100	2	0.15
CompressiveNMF	16	6	3.214270002489375	5.049417987014556	0.0021221087792370964	0.0027154210019872138	0.002418764890612155	2.513917298136298	34.53860981551114	18.526263556823718	1	1	0.9905804024943304	1595.4182200431824	695.7179203271631	384.1512201637942	811.8332223933505	274.26015038865086	318.5166529883284	76.26805798265275	200	100	2	0.15
CompressiveNMF	17	7	5.887492229307737	5.4012199592316	0.026871611007964605	0.005403084816803671	0.016137347912384137	9.378041537547793	46.26185601863983	27.819948778093814	1	0.8571428571428571	NA	1649.965163230896	658.7837369020154	407.48729762518	764.8549898861284	313.7161845154225	316.93517462678403	100.81281112375787	200	100	2	0.15
CompressiveNMF	18	7	4.759035246165282	5.280390278843459	0.0268525922684525	0.006825082597044917	0.016838837432748707	9.380770712550596	44.247516361307504	26.814143536929052	1	0.8571428571428571	NA	1667.3954277038574	651.8236273531733	398.8774115887115	763.0062795023099	312.90530707809455	357.7941894776316	240.12617089532063	200	100	2	0.15
CompressiveNMF	19	6	3.3271056950318565	5.439055790219596	0.0016688213140228442	0.0028155771036829026	0.0022421992088528736	1.1785290136105573	32.177470753009885	16.67799988331022	1	1	0.9933810620124073	1679.9752237796783	699.0502354283324	378.43440500208885	820.2682780431172	265.5100064038129	433.66178006288305	210.88118385362884	200	100	2	0.15
CompressiveNMF	20	8	5.576656288446188	4.38457407444129	0.033460565634786256	0.007609458704587295	0.020535012169686777	12.75478176355113	58.53982502876884	35.647303396159984	1	0.75	NA	1745.797173500061	612.2025261061096	415.94471548384274	718.53390193872394	337.6713268308117	337.8341077158633	200.96873853331837	200	100	2	0.15
PoissonCUSP_gamma	1	10.034	3.8940615411072845	3.391054790398667	0.04016863630626617	0.014032943473294349	0.02710078988978026	16.958006557343513	49.59561511553183	33.27681083643767	1	0.6	NA	977.589008808136	107.33095793464081	40.397424215178546	264.765376068462	141.81094564540132	14.272541063917751	6.038150095194517	200	100	2	0.15
PoissonCUSP_gamma	2	14.015	6.34974572513434	2.8835202579868797	0.0494478927813184	0.0187548585642623	0.03410137567279035	19.21872009121439	72.92257150531303	46.07064579826371	0.8333333333333334	0.35714285714285715	NA	1045.478669643402	92.15966377755187	22.728452647577896	221.8811163829675	48.15151606700759	14.230045285810519	6.382424376640325	200	100	2	0.15
PoissonCUSP_gamma	3	14	6.084341785889009	3.1205411911104357	0.048339869547390335	0.01631620393428237	0.032328036740836355	15.932326253368633	63.88626489383175	39.90929557360019	0.8333333333333334	0.35714285714285715	NA	1131.9462864398956	94.81719290381182	26.010165207987942	237.33495990943507	53.563706897062865	15.371707299247253	7.191716695379345	200	100	2	0.15
PoissonCUSP_gamma	4	13.012	5.8401810123313584	3.43491739885278	0.04537627268751033	0.016664382226867464	0.031020327457188898	21.531097883649775	68.8977239505416	45.21441091709569	1	0.46153846153846156	NA	1126.1533694267273	98.32052374413156	22.323381816054596	208.42005605204474	68.09749784969013	15.840030447140816	6.828788056718564	200	100	2	0.15
PoissonCUSP_gamma	5	14.039	7.5376478783002065	3.1901143456206085	0.046152366104166904	0.01881180638640926	0.03248208624528808	18.71525440439587	80.48107216656338	49.59816328547963	0.8333333333333334	0.35714285714285715	NA	1171.8999223709106	85.39876679932995	22.879210874779798	214.557018854115	57.86127992204996	14.912009049213832	8.501638342936008	200	100	2	0.15
PoissonCUSP_gamma	6	13.005	4.905892630548549	2.9659695611960495	0.04634003134778795	0.011703263415852247	0.029021647381820097	14.745975508580065	50.10751342997371	32.42674446927688	1	0.46153846153846156	NA	1011.9127676486969	94.19274676638591	21.38352029572716	214.10137635898562	39.39245705162501	16.301763176753244	6.949032600178322	200	100	2	0.15
PoissonCUSP_gamma	7	14.006	6.141918542055951	3.3198249766922414	0.04395815682215467	0.01416919651680418	0.029063676669479423	16.692695489315305	61.1031800828012	38.89793778605825	1	0.42857142857142855	NA	1092.7000601291656	93.85157208110648	24.60046873196593	212.62085126767357	46.49108300198797	19.26954874803743	9.05453099184189	200	100	2	0.15
PoissonCUSP_gamma	8	14.019	6.054634616429199	3.003388262809259	0.04561561333569352	0.01838974886619989	0.03200268110094671	17.649731092612548	64.27386893664772	40.96180001463013	0.8333333333333334	0.35714285714285715	NA	1129.468765258789	83.35423743918814	18.525512060318384	213.00094883252652	63.67411213314029	13.03668670045194	4.895117379703633	200	100	2	0.15
PoissonCUSP_gamma	9	12.006	6.268018487327993	3.739262104744547	0.03895101876123293	0.0192815708668663	0.029116294814049613	22.310158650286475	85.40973001655885	53.85994433342266	0.8333333333333334	0.4166666666666667	NA	1120.9975237846375	92.93220120275308	29.65628669144511	224.73525356520096	66.0864686721265	10.86023843459943	3.1187766013716742	200	100	2	0.15
PoissonCUSP_gamma	10	13.009	5.312373962240771	3.3346351125470286	0.04545092917140106	0.010932124170842683	0.02819152667112187	15.188975626836955	49.4163942609363	32.302684943886625	1	0.46153846153846156	NA	1104.9191899299622	91.28558273558403	24.418203865616352	231.57893566173655	57.62026257742695	13.95748516556594	6.142822903068144	200	100	2	0.15
PoissonCUSP_gamma	11	17.006	7.187292690483717	3.2446588876083493	0.051170809971184054	0.01656826526313388	0.03386953761715897	17.52561072520923	69.0002270386857	43.26291888194746	0.8333333333333334	0.29411764705882354	NA	1240.4206993579865	85.10983931819618	16.874816599472805	215.73252411618694	63.02833745205001	17.63887847103	6.353932251889857	200	100	2	0.15
PoissonCUSP_gamma	12	12.063	5.8875473423475135	3.844881588000684	0.03661117838367883	0.024330123567527236	0.030470650975603034	43.02253925906524	100.50830133008827	71.76542029457676	1	0.5	NA	1097.6054756641388	86.79822379583547	26.221271440692803	203.90139906832562	74.19386111817646	12.650117474142426	3.711335989442961	200	100	2	0.15
PoissonCUSP_gamma	13	13.003	6.764385964820324	2.948760042981129	0.05783468960425561	0.013989135976967628	0.03591191279061162	27.53894554307802	60.18550520740867	43.86222537524334	0.8333333333333334	0.38461538461538464	NA	1047.547353029251	95.15817910071976	24.006989071926828	257.2834206244436	76.3261824185803	16.175977703778486	7.170174041298694	200	100	2	0.15
PoissonCUSP_gamma	14	15.014	5.257662626236316	3.2141899148647486	0.042148048688367135	0.014587144600084232	0.02836759664422568	17.64419290234302	60.92829375191489	39.28624332712896	1	0.4	NA	1208.7942969799042	77.11277301947283	15.361523750677575	205.1939109059825	61.52393033640362	15.510812497795984	8.36429726583233	200	100	2	0.15
PoissonCUSP_gamma	15	16.005	5.6185987736953065	2.8288523428501824	0.0497143761887226	0.01709040032599054	0.03340238825735657	30.16769182832754	84.78685286030768	57.47727234431761	1	0.375	NA	1234.2266972064972	79.9181419849016	18.773821668617924	193.65120532100505	51.341848160872786	13.307481956099274	5.0497688132624905	200	100	2	0.15
PoissonCUSP_gamma	16	13.017	4.790074555857599	2.958449491966833	0.04656000464380129	0.01446717893814003	0.03051359179097066	16.262698880461276	58.29915542503283	37.280927152747054	1	0.46153846153846156	NA	1053.9439597129822	97.24562879605607	23.2754869216313	225.56392657340507	66.68448811758948	14.787502326777041	7.230162745539606	200	100	2	0.15
PoissonCUSP_gamma	17	16.007	7.305440805693089	3.424059126920789	0.042068475872352164	0.017540470280619273	0.02980447307648572	19.84246883235148	72.7583015617318	46.300385197041635	1	0.375	NA	1202.9432837963104	85.32995215329217	17.883858123211606	183.42671733271527	40.27240602025182	15.823341391154091	9.608177241342412	200	100	2	0.15
PoissonCUSP_gamma	18	15.011	6.235762987639078	3.1285602792568508	0.04943930782905224	0.01959381271001325	0.034516560269532745	18.33894372138576	75.02767834852564	46.6833110349557	1	0.4	NA	1190.143347978592	87.38365654104179	21.082554770562357	210.71779329187166	40.90941902242248	13.918682929246328	6.474462476737633	200	100	2	0.15
PoissonCUSP_gamma	19	13.023	4.924163437602183	3.787281755655703	0.047522253051637195	0.012130172819974926	0.029826212935806062	15.963421428177968	47.76134335614858	31.862382392163273	1	0.46153846153846156	NA	1072.1273889541626	90.63132275254462	24.351988269026226	232.97333009127448	71.65801199655019	18.11108080353441	10.490208203138941	200	100	2	0.15
PoissonCUSP_gamma	20	15.002	6.4913037810800045	3.0997032962617395	0.04759773710274533	0.019060950010552455	0.03332934355664889	18.477992335263558	89.79777681711839	54.13788457619097	1	0.4	NA	1200.7486865520477	83.84856248230673	18.20737678548993	209.6769276937479	39.0986297197775	14.493750142225586	6.794552884795476	200	100	2	0.15
PoissonCUSP_gammaKC	1	10.028	3.95304711329822	3.367612582886428	0.03543689818129797	0.011985370573769034	0.023711134377533503	13.708861363856132	47.76594381492095	30.73740258938854	1	0.5454545454545454	NA	981.2377316951752	184.4916049684529	253.13389888554198	252.60412437251244	138.7215232790197	20.89438204387159	26.29637050286126	200	100	2	0.15
PoissonCUSP_gammaKC	2	14.035	6.315268905962381	2.948315942769466	0.0506557570779518	0.014249701525576424	0.03245272930176411	15.935550578700461	62.27645601222285	39.106003295461655	1	0.4	NA	1057.6632933616638	150.17441370408181	221.7471457754978	215.99248910388005	57.095562726781345	18.189780883157812	9.452581713499459	200	100	2	0.15
PoissonCUSP_gammaKC	3	14.025	6.094135390349531	3.113294540516682	0.04446206785718999	0.017121341343660303	0.030791704600425143	15.24247480270112	68.65738836130541	41.949931582003266	0.8333333333333334	0.3333333333333333	NA	1080.3014464378357	152.53386703744098	221.6208328561185	223.96961753175609	56.01417675166213	20.197168360987824	21.11068148260206	200	100	2	0.15
PoissonCUSP_gammaKC	4	11.022	5.400023650643459	3.936103972959951	0.03619161216183779	0.013529116710955774	0.024860364436396783	21.856065603861232	60.705388378140256	41.28072699100075	1	0.5	NA	1032.0562491416931	168.6850988678325	241.20667709828328	207.10705224046671	73.85787427588043	23.90333299763805	33.09888081495836	200	100	2	0.15
PoissonCUSP_gammaKC	5	15.029	7.6216253632075075	3.1055614076862668	0.04621998269617103	0.019548146300210675	0.032884064498190854	18.82680110630008	84.75962740732511	51.7932142568126	0.6666666666666666	0.26666666666666666	NA	1189.0065484046936	84.71177265901339	20.40219039506151	209.51623152827997	44.01012786805824	14.88992404094715	4.768816693509541	200	100	2	0.15
PoissonCUSP_gammaKC	6	12.075	4.903616458633543	3.0362333836523745	0.040876268864671265	0.01187863625178371	0.026377452558227488	14.48252729929549	51.38864607493485	32.93558668711517	1	0.46153846153846156	NA	974.9446756839752	158.877419499736	224.3028220367827	196.2365342188624	57.28306976742514	16.240716291658178	9.363567046805052	200	100	2	0.15
PoissonCUSP_gammaKC	7	15.02	6.235156406592181	2.935668481949608	0.048574769718968416	0.015376193143665203	0.03197548143131681	17.18209356144437	62.22423098144346	39.703162271443915	1	0.4	NA	1115.3117747306824	87.3217110889635	22.666441947175244	209.32743745866193	41.01709804611479	15.66859075797361	7.712028355279366	200	100	2	0.15
PoissonCUSP_gammaKC	8	14.013	6.188878763933124	2.841845380399169	0.04871678974716181	0.018341879695391094	0.03352933472127645	16.5625647354272	67.19862542930422	41.88059508236571	0.8333333333333334	0.35714285714285715	NA	1093.2008395195007	89.37675923764101	25.105276876611338	221.8700506571386	49.49897071315159	14.505053892236328	5.234629792988393	200	100	2	0.15
PoissonCUSP_gammaKC	9	13.393	6.2559151206765415	3.707561336220284	0.0358628100457425	0.026132317603588102	0.0309975638246653	26.45814446728226	116.19969419276961	71.32891933002594	0.8333333333333334	0.38461538461538464	NA	1129.642707824707	80.10068605787423	28.1741064460123	175.88423092279626	77.785041643661	13.351639103969221	3.9076814339863075	200	100	2	0.15
PoissonCUSP_gammaKC	10	14.008	5.411939696609101	3.108206919622842	0.0451883352761642	0.012554374454175708	0.02887135486516995	13.70734944135527	51.932618028791026	32.81998373507315	1	0.4	NA	1129.285159111023	147.12105679200164	223.17575686500257	240.15545879365405	64.91957400558492	28.49736452467746	43.022501062046906	200	100	2	0.15
PoissonCUSP_gammaKC	11	17.01	7.004105742371988	3.695402798166921	0.04997703737364724	0.016070152072625955	0.033023594723136596	19.209366849907322	71.19496259717033	45.20216472353883	0.8333333333333334	0.29411764705882354	NA	1227.4621968269348	83.48497877423193	14.918465357530273	201.17212628233216	52.1371972358974	14.937509269107647	7.7948367806426395	200	100	2	0.15
PoissonCUSP_gammaKC	12	13.017	6.218443495268566	3.3526570725535154	0.04041510493144957	0.02605344064746818	0.033234272789458875	29.23686509972659	106.07934116246084	67.65810313109371	1	0.46153846153846156	NA	1143.9372789859772	88.92821455874035	26.62166574160745	215.077115953547	61.29462720542347	12.767093983006077	5.315026794299788	200	100	2	0.15
PoissonCUSP_gammaKC	13	13.006	6.672635221466721	3.0970935766595646	0.04881910653229382	0.01580924405388399	0.03231417529308891	26.28921381586293	57.64040317988775	41.96480849787534	0.8333333333333334	0.38461538461538464	NA	1064.4397978782654	92.67814042156962	22.439155438532097	217.9632817806258	44.250765780245544	12.685567722081347	7.6186918635424945	200	100	2	0.15
PoissonCUSP_gammaKC	14	14.02	5.194284823803105	3.397397565500998	0.037744872150075104	0.013068879148107034	0.025406875649091068	17.35350121381563	57.49010656005957	37.4218038869376	1	0.4	NA	1140.3435499668121	135.5843953244151	226.75535026641114	210.42886662408904	63.84284101910647	23.942315763440185	34.30725648462361	200	100	2	0.15
PoissonCUSP_gammaKC	15	16.02	5.549565740813442	2.8550853749516474	0.04784716721138688	0.01587320514239047	0.031860186176888676	25.52765963489538	64.19326474037457	44.86046218763498	1	0.375	NA	1231.327351808548	82.01776966556221	20.06287060790196	209.9372906683352	48.02529704167255	16.12370930406355	5.085797966894219	200	100	2	0.15
PoissonCUSP_gammaKC	16	11.682	4.692495769333031	3.1935885871462655	0.04227938486740332	0.01392156554390966	0.02810047520565649	18.041555245302987	56.59038324575657	37.31596924552978	1	0.5454545454545454	NA	1020.2375643253326	71.3555267030438	38.33326518196972	137.71186061130325	122.8130008700183	15.826010827058782	11.429136781759155	200	100	2	0.15
PoissonCUSP_gammaKC	17	15.018	7.358238725243706	3.3244297507947556	0.043069362509551984	0.017325620577050428	0.030197491543301206	21.41072747753457	72.28819002292657	46.84945875023057	1	0.4	NA	1170.1015377044678	87.83746018596352	20.118988304588946	188.24705261460664	43.02529330332346	12.388144509232315	6.595030985621182	200	100	2	0.15
PoissonCUSP_gammaKC	18	15.008	6.233855527701259	3.173875113935682	0.04588215990725771	0.019933605818615426	0.03290788286293657	17.01317800616324	77.55563545259082	47.28440672937703	1	0.375	NA	1174.7474627494812	137.73570248725034	214.48378422302721	225.23277688684001	79.09968377163489	25.374314884654112	54.99833193686628	200	100	2	0.15
PoissonCUSP_gammaKC	19	12.008	4.906146260788621	3.8107486539002737	0.043587928163493654	0.012168660773326683	0.02787829446841017	14.783466953737289	46.3434345547278	30.563450754232544	1	0.46153846153846156	NA	1053.3401691913605	157.9395278568899	239.0528533068791	256.71594168917517	97.58175251083294	30.002934273178663	54.55012484896132	200	100	2	0.15
PoissonCUSP_gammaKC	20	14.025	6.493894970923621	3.2021820281807747	0.04492789051145197	0.017955467270933344	0.031441678891192655	19.881817623428965	89.59735691924195	54.73958727133545	1	0.42857142857142855	NA	1162.5082800388336	83.98164576635882	19.30787699380037	207.92879101763637	45.0175738469518	13.790156544949852	6.7524436945232615	200	100	2	0.15
PoissonCUSP_invgamma	1	19	4.168147799075921	2.8715975725157366	0.031171920227265514	0.013817298172159086	0.0224946091997123	17.512855973695725	44.47027006629684	30.991563019996285	1	0.3157894736842105	NA	1217.3658866882324	206.17684949734	145.75390530545255	247.20642771299836	64.25635557830002	130.0636639826818	220.42195702480444	200	100	2	0.15
PoissonCUSP_invgamma	2	19	6.15646508192735	3.495963329106467	0.029285609807874924	0.016868648734010012	0.023077129270942468	11.6718679596105	70.70617951363117	41.18902373662083	1	0.3157894736842105	NA	1240.0863819122314	195.78620288514676	136.92948469692632	246.38834260468732	94.33504054629365	112.59808196637117	198.64653240772	200	100	2	0.15
PoissonCUSP_invgamma	3	19	6.1442421769115905	3.141883064825184	0.031820977497176495	0.019644312047579354	0.025732644772377924	12.661248717095482	77.38319558141657	45.022222149256024	0.8333333333333334	0.2631578947368421	NA	1266.427622795105	184.29818024489708	129.13236270542782	232.3199548638628	72.51268423729817	166.58389426742735	313.9386379313668	200	100	2	0.15
PoissonCUSP_invgamma	4	19	5.8425407213012575	3.343167032915348	0.03199785894654667	0.017736176006914434	0.024867017476730553	12.803575472265896	76.57161658858409	44.68759603042499	0.8333333333333334	0.3157894736842105	NA	1397.2675113677979	178.3523185074583	122.95430334710082	218.99304575141159	75.41508641556125	153.74259711966366	277.1076154660131	200	100	2	0.15
PoissonCUSP_invgamma	5	19	7.649377404236697	3.0825148742388304	0.036908384392541245	0.019478927133187277	0.028193655762864263	13.542100425320957	83.25221544315266	48.39715793423681	0.6666666666666666	0.21052631578947367	NA	1288.9834082126617	147.36470908781646	123.52624419768837	221.93419725767922	51.63847943352071	118.29508967577048	247.72703053517048	200	100	2	0.15
PoissonCUSP_invgamma	6	19	4.892389369482299	3.029825031563066	0.029472383825075842	0.01204132315680233	0.020756853490939087	7.698324744806292	50.166425618281735	28.932375181544014	1	0.3157894736842105	NA	1184.675445318222	200.71828910407166	138.61376993831385	255.6007331685468	78.49890207726256	145.1049265956399	226.2247660306318	200	100	2	0.15
PoissonCUSP_invgamma	7	19	6.288974061207924	2.94395772324948	0.03561403105537041	0.014697378742743235	0.025155704899056823	12.995981867171546	59.96863890094435	36.482310384057946	1	0.3157894736842105	NA	1241.4874920845032	169.55882699680342	130.29606958328822	231.88351229695326	80.54440295988887	193.1065194392791	362.04883028930004	200	100	2	0.15
PoissonCUSP_invgamma	8	19	6.122393333842698	2.8450076308897256	0.03816232344096675	0.018175349406966856	0.028168836423966802	10.821495302239208	65.85978705605038	38.3406411791448	0.8333333333333334	0.2631578947368421	NA	1316.480717420578	165.82133264662716	132.0625376149904	261.3580105097805	66.30276634123915	120.6772102885487	182.56154904751548	200	100	2	0.15
PoissonCUSP_invgamma	9	19	6.281876644721831	3.687303272935703	0.027081368128175028	0.026274038561694316	0.02667770334493467	15.744189195058773	112.94695610779807	64.34557265142843	0.8333333333333334	0.2631578947368421	NA	1341.90753531456	184.9416911832183	140.1947471954755	236.0690713422935	80.04266671707367	154.36978053591878	285.8725352400469	200	100	2	0.15
PoissonCUSP_invgamma	10	19	5.4132249761616205	3.165686156303192	0.032687243752067746	0.013179598841766307	0.022933421296917028	9.660957336271174	52.720459748898286	31.19070854258473	1	0.3157894736842105	NA	1311.3053405284882	183.2403466452265	134.88958278405573	263.21581369891265	75.70235551006472	117.28297227366284	178.2609438077398	200	100	2	0.15
PoissonCUSP_invgamma	11	19	7.03383727871413	3.6826873730400727	0.04578569286893347	0.014205006883126753	0.02999534987603011	18.161487513722616	73.93187709647833	46.046682305100475	1	0.3157894736842105	NA	1407.051854133606	115.14179028965953	86.7147252526268	186.23056809730167	46.939742094366714	71.44782891986303	80.97630627137026	200	100	2	0.15
PoissonCUSP_invgamma	12	19	5.919609409876663	3.8611769583580084	0.024677495274400364	0.015486182005400142	0.020081838639900252	11.403141751614092	63.611442414224896	37.50729208291949	1	0.3157894736842105	NA	1402.87979054451	205.71349379285877	132.31844910595112	229.1704647303509	69.30823411398049	153.08654291240384	298.95156719443884	200	100	2	0.15
PoissonCUSP_invgamma	13	19	6.5560039783427575	2.992807185031589	0.03954922468684193	0.013602256451351926	0.02657574056909693	18.486041660224647	57.04288511218361	37.76446338620413	0.8333333333333334	0.2631578947368421	NA	1263.977525472641	167.85022969821316	130.54183313490392	235.27435292090743	71.25078770705446	145.33498967723818	227.42269815939343	200	100	2	0.15
PoissonCUSP_invgamma	14	19	5.300534546670978	3.0422347093268485	0.038766985610150476	0.01361851950348789	0.02619275255681918	19.999036187211576	61.65253206054298	40.82578412387728	1	0.3157894736842105	NA	1400.5195739269257	141.60052391869465	124.98098195853208	215.36282834593658	67.01506185814057	71.32158745533712	99.23684814503814	200	100	2	0.15
PoissonCUSP_invgamma	15	19	5.4663178948347175	3.0318045723525295	0.035388609843089044	0.015176776114981408	0.025282692979035227	18.741509346032718	61.80770713869342	40.274608242363065	1	0.3157894736842105	NA	1399.3862640857697	159.3379926039473	130.52109488106728	204.74802371713926	51.32691610963523	130.68108549889075	227.46743175379444	200	100	2	0.15
PoissonCUSP_invgamma	16	19	4.7043587554868616	3.183870795157245	0.027134785872553812	0.014661873833759663	0.020898329853156736	9.324743838058012	60.94690606908883	35.13582495357342	1	0.3157894736842105	NA	1286.8591237068176	205.712833499573	143.20899116494678	245.0085717885031	100.67368214806933	165.60633620935656	264.488138401591	200	100	2	0.15
PoissonCUSP_invgamma	17	19	7.056273359254843	4.089708488023352	0.02911871362464862	0.012743430536226683	0.02093107208043765	10.801386511650218	59.068344201850806	34.934865356750514	1	0.3157894736842105	NA	1323.267567873001	178.6842271505228	139.50345389916342	259.06555772417227	112.21078996892894	165.7433290679023	303.5572117804168	200	100	2	0.15
PoissonCUSP_invgamma	18	19	6.204832008685756	3.259200870359659	0.036276195413836	0.018900838771867438	0.02758851709285172	11.640993245024722	69.90036379608699	40.770678520555855	1	0.3157894736842105	NA	1337.7774546146393	168.88243525541	136.52949656100182	237.18138363765183	84.3429897548691	166.67480467821926	284.4166882401731	200	100	2	0.15
PoissonCUSP_invgamma	19	19	5.158134562563909	3.49123289339078	0.028925793337296057	0.018053250622952675	0.023489521980124366	12.2317355370422	62.97070699900688	37.60122126802454	1	0.3684210526315789	NA	1258.1906321048737	195.42071596830618	139.7011411372722	209.70209563693	50.1918647146885	69.57729542384709	115.17514401700527	200	100	2	0.15
PoissonCUSP_invgamma	20	19	6.349586626940398	3.5867918825630203	0.025723764740576964	0.015600374382212576	0.02066206956139477	11.061183946669772	80.23368520696918	45.64743457681948	1	0.3157894736842105	NA	1421.824461221695	190.88476025299505	140.8512828473113	223.66380245076797	62.38626220798692	158.03578051281667	320.10650872419984	200	100	2	0.15
PoissonCUSP_invgammaKC	1	12.552	4.209213574660083	2.84098759655131	0.048225398393810445	0.013920673837368022	0.031073036115589234	33.03923307234259	44.96008907396722	38.999661073154904	1	0.5	NA	438.3974506855011	64.73867896297806	31.961904877302818	109.58006118507939	96.37117846127876	167.4577397793259	236.31872878690632	200	100	2	0.15
PoissonCUSP_invgammaKC	2	12.984	6.1831377967117636	3.3412921692184137	0.0363631922415997	0.017067847831920762	0.026715520036760233	18.00035800930952	72.63016085601737	45.315259432663446	1	0.42857142857142855	NA	422.7850525379181	153.14163372462082	232.85033544892718	215.4210587007383	157.11872722647652	103.20697343170175	260.1784175811277	200	100	2	0.15
PoissonCUSP_invgammaKC	3	15.359	6.163309647886846	3.0524402321945887	0.045833619567990466	0.01974391887307835	0.032788769220534406	18.286089828672832	79.382949475872607	48.83451965227272	0.6666666666666666	0.26666666666666666	NA	535.8557946681976	78.26723571233839	27.428495442066264	144.09403840297955	82.74006068514765	187.35754194967268	295.7473333255124	200	100	2	0.15
PoissonCUSP_invgammaKC	4	13.553	5.879468426745965	3.3387122545975245	0.04765793887117868	0.017160552776341858	0.03240924582376027	20.748370729167274	70.96849044903976	45.85843058910352	0.8333333333333334	0.38461538461538464	NA	492.6855797767639	57.71622638904773	25.66952205422908	64.32331952752838	46.05668104037292	207.77553624926088	307.5295522032154	200	100	2	0.15
PoissonCUSP_invgammaKC	5	14.778	7.602870061867179	3.1413977484510007	0.04539095950198009	0.021439983317246846	0.03341547140961347	21.83073151864281	92.1733703423497	57.00205093049625	0.8333333333333334	0.35714285714285715	NA	515.5585179328918	59.791692859012464	31.529987018866034	86.2763642714754	91.36298188622837	125.01179246888412	236.91394125178175	200	100	2	0.15
PoissonCUSP_invgammaKC	6	11.275	4.815135498144002	3.238639885966953	0.0386517684056637	0.013788502334693559	0.02622013537017863	14.317713885251964	52.12325550791285	33.22048469658241	1	0.5454545454545454	NA	402.6794636249542	123.54380454967128	81.92580188334081	211.04971043066598	57.581066498955984	164.50367380841425	301.15393184020564	200	100	2	0.15
PoissonCUSP_invgammaKC	7	14.147	6.214163254019641	2.984185933029086	0.043407970458386694	0.015752255647486283	0.029580113052936487	20.434362054406787	63.41833434331673	41.92634819886176	1	0.42857142857142855	NA	441.24082803726196	53.315164243016355	25.803968550001425	89.02290556317503	59.808233271187	121.16097002766205	200.63047339007485	200	100	2	0.15
PoissonCUSP_invgammaKC	8	15.999	6.2031028194199775	2.6602313768572303	0.048216729796551804	0.01787353462006805	0.03304513220830993	14.56834007173047	64.96699888289646	39.76766947731347	0.8333333333333334	0.29411764705882354	NA	555.2242665290833	138.45964805668885	212.21899285920503	258.2233499323855	142.7627176093956	123.82337327480609	172.6773253382711	200	100	2	0.15
PoissonCUSP_invgammaKC	9	13	6.257055057922058	3.706086963035714	0.03489592445481263	0.019332732254060975	0.0271143283544368	19.169975382131838	84.45441866576726	51.81219702394955	0.6666666666666666	0.2857142857142857	NA	450.5459771156311	150.10704713902106	228.72883273492437	226.03528393031928	118.73350031049542	61.48364434311752	74.0930881154776	200	100	2	0.15
PoissonCUSP_invgammaKC	10	15.243	5.3470575925080865	3.2682400747945435	0.04432213914855314	0.014546087722132929	0.029434113435343034	16.490648440678918	57.046733193599664	36.76869081713929	1	0.42857142857142855	NA	499.69473814964294	42.59023034546598	32.6833047094247	43.562705071311186	74.21425942140793	170.3588060527123	263.56751712282977	200	100	2	0.15
PoissonCUSP_invgammaKC	11	15.999	6.601686890901303	4.206370052720266	0.04452042049373805	0.010277615959368993	0.02739901822655352	16.26015838266723	64.91569376394615	40.58792607330669	1	0.35294117647058826	NA	586.6658821105957	133.22127657190296	210.8968393713532	201.52873065351108	144.36574860850104	97.19276856199642	166.9417460332192	200	100	2	0.15
PoissonCUSP_invgammaKC	12	13.382	5.898053311710398	3.794097667622759	0.04139904220734485	0.014556139528461408	0.027977590867903128	19.465831512530155	59.08499078690781	39.275411149718984	1	0.46153846153846156	NA	553.7336046695709	45.890621555584445	34.53626301950416	49.69039243453428	60.67977443872801	178.11572544569063	238.01966935282528	200	100	2	0.15
PoissonCUSP_invgammaKC	13	13.743	6.54305327044782	3.093053559536482	0.051096613972995884	0.0155884293886348	0.03334252168081534	26.367489277814958	63.12347094470042	44.74548011125769	0.8333333333333334	0.38461538461538464	NA	487.7888834476471	59.82469848770376	39.90043179897625	74.87819202884974	86.7881120604374	153.52127447432593	218.63897054602276	200	100	2	0.15
PoissonCUSP_invgammaKC	14	13.066	5.088546259286985	3.543501036961793	0.04248070144647012	0.01298486639027595	0.027732783918373034	16.242866617090545	56.82464304205748	36.533754829574015	1	0.46153846153846156	NA	486.19747948646545	60.71796063675235	22.15548107070045	154.408007764576	90.13786985111841	188.6433535217581	264.69421595800236	200	100	2	0.15
PoissonCUSP_invgammaKC	15	14.409	5.510413887926708	3.022670889609147	0.047284417553640656	0.016110230690412952	0.031697324122026804	29.31795722456297	63.37228036116544	46.345118792864206	1	0.42857142857142855	NA	606.7017393112183	59.99775956733478	26.530055052454525	152.71290029303145	88.98795475327118	120.49693984800612	176.15575994455762	200	100	2	0.15
PoissonCUSP_invgammaKC	16	12.607	4.545174972330364	3.3873386472530886	0.04412589848461596	0.01202653251126784	0.0280762154979419	15.969647529754877	53.760471495103644	34.86505951242926	1	0.5	NA	455.2319104671478	55.16779181057866	30.17383077164993	80.05457372280978	83.4690939095581	197.54592372571588	278.37017663241164	200	100	2	0.15
PoissonCUSP_invgammaKC	17	14.997	7.050691265391703	4.029922346078667	0.03751304889372329	0.012582984632845651	0.02504801676328447	15.183725707692982	58.11640064969944	36.650063178696215	1	0.375	NA	555.8205137252808	156.09942478224286	221.95503718175374	242.00461787891783	149.28304823353218	140.55353117178294	261.8873284821123	200	100	2	0.15
PoissonCUSP_invgammaKC	18	15.579	6.2494270119439195	3.131099813096036	0.046768422845747885	0.01950201081743085	0.03313521683158937	19.516688996971578	75.17180429371021	47.344246645340895	1	0.4	NA	518.0142583847046	61.245220987765315	30.860410446845943	104.99694185353697	98.53444792775379	132.42277948813046	284.4610648233371	200	100	2	0.15
PoissonCUSP_invgammaKC	19	13.242	5.197404486308024	3.445179137128001	0.0393497714320049	0.02520361294191043	0.03227669218695767	28.130604600092553	92.12950312015694	60.13005386012475	1	0.5384615384615384	NA	430.45736145973206	84.47574245944422	28.4189583994925	167.36173392298366	69.34852719938544	121.50008108583341	208.4818559282857	200	100	2	0.15
PoissonCUSP_invgammaKC	20	13.219	6.392234571379935	3.4277032595037684	0.041579192165346134	0.016472332888280955	0.029025762526813544	20.081611528218946	81.10896931415424	50.59529042118659	1	0.46153846153846156	NA	520.4980437755585	53.92598297555925	23.17286654990509	77.26949811597812	75.36264717249097	87.95641629651861	140.72796218663095	200	100	2	0.15
PoissonMGP	1	7	3.0846454126137695	4.39990991141112	0.021173888936288632	0.003324662674086205	0.012249275805187419	3.771901980072065	28.855973773857436	16.31393787696475	1	0.8571428571428571	NA	1090.981338262558	126.10664913809505	38.08025034349456	389.96089516332603	185.96582475235803	30.083149354480067	8.893170506680939	200	100	2	0.15
PoissonMGP	2	8	5.016285427703301	5.119296893429493	0.016358404700588657	0.005342604043632552	0.010850504372110605	11.062651203825215	47.88245218937301	29.472551696599112	1	0.75	NA	1078.3045053482056	114.30320663679203	37.10852401772849	305.63668869879496	154.22473406390165	29.40961112336946	14.307903733892742	200	100	2	0.15
PoissonMGP	3	9	4.8105325826594125	5.093589796267055	0.02668688144825001	0.008273959278757872	0.01748042036350394	12.314013786733854	47.82905686831457	30.07153532752421	1	0.6666666666666666	NA	1149.8479795455933	117.19522519905594	40.03279533572716	311.1529599898191	146.8325135202853	24.22870508537046	9.333906008695225	200	100	2	0.15
PoissonMGP	4	8	4.902564839553305	4.804269505138808	0.02179549145648692	0.007085811049228782	0.014440651252857852	12.369438454796361	47.56226598256424	29.9658522186803	1	0.75	NA	1127.6341543197632	114.13384173810199	35.282903213703804	293.76717053161155	171.46200815478898	24.36301403802841	14.660574556225628	200	100	2	0.15
PoissonMGP	5	10	6.9739624950884505	4.397375296449493	0.026452831382599865	0.01545607013514734	0.020954450758873602	21.65690808581427	72.75416762924334	47.2055378575288	0.8333333333333334	0.5	NA	1122.8829724788666	98.61712860011512	31.634918303339756	196.88368711233187	84.10491527627002	22.835086069002717	12.743991180425477	200	100	2	0.15
PoissonMGP	6	8	4.395151600936389	4.020436583901201	0.03168573951120557	0.008075612573423142	0.019880676042314353	13.705042957569084	43.54989201511536	28.627467486342223	1	0.75	NA	1038.4335186481476	113.72007054753621	36.804745477127405	295.52433471647333	150.4559390774313	25.57648714104489	12.260987128962528	200	100	2	0.15
PoissonMGP	7	9	5.67418126755182	4.197637312071952	0.026850467311834117	0.010003839021963303	0.018427153166898712	17.649441738689944	51.83660881946156	34.74302527907575	1	0.6666666666666666	NA	1069.0879652500153	113.0005187032032	39.14520614180024	281.2437172147713	117.53884331395263	23.59016557231505	9.516517918622887	200	100	2	0.15
PoissonMGP	8	9	5.64468630602218	3.8933352300629283	0.030571845494509614	0.014555282068512924	0.022563563781511267	21.40716541309222	58.241754730903466	39.82446007199784	0.8333333333333334	0.5555555555555556	NA	1110.3468487262726	96.9880918519656	30.123039088412295	229.43272193341002	117.46406886878194	23.51035823419862	15.06936717390802	200	100	2	0.15
PoissonMGP	9	9	5.767897528215055	4.476543238548118	0.029384078703880927	0.012560105085280753	0.020972091894580838	18.368863361263802	59.35294994798184	38.86090665462282	0.8333333333333334	0.5555555555555556	NA	1172.3842978477478	126.19514080605012	41.047773461937815	279.9340870138635	112.29618409728168	28.055246793664313	10.12415425354328	200	100	2	0.15
PoissonMGP	10	7	3.9489528845693034	4.914140709160419	0.009994112227113137	0.003387915571429728	0.0066910138992714325	5.991815523296168	37.732671048116124	21.862243285706146	1	0.8571428571428571	NA	1165.5596573352814	119.33763186942619	42.83689964888457	356.02108358454376	197.68790306836064	30.193321509873847	11.330788480818688	200	100	2	0.15
PoissonMGP	11	9	5.095925742218782	6.498272721600493	0.026551879423413662	0.005401406278532483	0.015976642850973072	13.193613646043309	44.3535047969403	28.773559221491805	1	0.6666666666666666	NA	1175.7062981128693	98.4470889119601	28.279563761899972	288.32074690889004	170.78460651834055	23.845490451107317	9.521542570780477	200	100	2	0.15
PoissonMGP	12	10	5.77102192640022	4.32797241748023	0.030334430425744862	0.012315466145426574	0.021324948285585718	17.24931664003886	61.29870785944662	39.27401224974274	1	0.6	NA	1191.692209482193	113.90441599303735	40.18394130128635	279.4219273323506	103.34432933324223	21.87449392078796	7.9950042894682225	200	100	2	0.15
PoissonMGP	13	9	5.309497983156022	4.990709949269563	0.02712935003082766	0.008103388614563025	0.017616369322695342	32.173574193611444	51.73949685018162	41.95653552189653	1	0.6666666666666666	NA	1097.1543884277344	100.73996133349843	30.033757127460767	288.36301921558425	169.48010564741722	21.635064248980154	10.166187400716211	200	100	2	0.15
PoissonMGP	14	9	4.763175914086546	4.127876277460935	0.02721034520217393	0.00940854847114686	0.018309446836660394	13.835287614490088	48.94582152323931	31.3905545688647	1	0.6666666666666666	NA	1165.1112942695618	106.84576138669964	36.50395418259013	278.84948376945016	129.56915504075963	21.593178286458024	13.385017213460356	200	100	2	0.15
PoissonMGP	15	8	4.1770383579802735	4.754134574677177	0.016341735576659255	0.006502492201623537	0.011422113889141395	8.472722235598205	41.66320288716823	25.06796256138322	1	0.75	NA	1181.8853566646576	115.66905871902472	46.31214947745192	296.4547121922096	139.88511231339507	33.10136614966476	14.810242630238886	200	100	2	0.15
PoissonMGP	16	8	3.73528189596751	4.514747395212932	0.021674391048504903	0.005761494281805962	0.013717942665155433	7.697256073434211	36.610940418287136	22.154098245860673	1	0.75	NA	1100.0694496631622	114.6734382983599	30.96978097804457	349.14711181957347	143.63300392616168	26.86942222108345	9.197002205280766	200	100	2	0.15
PoissonMGP	17	9	6.497932039757408	5.073285178800118	0.02994241565126672	0.007185100994226294	0.018563758322746506	12.60398573007367	49.176873638571365	30.89042968432252	1	0.6666666666666666	NA	1084.4811072349548	110.18556007314484	30.071659898808058	320.2982839633228	151.83450811105507	25.05303025063918	7.506303091916994	200	100	2	0.15
PoissonMGP	18	8	4.133420222214945	5.882612276157846	0.02367056850705265	0.003873787363877	0.013772177935464825	5.456807847453336	39.679487093229234	22.568147470341284	1	0.75	NA	1154.0664749145508	112.05871731977754	36.33773037410877	353.16193736048467	164.5162402029968	24.991628428029163	11.770798982855453	200	100	2	0.15
PoissonMGP	19	8	4.183500477643908	4.812409782718337	0.024576332783571478	0.00739241159073358	0.01598437218715253	8.42062412045178	34.3385940608137	21.37960909063274	1	0.75	NA	1093.0066621303558	120.19982062899005	39.2632046338815	337.78769956495444	159.63143423287988	28.567096412434495	11.020159991728201	200	100	2	0.15
PoissonMGP	20	7	3.8055012354556728	6.253584623259109	0.011127698084104288	0.002964646492883635	0.007046172288493961	5.6421233628798495	40.68335251835697	23.16273794061841	1	0.8571428571428571	NA	1170.5240225791931	107.76126910098299	30.541473050088594	370.56759287745444	163.16698079826995	28.13361567537088	8.173864898932706	200	100	2	0.15
CompressiveNMF	1	9	1.7472951388096483	2.8215334018557363	0.003051160053320405	0.009723457950179072	0.006387309001749738	5.879571400847009	41.56202737652771	23.72079938868736	0.9	1	NA	368.697660446167	582.0265159314167	453.56161891306743	590.1615604983939	405.78255222757167	261.9997908794915	124.48607652248883	50	100	6	0
CompressiveNMF	2	10	1.763998632874992	2.828351883183493	0.0026790738851504544	0.007335999230763443	0.005007536557956949	4.246190829207179	34.306665251930475	19.276428040568828	0.9	0.9	0.9849946103998776	454.6374397277832	538.1039761904608	456.7387351087453	550.5173823813843	406.50057175388434	334.69931198002894	114.08254526021669	50	100	6	0
CompressiveNMF	3	10	1.8161597534216043	2.8332060809867996	0.003288130510898689	0.006805581717645327	0.005046856114272007	5.729334785542873	38.05383426384186	21.891584524692366	1	1	0.9852431778911597	406.8413119316101	541.1822112527744	458.43015857239277	548.0607897294414	422.28091047601816	302.4091881581462	149.1919944591999	50	100	6	0
CompressiveNMF	4	10	1.7629023121951424	2.645173919520034	0.00391848115286876	0.006580119153846827	0.005249300153357794	5.5870788717730715	35.13630557578543	20.36169222377925	1	1	0.9842489385251741	391.1730406284332	539.404039304334	458.7555654160417	544.904440887423	415.7903092905433	270.6239515257564	118.23094433799712	50	100	6	0
CompressiveNMF	5	10	1.9313086448918866	2.8556041344499037	0.0036800844013899353	0.007311535119936317	0.005495809760663126	5.214723256807686	46.84861970597308	26.031671481390383	0.9	0.9	0.9805238449979501	390.1882691383362	535.4099700980679	455.8994856016921	532.8303379358409	417.2640503877188	258.8626326851845	140.04688486644545	50	100	6	0
CompressiveNMF	6	10	1.8267046214784146	2.8055477109632796	0.003227782032880786	0.007821320059316524	0.005524551046098655	5.8062754850789435	44.45329641762911	25.129785951354027	1	1	0.9831194077036508	408.9075970649719	541.7200348841072	452.06595506253586	545.3409367215835	415.68819348069894	293.1486483628052	112.4706891535073	50	100	6	0
CompressiveNMF	7	10	2.0157899748254064	2.865715818842894	0.003200048340322335	0.00566139624430418	0.004430722292313258	5.8306904323027515	34.02240374933711	19.92654709081993	1	1	0.9873234977756941	384.9088635444641	544.705131960782	455.15326751011173	543.6143882075478	415.65176141248406	296.69324797859247	153.30844080290186	50	100	6	0
CompressiveNMF	8	10	1.7233019864363386	2.6857162008391153	0.0033696744303359882	0.007576253290174051	0.00547296386025502	5.12673871769362	35.57653816680863	20.351638442251126	1	1	0.9857952944304014	404.01295280456543	544.0028325118551	451.86114463578525	537.9015731850873	413.17663046427293	323.95932440422945	187.28191972363774	50	100	6	0
CompressiveNMF	9	10	1.6441903942214362	2.7506129027201665	0.0024897744943870293	0.007191357249515948	0.004840565871951488	3.3348183696694806	32.517455101080415	17.926136735374946	1	1	0.9886099867708963	403.6381731033325	543.685899785899	449.07461379826293	547.766837324797	418.70893169296124	318.4685202831631	101.23350944091925	50	100	6	0
CompressiveNMF	10	10	1.8285232955140374	2.8853993748773257	0.00296618716828979	0.007479109239007671	0.0052226482036487306	3.9184761870089946	42.45550867714638	23.186992432077687	1	1	0.9841948085088565	394.0558364391327	539.2526768604833	458.1817742891431	542.0662762083746	413.190314628784	302.3123623109468	114.295219191454	50	100	6	0
CompressiveNMF	11	9	1.8462990250641498	2.635390167351621	0.004120852445143923	0.009854687149916008	0.006987769797529965	4.465751541492369	43.190017113520966	23.827884327506666	0.9	1	NA	386.5816912651062	585.5151430923919	458.56803009716873	591.7504319116214	411.0926757690097	274.52080904420404	108.59200343124691	50	100	6	0
CompressiveNMF	12	10	1.9206721980698311	2.7415775626705403	0.0031832557407974766	0.007841948126200636	0.0055126019334990565	6.5872780966325575	38.845218434067874	22.716248265350217	1	1	0.9841380686355875	440.45155453681946	537.549645071733	456.6635705615042	537.9851821495071	429.42032255076526	298.5314527282645	214.087541360107	50	100	6	0
CompressiveNMF	13	10	1.9995950484511462	2.934389517108953	0.0034043228413378574	0.006774079673806186	0.005089201257572022	4.922416108365986	42.07273834428314	23.497577226324562	1	1	0.9843353489790303	435.5467689037323	536.2877241135267	461.85961351455103	537.4439490971131	420.31329248538776	272.56573437582404	120.23749475130519	50	100	6	0
CompressiveNMF	14	10	2.0182199610536102	2.7777618819977916	0.00337751812440202	0.006614254177877998	0.004995886151140009	4.611263156519998	31.564200367541247	18.08773176203062	1	1	0.9845790917865949	395.6118607521057	547.0288744613176	453.55693713673946	542.5574848935805	420.5035251758127	298.8929158664877	117.68792467153187	50	100	6	0
CompressiveNMF	15	10	1.6241892051394764	2.5738692021908784	0.003626094303989625	0.007851556240322022	0.005738825272155823	5.714163877866523	33.895053642441	19.804608760153762	1	1	0.9844082797170807	367.5991702079773	544.1673353019572	458.82920233538925	537.7497201132115	431.4261631283455	269.4639978932277	121.81597764493023	50	100	6	0
CompressiveNMF	16	10	1.6983400317372082	2.504918420731177	0.003700657771384467	0.005696945913172616	0.004698801842278541	6.001533780184227	31.928253478230726	18.964893629207477	1	1	0.984789466323152	388.6598644256592	542.4214792584595	455.36888727183583	552.821940936596	415.00770760952076	303.2401543167049	142.84847167035895	50	100	6	0
CompressiveNMF	17	10	1.8993265583872099	2.6006394270492534	0.0035378452744383657	0.007869732642267528	0.005703788958352947	5.5996590922151555	32.14094122738226	18.870300159798706	0.9	0.9	0.9790319981076228	439.52696919441223	541.5086436842237	458.235213915777	543.0555196263203	418.31561476542646	276.8040398595507	104.73333369612551	50	100	6	0
CompressiveNMF	18	10	1.7203988615267138	2.7186482301684096	0.003061638521623356	0.007930121770105875	0.005495880145864615	5.617704598477392	39.36130361370468	22.489504106091033	0.9	0.9	0.9809282862114228	415.9257092475891	539.8655047323957	456.92992116836905	555.152960869942	405.23368988474675	314.1356682358278	127.06919108861575	50	100	6	0
CompressiveNMF	19	10	1.8543331128500977	2.746164404681063	0.003170556775566614	0.005738433887205307	0.0044544953313859605	3.925091488480004	33.009960015985406	18.467525752232707	1	1	0.9848923865394378	393.9036524295807	543.8325494960159	453.19933474985055	548.5328736365873	408.1955301815004	359.0801797762356	200.89044207216293	50	100	6	0
CompressiveNMF	20	9	1.8710514253218489	2.851561907468546	0.003611406739821559	0.009466918127341364	0.006539162433581462	9.20985232481614	51.1101467020316	30.15999951342387	0.9	1	NA	405.35410499572754	587.2462390362957	454.36755173282506	585.6314577090172	409.0602548508371	318.58472335770205	123.936151566718	50	100	6	0
PoissonCUSP_gamma	1	10.149	1.578290645098286	2.731285973888678	0.0026667392261406817	0.007646047235213266	0.005156393230676974	4.742755635152805	28.80174514398259	16.7722503895677	0.9	0.9	0.9849614254780683	330.41407918930054	92.18428943260504	13.327027239550054	158.77749064403588	42.38544139401282	18.827857308633007	5.604378796823908	50	100	6	0
PoissonCUSP_gamma	2	10.071	1.7503939654793008	2.8171297393437387	0.0026363909276870623	0.007135190017924176	0.0048857904728056185	3.4283552238025834	31.93133281135496	17.679844017578773	1	1	0.9872708468930999	335.3204288482666	92.274358808968	10.471851391184902	147.15774289833882	38.77813059240982	17.74539665329683	3.8326314635999577	50	100	6	0
PoissonCUSP_gamma	3	10.08	1.81284976440418	2.8260050823332863	0.003368811359034018	0.006801171075056257	0.005084991217045138	7.151854893112071	38.329597853159015	22.740726373135544	1	1	0.9851967009579159	333.6161847114563	95.95525194299326	16.662975086085183	146.80100047419938	69.30337310242734	17.981352213038054	8.102688389265579	50	100	6	0
PoissonCUSP_gamma	4	10.03	1.7594462875537942	2.645051439336892	0.0037586937584295765	0.00647854399651919	0.005118618877474383	2.9967903417463138	33.835482579633	18.416136460689657	1	1	0.9855728108116462	304.97141337394714	91.52195318919692	12.454077454099975	137.41541617172226	47.41815710819637	14.756354528279376	5.727394060287097	50	100	6	0
PoissonCUSP_gamma	5	10.232	1.9114081627280386	2.852663718983966	0.0033971345916368758	0.006830665239099468	0.005113899915368172	4.9262339919656455	41.760719300834914	23.34347664640028	1	1	0.9840556994976687	318.63959193229675	89.94761468635002	14.264882694858382	122.85507880208793	47.840736599874646	15.185965895895556	5.532904605237949	50	100	6	0
PoissonCUSP_gamma	6	10.016	1.8068194619310634	2.7934358830665973	0.003076811108748289	0.007264904562108274	0.005170857835428281	3.9569072348977787	39.987131047366006	21.97201914113189	1	1	0.9850262037125732	327.04631900787354	99.18992476312795	16.37766115040168	145.43477154877513	66.76872650990873	15.939154777230588	4.916532031872944	50	100	6	0
PoissonCUSP_gamma	7	10.019	2.0114729445546593	2.8608104849122573	0.003187504806922481	0.0055316691263664845	0.004359586966644483	3.6749115361247506	33.316283783116894	18.495597659620824	1	1	0.9876021511808087	329.9491674900055	102.16125559036152	18.528918224675536	146.69457164525983	51.2139923330361	17.973052582602275	5.385185711321327	50	100	6	0
PoissonCUSP_gamma	8	10.192	1.7100641297773902	2.6724616472633067	0.0031855543384996425	0.007254773445776644	0.005220163892138143	3.741814208195236	33.136055338668086	18.43893477343166	1	1	0.987402851654653	315.8099000453949	106.05905181625612	23.60852651178065	157.33341993039943	50.45683628648292	18.546928501653998	6.761389154182744	50	100	6	0
PoissonCUSP_gamma	9	10.081	1.642738980667198	2.7481922215557937	0.00244893450346224	0.00721028182943329	0.004829608166447765	3.751288780999982	31.60370076103494	17.67749477101746	1	1	0.9890496188899219	322.19020795822144	106.44276898381024	24.124948931286305	142.33924083766365	53.09975544389258	15.01486287952681	2.4272982058277837	50	100	6	0
PoissonCUSP_gamma	10	10.015	1.8230364924576332	2.870729066574863	0.002924618317119182	0.007190242794537507	0.005057430555828345	3.5015575625714734	39.07355018466907	21.28755387362027	1	1	0.9854554147463461	330.8341717720032	91.27351002105053	14.111000373307636	137.4007521697991	60.603876066240645	14.388099925693858	3.888068293790461	50	100	6	0
PoissonCUSP_gamma	11	10.017	1.7521250324608726	2.529953574361448	0.0039055434204666615	0.0075853418464037585	0.0057454426334352104	3.6526401371684742	30.70346532251557	17.178052729842022	0.9	0.9	0.9752617042527236	306.35601902008057	93.58964236974847	14.93284772575746	146.0691320447222	50.4685847381319	18.637598412069945	5.50109363254248	50	100	6	0
PoissonCUSP_gamma	12	10.024	1.9243891938655608	2.7357462551425074	0.0033813862728561245	0.008037874622843668	0.005709630447849896	5.972629661023486	39.14476843958064	22.55869905030206	1	1	0.983531718641834	368.43560671806335	93.31528730445095	20.926453337361526	117.3322587442309	31.540311795651903	16.319031703245237	5.217883152719478	50	100	6	0
PoissonCUSP_gamma	13	10.016	1.9837277254484347	2.945207874825293	0.0033172745742131434	0.006177258095701834	0.004747266334957489	4.085955513929955	39.15321552128586	21.619585517607906	1	1	0.9856815719086749	310.62905502319336	87.7672654401773	21.751748913081663	135.85808227606736	42.8785683466991	17.33864428577329	6.138598101473226	50	100	6	0
PoissonCUSP_gamma	14	10.022	2.0044860421051074	2.765928729607014	0.0032366420877656525	0.006439025763572789	0.004837833925669221	3.9625218886818443	29.072903616306476	16.51771275249416	1	1	0.9861378959286299	320.2988877296448	105.30621373708885	19.3443890311136	134.32312269844576	43.22546204379792	13.326454392936963	4.035373388557668	50	100	6	0
PoissonCUSP_gamma	15	10.02	1.6091072199861052	2.5505324822429603	0.0036768329432813078	0.007472672402281783	0.005574752672781545	4.971275438064447	30.868011181191402	17.919643309627926	1	1	0.9852825130055697	335.30819940567017	99.79093701812862	14.428771171850185	125.76642487098316	23.538594154903514	18.144755135334986	4.7674374353746805	50	100	6	0
PoissonCUSP_gamma	16	10.016	1.6843496039092036	2.4958270266500096	0.0037553021099615167	0.005299638888458779	0.004527470499210148	4.532044746517021	30.497591271539264	17.514818009028144	1	1	0.9851178306225198	309.80154395103455	100.4979903505911	18.498245107807346	159.8920157283373	81.3530560248867	19.120887152458106	4.378119416787383	50	100	6	0
PoissonCUSP_gamma	17	10.151	1.8826363466896971	2.588026322349357	0.0034946804203231843	0.006976355413168437	0.005235517916745811	5.637916355685677	27.42578216592065	16.531849260803163	1	1	0.9834794653094402	319.616281747818	90.38480365666595	12.399254021640681	130.18937759536732	53.793822459922986	16.056882049290785	4.68567116866298	50	100	6	0
PoissonCUSP_gamma	18	10.334	1.703722072503503	2.6986019320616665	0.002978606114555382	0.007623096662309105	0.0053008513884322435	4.949050139197397	35.21349912834099	20.081274633769194	1	1	0.9842488324392029	314.5426216125488	97.0561274905289	13.511884037395266	171.5177895685189	77.41233750685147	20.103056532286082	5.2161906800857665	50	100	6	0
PoissonCUSP_gamma	19	10.227	1.8607378190450359	2.746011866484661	0.0030390249642876267	0.005499285867038335	0.004269155415662981	3.014421393740393	30.290497440631775	16.652459417186083	1	1	0.9867348942134991	332.05556988716125	102.60096789015135	19.969583365442976	146.37869490995192	58.5288002220079	18.450569830470346	3.966340495455972	50	100	6	0
PoissonCUSP_gamma	20	10.04	1.7171329224217362	2.7282241232966813	0.0032356209320039565	0.007788925190761113	0.005512273061382534	5.3706424844669085	36.85318957792693	21.11191603119692	0.9	0.9	0.979732845703033	315.178493976593	95.64388032841192	20.583428644801874	143.9878409774613	56.9182705488454	17.316428590725327	4.94319328364715	50	100	6	0
PoissonCUSP_gammaKC	1	10.088	1.5873328474736215	2.728876611734087	0.0028428032405022766	0.007708166586488235	0.0052754849134952556	5.261277585476754	29.039366237064428	17.15032191127059	0.9	0.9	0.984631747401628	308.1091809272766	92.81000039398384	14.34019131624092	159.04364925512442	43.48320385565937	17.65290575041535	5.097469690653053	50	100	6	0
PoissonCUSP_gammaKC	2	10.034	1.761701864867774	2.8192450079850353	0.002649482675112072	0.0069324710879504195	0.004790976881531246	3.38112666060893	30.745819358909003	17.063473009758965	1	1	0.9885286200336814	353.1951026916504	93.7848233293418	11.175378030694947	147.14140148836447	36.86947707626414	16.098598796384586	4.733276473605526	50	100	6	0
PoissonCUSP_gammaKC	3	10.485	1.8160871136788173	2.834845175696768	0.0033349301964157585	0.006680033581946534	0.0050074818891811465	7.072792000493909	37.40900699351121	22.24089949700256	1	1	0.9856300066619011	325.9636034965515	93.27395462446842	15.773645106840284	144.5380592771428	73.51835121200236	13.658231925123962	3.52343598708963	50	100	6	0
PoissonCUSP_gammaKC	4	10.039	1.7614144830372216	2.6401167330640445	0.003838110727382157	0.006307921240207313	0.005073015983794735	4.057972417784412	33.691260347284896	18.874616382534654	1	1	0.9857171832593322	315.8404290676117	92.06376072493356	10.88405234344563	146.88971424531778	57.9676974626982	19.337698424088305	5.2277265497233225	50	100	6	0
PoissonCUSP_gammaKC	5	10.147	1.9144062751884885	2.8537533352524322	0.0035614142427380403	0.006678565536104885	0.005119989889421463	5.0236597284445255	41.81111694511683	23.41738833678068	1	1	0.9841988071834358	332.4225265979767	89.80263080997231	14.064443689111318	126.4799175941255	42.604396113952106	16.11783430111173	6.285102915571747	50	100	6	0
PoissonCUSP_gammaKC	6	10.191	1.8025526781399548	2.7987460745393813	0.0031058347499058263	0.007179607576375559	0.005142721163140692	3.5544075445975962	39.93125725405027	21.742832399323934	1	1	0.9842796296035083	334.0491638183594	102.87263484608086	17.28515626486542	152.85764569533347	68.40395719317993	17.59075330999405	3.8245503756908095	50	100	6	0
PoissonCUSP_gammaKC	7	10.134	1.9974829159580936	2.8600325820992594	0.0032317416791789147	0.005386891027876384	0.0043093163535276495	3.970441518251262	33.07687202514105	18.523656771696157	1	1	0.9877946451066582	364.54695987701416	103.54112178720007	20.36978982667692	145.80956548845538	56.85524921550984	14.23484734768545	3.186450083593874	50	100	6	0
PoissonCUSP_gammaKC	8	10.144	1.712876555071803	2.673704605058591	0.003188480881150956	0.007102324359536557	0.005145402620343757	3.9389828896564474	33.43133162909173	18.685157259374087	1	1	0.9874751338624106	306.67102813720703	102.21372003304165	22.623142730891836	154.4851551565588	48.22143474328261	14.789304946883753	2.6325317471886542	50	100	6	0
PoissonCUSP_gammaKC	9	10.236	1.6373193403120463	2.7470559204586573	0.002532702833385791	0.007186391862454024	0.004859547347919908	3.2509589566498276	32.190142169988434	17.72055056331913	1	1	0.9886570439930823	342.4673385620117	105.56827809706516	24.873744060716657	134.6738716065891	39.33386103720015	16.87767635458617	7.711030255254477	50	100	6	0
PoissonCUSP_gammaKC	10	10.03	1.813845150537322	2.8735768373222697	0.0029093899817872765	0.007171204402270503	0.00504029719202889	3.6020101369062063	39.18361504375268	21.392812590329445	1	1	0.9854593357062896	309.66882491111755	92.8640816732606	14.121236163003735	143.68389032247543	65.92704871338782	14.857656226035564	3.101046151914829	50	100	6	0
PoissonCUSP_gammaKC	11	10.043	1.741633000615526	2.530643967514875	0.003843563895081084	0.007621992078233312	0.005732777986657198	3.7695453023071286	30.260358139009075	17.0149517206581	0.9	0.9	0.9762813426940106	300.4263508319855	93.23232501830127	14.063489002696222	146.57375520806815	54.45512167378784	22.215132977658367	7.068377689932901	50	100	6	0
PoissonCUSP_gammaKC	12	10.167	1.9210425243704055	2.7368078208345263	0.0033704603413406142	0.007761955643623392	0.005566207992482003	5.2001673563285324	37.989143664891444	21.59465551060999	1	1	0.9842604674741051	323.3717882633209	93.1268330807094	21.42224971505385	129.0723343878582	40.4441769457963	16.58924525906014	5.104211850826033	50	100	6	0
PoissonCUSP_gammaKC	13	10.088	1.984072965823207	2.94006660459901	0.003340189147545318	0.006497342286346236	0.004918765716945777	3.7043961277779616	40.20469417175556	21.954545149766762	1	1	0.9850191080706273	352.5712504386902	87.54988888463755	22.868478586105738	126.68357990452908	32.887345557420275	13.368395033634195	3.262881291078515	50	100	6	0
PoissonCUSP_gammaKC	14	10.049	1.9946947294696262	2.769363768280123	0.003252967000097643	0.006255373290435401	0.004754170145266522	3.786501033483527	29.093963055004686	16.440232044244105	1	1	0.9855967766305029	317.9137725830078	104.38576465018527	19.507797886348524	135.23894225488093	33.288048679013215	16.95208365409264	6.462839486930526	50	100	6	0
PoissonCUSP_gammaKC	15	10.041	1.6094373365156522	2.561325067326585	0.0035776217153778984	0.007631609231236283	0.005604615473307091	5.49374932899296	31.802437236395782	18.648093282694372	1	1	0.9852079753679213	316.40036177635193	101.2690412620553	14.289225142653759	125.73404372452914	19.51146754802944	17.92008359486157	3.1883068837522246	50	100	6	0
PoissonCUSP_gammaKC	16	10.267	1.67852104660979	2.492417203778682	0.0036308418148355477	0.00527788660436342	0.004454364209599484	3.6838296196266738	30.956280052855995	17.320054836241333	1	1	0.9855904469524702	331.626407623291	101.95916821369713	17.818028519038474	170.1162529820444	81.4388742864117	16.946997096964385	3.3923360160161806	50	100	6	0
PoissonCUSP_gammaKC	17	10.101	1.8664109839901115	2.5827312443015673	0.0034900970802787283	0.007041979334736211	0.00526603820750747	5.967195539168131	27.678691448940555	16.822943494054343	1	1	0.9837678740568603	332.1993918418884	94.20895703487764	13.264870959458802	126.84678042929818	42.16855168626964	20.007416306542122	6.917456514313442	50	100	6	0
PoissonCUSP_gammaKC	18	10.063	1.7155272959019485	2.7031090780695575	0.0030166087168296747	0.007733780439352891	0.005375194578091283	5.511883184731628	36.279719025888916	20.895801105310273	1	1	0.9841895906216114	355.8735761642456	97.01350252176103	12.534315687029734	169.29111800316352	83.0268447275994	21.829783840014606	12.575606915452912	50	100	6	0
PoissonCUSP_gammaKC	19	10.141	1.8394658431757183	2.7367410057749826	0.0030864347306843814	0.005221691797204598	0.00415406326394449	2.5492797211016867	29.462594633154183	16.005937177127933	1	1	0.9869658060210122	321.97231554985046	101.38500267308092	18.43973012322718	152.64274820127608	65.7969310296007	16.94844299536512	4.983336444802237	50	100	6	0
PoissonCUSP_gammaKC	20	10.11	1.7177180820409914	2.7324321574987667	0.0032394094270932184	0.00793431155638442	0.00558686049173882	5.444563019708505	37.254215426966475	21.34938922333749	0.9	0.9	0.9788390887083451	320.68199610710144	93.70759671506946	19.591708376875907	149.1620148587827	59.35128087329521	17.204731623064067	4.296665294238504	50	100	6	0
PoissonCUSP_invgamma	1	19	1.541112094026889	2.701795029043836	0.007336996692897233	0.007643582726734405	0.007490289709815819	2.022172171532186	28.809206914285326	15.415689542908757	1	0.5263157894736842	NA	383.7434923648834	314.90695889172457	241.52327698672372	168.51663724936907	55.92029541459823	312.1228655720763	332.68368722521984	50	100	6	0
PoissonCUSP_invgamma	2	19	1.7241582113413816	2.777630219397321	0.007308610924662868	0.006608033004644145	0.006958321964653506	1.50528674508168	30.245238389508753	15.875262567295216	1	0.5263157894736842	NA	395.35520219802856	308.6967589773133	234.7591405105034	161.0088152950599	51.28113312530352	299.45317204436276	324.34023421693286	50	100	6	0
PoissonCUSP_invgamma	3	19	1.7832653170296549	2.7986584725354704	0.007630170386121482	0.006621246466629201	0.007125708426375342	3.2048265589493368	37.20210694582943	20.20346675238938	1	0.5263157894736842	NA	402.61598896980286	296.62677360944184	221.23587965107546	150.63625724227222	60.01289180571862	286.582143701159	341.9197231100444	50	100	6	0
PoissonCUSP_invgamma	4	19	1.7291293422425142	2.6092186677297167	0.0077073493744355265	0.006490180908935292	0.00709876514168541	1.509226370717614	35.16340929198109	18.33631783134935	1	0.5263157894736842	NA	377.93700098991394	302.8030841302549	231.25440443897617	165.24636990090866	54.341192369829415	208.36993876064494	248.03507892316063	50	100	6	0
PoissonCUSP_invgamma	5	19	1.910233226795017	2.8165611539058584	0.007630155113913531	0.006674858017945075	0.007152506565929303	2.3240725829294258	41.449407144834964	21.886739863882195	1	0.5263157894736842	NA	409.2139525413513	298.19099114370914	225.78548713567005	144.44392590145569	54.7231621713762	210.64961362520438	256.8432178106762	50	100	6	0
PoissonCUSP_invgamma	6	19	1.7660112798032797	2.75967781144112	0.007479335992220134	0.007111828903659331	0.007295582447939732	1.7248504908831368	39.98865193566836	20.856751213275746	1	0.5263157894736842	NA	416.6161711215973	291.9068436162039	207.8215211430162	141.0848050520019	54.56561466782904	309.3338445300078	342.6111512423523	50	100	6	0
PoissonCUSP_invgamma	7	19	1.9773087811147203	2.8371217516115665	0.007576833408765606	0.005454211413954379	0.006515522411359992	1.5999378003621354	32.84144367880967	17.2206907395859	1	0.5263157894736842	NA	380.10617995262146	320.56102517315935	238.49027572453417	166.40660815477818	64.86855770446722	295.4040570786526	317.9175876173351	50	100	6	0
PoissonCUSP_invgamma	8	19	1.700299990633635	2.648537150930887	0.007526827140049051	0.0070426011788876286	0.00728471415946834	1.6886152171040107	33.85745585909859	17.7730355381013	1	0.5263157894736842	NA	381.8620858192444	303.60977577392543	217.50446346797852	158.8640779874155	43.13813347399938	233.1376966831161	278.64394790788083	50	100	6	0
PoissonCUSP_invgamma	9	19	1.6298681115678253	2.72010113425147	0.007324754802485482	0.006916154524953385	0.007120454663719434	1.6960317444960822	32.891379611270075	17.29370567788308	1	0.5263157894736842	NA	430.6238830089569	310.3252769793615	220.87763319356552	157.36514283472587	58.89598705352895	326.43125878961536	365.3113902055056	50	100	6	0
PoissonCUSP_invgamma	10	19	1.7960365645009126	2.8417992044517897	0.007436050310437491	0.0068967020721271395	0.007166376191282315	1.7998222938304378	38.99017594204808	20.39499911793926	1	0.5263157894736842	NA	484.5609679222107	301.72230577439893	226.59953303770803	166.92438991613707	75.11762209584235	296.55259288909116	339.21591112690766	50	100	6	0
PoissonCUSP_invgamma	11	19	1.702860739978358	2.5014909589494474	0.007853305477145649	0.007597583888135493	0.0077254446826405705	1.7422709268413175	31.190700580101463	16.46648575347139	0.9	0.47368421052631576	NA	389.1438159942627	290.11908627664894	213.22545027913512	134.65313140851973	52.82096090040639	244.03560256880706	322.6499667577344	50	100	6	0
PoissonCUSP_invgamma	12	19	1.8625113240860012	2.702768200758994	0.007572994543107472	0.00741698776161764	0.007494991152362556	2.4827146681489545	36.825213345572195	19.653964006860576	1	0.5263157894736842	NA	420.84654545783997	307.20995560864327	232.13875001300406	145.52830881846546	42.841501441077824	242.6221477263833	257.69005393250245	50	100	6	0
PoissonCUSP_invgamma	13	19	1.966094917143017	2.91068278190988	0.007593362911175552	0.005919253126787546	0.006756308018981549	1.4084676661957847	38.86904519655728	20.13875643137653	1	0.5263157894736842	NA	429.8897693157196	291.55226182990987	223.04055774660125	146.40524462529166	54.637896018720376	227.3842441172659	280.2163058926363	50	100	6	0
PoissonCUSP_invgamma	14	19	1.9472887121551412	2.7265416248983687	0.0075743012482006695	0.006220127897588626	0.006897214572894647	1.8377301433834206	28.446882635679113	15.142306389531267	1	0.5263157894736842	NA	395.47386956214905	304.89282336540157	215.57323602126766	132.81600895918163	56.48482407557775	251.38110296842186	324.43959343939815	50	100	6	0
PoissonCUSP_invgamma	15	19	1.5756867322776087	2.532175878329653	0.0077147914445802514	0.007298255710041703	0.007506523577310978	2.27742287371098	30.902749908102123	16.590086390906553	1	0.5263157894736842	NA	377.35923767089844	312.13971108056364	233.42926216411817	155.67105237757502	66.40170375547683	246.92476881183	294.5841815970885	50	100	6	0
PoissonCUSP_invgamma	16	19	1.642082493064736	2.4599997670853346	0.007747945787894149	0.005167212012246703	0.0064575789000704265	1.943444402377708	29.726620798192982	15.835032600285345	1	0.5263157894736842	NA	396.03169441223145	298.4823214890718	215.68614041320367	141.2809745089625	60.524074596862725	283.08212479601593	344.69374719734293	50	100	6	0
PoissonCUSP_invgamma	17	19	1.8485158107550312	2.5525225427167118	0.0076482469959641515	0.0071169180852729275	0.00738258254061854	2.549339296952272	27.587304375828253	15.068321836390263	1	0.5263157894736842	NA	391.4554953575134	294.9275760694512	220.42331010260492	127.83630438204992	42.379275135451735	278.75999608560124	316.1294848438649	50	100	6	0
PoissonCUSP_invgamma	18	19	1.691048119519582	2.668332306834293	0.007463153732736251	0.007539465800702726	0.0075013097667194885	2.2905543096016525	35.91138275227651	19.10096853093908	1	0.5263157894736842	NA	391.59440660476685	298.36975732057977	217.33164412109107	167.34516868991918	59.87573138606805	356.98558722931176	379.28366246960474	50	100	6	0
PoissonCUSP_invgamma	19	19	1.8420916875080584	2.699630438633019	0.0074995749976081395	0.005256335199667076	0.006377955098637608	1.6801326989052832	30.50506464632354	16.09259867261441	1	0.5263157894736842	NA	387.8405034542084	309.32724905756623	225.4193006001851	158.6047180282754	59.06964661177135	280.12365023000086	301.14238371361824	50	100	6	0
PoissonCUSP_invgamma	20	19	1.6866259804526316	2.701388524726744	0.007552285080570637	0.007693756761302177	0.0076230209209364064	2.3902374485082656	37.44128009316633	19.915758770837297	0.9	0.47368421052631576	NA	381.81374764442444	305.68984640562326	231.339250400477	151.7708631144872	50.84509755962212	368.87976952658613	391.14538902515426	50	100	6	0
PoissonCUSP_invgammaKC	1	12.071	1.5501897190080114	2.700553920222294	0.0038826141561572203	0.007707328774032262	0.005794971465094742	4.536662243131368	28.560001229021182	16.548331736076275	1	0.9090909090909091	NA	134.88853430747986	84.29645576033684	53.615530777193676	71.53602453566586	77.92584024178204	610.056981546403	323.638530597658	50	100	6	0
PoissonCUSP_invgammaKC	2	12.558	1.728410436814029	2.788724203518428	0.004575075775038107	0.006975141036865364	0.005775108405951735	2.713689729687978	31.094652501475263	16.90417111558162	1	0.8333333333333334	NA	136.7866382598877	156.62905164977423	181.57723073995598	131.00791298331558	79.28713677016228	472.79635642668126	357.18521598175056	50	100	6	0
PoissonCUSP_invgammaKC	3	12.863	1.7701856122485615	2.7985167392325785	0.005137312974609454	0.006759333986726006	0.00594832348066773	5.738647697899949	38.31539752109705	22.0270226094985	1	0.8333333333333334	NA	174.41745471954346	150.82558213960348	189.16203264279508	78.89157825203839	79.27048122317021	324.7417591026385	290.93232876297316	50	100	6	0
PoissonCUSP_invgammaKC	4	11.701	1.7316005086743942	2.6127768913159963	0.004813419652791123	0.006435346615113023	0.005624383133952073	3.0788920422191794	34.75442251892811	18.916657280573645	1	0.9090909090909091	NA	138.09608674049377	98.52316037105642	154.6647224649132	44.225044574540654	80.70923538819966	412.0105514947313	226.84979511835274	50	100	6	0
PoissonCUSP_invgammaKC	5	12.145	1.9079803272729097	2.8140223560254753	0.005148217852368092	0.00685311172403593	0.006000664788202011	3.2745506909530606	42.84575559000675	23.06015314047991	1	0.8333333333333334	NA	132.09151816368103	112.15465628409756	146.80931971053994	41.54863631531399	33.933963516970856	435.67153541491126	355.1438413047284	50	100	6	0
PoissonCUSP_invgammaKC	6	12.734	1.7753634601163046	2.760216525484413	0.004889394989802378	0.007390048187299698	0.0061397215885510385	2.8106403702120994	40.95989507893265	21.885267724572373	1	0.8333333333333334	NA	141.8336489200592	84.1365753567713	145.05886748350983	26.39608173256272	45.6237509452744	487.92841300756567	344.7330279631406	50	100	6	0
PoissonCUSP_invgammaKC	7	12.862	1.971300974586727	2.82896656421481	0.004934392770196572	0.00546707223066337	0.005200732500429971	2.801381233618479	32.89616979761727	17.848775515617874	1	0.8333333333333334	NA	162.2439525127411	158.75390822782555	187.0165817425223	82.90302082852281	57.896602045262206	472.97348270778787	296.3827604530569	50	100	6	0
PoissonCUSP_invgammaKC	8	13.804	1.7080273109006199	2.6405277214668623	0.005622720676596871	0.007344600025990107	0.0064836603512934896	2.641677481212922	34.40051491390309	18.521096197558006	1	0.7692307692307693	NA	158.31400322914124	115.14100828676486	176.87010752936976	28.685761602577156	35.81935123837954	422.80692703181506	349.53083347535636	50	100	6	0
PoissonCUSP_invgammaKC	9	13.993	1.6291649385962963	2.718925920563916	0.006119301863045506	0.007081079242444135	0.006600190552744821	2.072231629103963	32.2316062495573	17.15191893933063	1	0.6666666666666666	NA	161.74005270004272	280.90493882530114	273.49081314742085	163.76179710450515	110.37442533850285	338.3660087727447	292.75167355783134	50	100	6	0
PoissonCUSP_invgammaKC	10	12.92	1.7840993058067514	2.837718859690347	0.004005789715365641	0.00714432815668344	0.00557505893602454	2.6596240051586917	38.749472875927076	20.704548440542883	1	0.9090909090909091	NA	156.18636870384216	60.63857090446294	39.853806982793344	18.85501483633285	31.911846107665713	488.2730024491621	325.93004041254335	50	100	6	0
PoissonCUSP_invgammaKC	11	14.57	1.7113221238001202	2.501798734232132	0.006492827728574827	0.007583497824693061	0.0070381627766339435	2.27152059515555	30.474087069017635	16.372803832086593	0.9	0.6428571428571429	NA	157.48510074615479	191.6222143818136	219.92311176532453	92.72429604513023	81.73659568647108	350.33480858172595	268.4143465654101	50	100	6	0
PoissonCUSP_invgammaKC	12	11.515	1.8556834344845408	2.6968938602220818	0.004321616906863867	0.007490095380268022	0.005905856143565945	4.3110635825258505	37.25929802022472	20.785180801375283	1	0.9090909090909091	NA	139.37420988082886	102.39325029476312	129.89516862749642	64.20952752444394	46.22119851006654	424.6824985945378	305.90842740116807	50	100	6	0
PoissonCUSP_invgammaKC	13	13.68	1.9652259667720378	2.9104803305767826	0.00436025190469356	0.00594083125281893	0.005150541578756245	2.5565558711780674	39.260580265753724	20.908568068465897	1	0.9090909090909091	NA	198.53086352348328	86.01976059501409	55.41052534879353	37.48931755720573	46.64112640117184	461.91354258254876	362.18289127365347	50	100	6	0
PoissonCUSP_invgammaKC	14	9.601	2.1213039145430783	2.894418505881073	0.004186136823125601	0.008315321725643523	0.006250729274384562	6.205103673319712	51.035824297192136	28.620463985255924	0.9	1	NA	133.1628839969635	73.81088846619406	36.33919828669835	74.10908599148551	64.70780321411677	407.1298986770975	269.7726240519461	50	100	6	0
PoissonCUSP_invgammaKC	15	14.622	1.640694179035094	2.5777067651029575	0.00598905201601847	0.008595970433485183	0.007292511224751826	2.018417374518747	54.473898760845664	28.246158067682206	0.9	0.6923076923076923	NA	194.89669609069824	159.7543342979828	213.06932755061297	39.83843586773534	51.45134342509455	189.376269796981	202.34345526743613	50	100	6	0
PoissonCUSP_invgammaKC	16	10.327	2.0282310590972625	2.8119138521100493	0.008202959129799764	0.005685942363720155	0.006944450746759959	20.549326842110972	32.67976468524714	26.614545763679057	0.8	0.8	0.914506378750324	141.65895628929138	118.73489913485999	130.65731278495235	115.04641309612747	78.34321034668476	487.3281316647869	326.3646031230605	50	100	6	0
PoissonCUSP_invgammaKC	17	11.598	1.8505585239441964	2.5608402533455705	0.005868124431725155	0.007083769660445819	0.006475947046085487	11.882784229318547	40.28461618254394	26.083700205931244	0.9	0.9090909090909091	NA	176.64080786705017	91.42790998540336	62.964955311537636	71.7595843944633	72.37036353837134	274.26554596115733	239.9552899345119	50	100	6	0
PoissonCUSP_invgammaKC	18	13.33	1.699454365942433	2.668153476865543	0.005460541047922575	0.007801194261488909	0.006630867654705741	3.5854324213808786	36.76998432094766	20.177708371164268	1	0.7692307692307693	NA	148.05814576148987	149.5034286801065	194.78815602943	52.998240649210935	46.561815197747194	387.6970871748244	364.44195732951596	50	100	6	0
PoissonCUSP_invgammaKC	19	11.941	1.8393884384660735	2.694990396046126	0.004121121806638324	0.005257850893849712	0.0046894863502440175	2.148010414277696	30.375435865471147	16.26172313987442	1	0.9090909090909091	NA	144.146710395813	122.88771877806788	150.1289149978971	76.88883091947332	72.37983417175914	392.66618347140593	271.5245539446243	50	100	6	0
PoissonCUSP_invgammaKC	20	13.975	1.6821319675994133	2.6987262942856023	0.005569093734450417	0.00761196809619384	0.006590530915322129	3.1637085386148502	36.5179938649787	19.840851201796774	0.9	0.6923076923076923	NA	185.84069514274597	164.87213480146653	172.50899789092747	105.33612340873619	84.52013069080041	423.45868617137205	313.7996164157027	50	100	6	0
PoissonMGP	1	10	1.548844461746636	2.701416734583749	0.0028060549869873956	0.007836287965589198	0.0053211714762882965	5.514234567224037	29.41505064976198	17.46464260849301	0.9	0.9	0.9847847853914992	362.0742177963257	92.73642900975737	13.478921779472353	157.1115781657197	42.37972522922089	35.505760544093036	8.092607887042998	50	100	6	0
PoissonMGP	2	11	1.7289034078366963	2.7823218155193454	0.003804447974071557	0.007044042027437701	0.005424245000754628	4.062627712781898	32.17787488521618	18.120251298999037	1	0.9090909090909091	NA	368.6117718219757	93.67870609107689	11.79612703328631	150.74301159949056	50.761483663992465	34.26794156038042	16.36857880929059	50	100	6	0
PoissonMGP	3	11	1.7717083673858673	2.801469643674513	0.004431211810244813	0.006765192819070858	0.005598202314657835	7.900890420901053	38.924210084675885	23.41255025278847	1	0.9090909090909091	NA	371.5288953781128	92.75209834747211	16.417637804609065	133.663661175315	61.781644989662745	33.389977428783034	9.81280237564625	50	100	6	0
PoissonMGP	4	10	1.7400864425615812	2.615936766373136	0.0038754301943935885	0.006412732373977914	0.005144081284185751	4.096715406288893	36.79096932339988	20.443842364844386	1	1	0.9840920517177819	367.6400852203369	93.22997390048508	12.540616611358718	155.44990539145493	57.89213412948967	40.740145661594276	10.331737761765394	50	100	6	0
PoissonMGP	5	11	1.9063447819602675	2.805481401575559	0.004450136390205761	0.0065903907823916434	0.005520263586298702	4.513075045717318	41.660802075407595	23.086938560562455	1	0.9090909090909091	NA	361.5260272026062	91.83062903784855	14.154066949675295	126.20047976159229	49.811205242711935	30.513414541750592	8.069871471851389	50	100	6	0
PoissonMGP	6	10	1.7811392711718137	2.7580718438911713	0.003052695018118801	0.007331701191209846	0.0051921981046643235	3.3062009965441312	41.64767771754467	22.4769393570444	1	1	0.9844610618659577	371.6905469894409	98.81097832642736	13.472347990924664	142.09683053583862	67.74380223578119	34.52622437375046	9.897166513639089	50	100	6	0
PoissonMGP	7	10	1.97225514947729	2.828386925387742	0.003192697515664811	0.005379150640696981	0.004285924078180896	3.6338096496579126	32.407126638721984	18.020468144189948	1	1	0.9879419902463945	369.6314506530762	103.91245697516548	16.916510410972567	149.63790402764732	63.34950493326042	31.217343288027703	12.7261462975882	50	100	6	0
PoissonMGP	8	11	1.7009633646842122	2.6435241907418576	0.004270059206871864	0.007093211339159956	0.005681635273015909	3.5917889921115584	34.09853113415821	18.845160063134884	1	0.9090909090909091	NA	377.6024603843689	105.84637979768475	22.310416825311254	155.3775105272114	52.12169689116	33.17620027571269	8.932411978976766	50	100	6	0
PoissonMGP	9	11	1.6267648752675996	2.7158308680975285	0.003670076315228177	0.007047341737691065	0.005358709026459621	3.9885388523066925	32.71193092173026	18.350234887018473	1	0.9090909090909091	NA	383.3877501487732	107.77985037583296	23.638949828328244	140.18753365278397	47.76761922974079	32.88556871461977	8.955714479215796	50	100	6	0
PoissonMGP	10	10	1.785045923943169	2.843118313907782	0.0029160740174992085	0.007167208289046928	0.005041641153273068	3.1769572334346083	40.24449866033022	21.710727946882415	1	1	0.9853377244372994	407.98773860931396	90.48978322917388	13.783964250125006	142.39092040789436	71.72281268661969	33.14122098406456	7.38248248137355	50	100	6	0
PoissonMGP	11	10	1.7126005661334054	2.5029772348040757	0.0038759503872404983	0.007636811751434268	0.005756381069337384	3.5067871648385864	31.39582420167129	17.451305683254937	0.9	0.9	0.9758171830593617	323.7395215034485	95.42781142748086	16.17055525736992	151.84844677278622	61.16843741921889	35.99041469116895	13.10535890987232	50	100	6	0
PoissonMGP	12	11	1.8498561881971842	2.7001585948165747	0.004247926055439748	0.007595605270613598	0.0059217656630266725	4.477611281480461	37.87291599388382	21.175263637682143	1	0.9090909090909091	NA	346.91776275634766	91.97994395375106	19.213783481775508	120.43359743820169	34.49447669135375	37.20579850119196	13.242574404923614	50	100	6	0
PoissonMGP	13	11	1.9697509146509329	2.9051004436360524	0.004425485244969573	0.006082353681211065	0.005253919463090319	3.8046282599552645	39.99394677041049	21.899287515182877	1	0.9090909090909091	NA	382.35600113868713	88.02464199777087	19.02539161534311	121.6796152170021	36.527767340915744	31.15618602691337	11.482550634769314	50	100	6	0
PoissonMGP	14	10	1.9504449489298732	2.7352377781484374	0.0032875311635439408	0.006396675570535471	0.004842103367039706	3.9146032007718206	29.77926952083164	16.84693636080173	1	1	0.9854402983382818	382.43577098846436	105.518164850404	18.410140249934095	138.7461548411875	40.671135627645754	37.081904393947006	10.926518641844122	50	100	6	0
PoissonMGP	15	11	1.57321805164116	2.5282469955542934	0.004506846352036522	0.007794021094427685	0.006150433723232103	5.0208413962432985	32.31464524669587	18.667743321469583	1	0.9090909090909091	NA	345.56712770462036	100.00402290127516	12.970025591765529	121.42639656165022	21.76903979955338	33.21592479483437	11.076636866095088	50	100	6	0
PoissonMGP	16	11	1.6391245241394472	2.4631798012375863	0.004710811268212556	0.005284535134613428	0.0049976732014129915	4.805364715182915	32.00526002112024	18.405312368151577	1	0.9090909090909091	NA	356.63716435432434	100.75127612535827	17.091256518099154	153.87342226243842	78.89944323114958	35.154902488528286	11.891163833611554	50	100	6	0
PoissonMGP	17	10	1.8422626116347358	2.551526641684069	0.0033137010784499233	0.007288791867506099	0.005301246472978012	6.627880058305792	28.373592596384746	17.50073632734527	1	1	0.9839381191742466	365.1552288532257	93.23219322133991	13.618096497069292	133.98524029985174	51.4600223041264	36.97598977408285	6.528594973724341	50	100	6	0
PoissonMGP	18	10	1.6903727343008996	2.6666689937392793	0.0029813912256043107	0.007693646035364884	0.005337518630484597	4.242711725237228	36.75245796536734	20.497584845302285	1	1	0.9839067954339278	344.54189348220825	97.4977662858605	12.455459570920386	167.00707851105946	80.63872089149525	33.97392246293051	7.814399843989915	50	100	6	0
PoissonMGP	19	10	1.8294370745636188	2.696024111355551	0.0029946579191895044	0.0051486279251873905	0.0040716429221884474	2.1566736536917297	30.355676844967583	16.256175249329658	1	1	0.9868270696048516	352.7445969581604	102.68274164852455	19.821089517324374	156.52028246117473	65.90043603428653	37.55605095842973	6.242438424651991	50	100	6	0
PoissonMGP	20	10	1.696515376364644	2.707158897496431	0.003224968404018613	0.008130465286975485	0.005677716845497049	5.502614569716886	38.89723576299296	22.199925166354923	0.9	0.9	0.9783021301080533	377.53735518455505	94.84247975267259	19.810156667189652	147.84841367570428	56.28737342087681	32.6954539211114	9.564601573145422	50	100	6	0
CompressiveNMF	1	10	1.557223791231687	2.7750962756239534	0.001788931514012789	0.005579174596271653	0.003684053055142221	4.405370434521308	29.49605638103673	16.95071340777902	0.9	0.9	0.9875172486649166	749.3366229534149	525.3276417541103	453.6843269123722	586.7983710096341	392.86826734871596	331.7013619751603	148.48992519662957	100	100	6	0
CompressiveNMF	2	10	1.5604612811858725	2.8180752233866855	0.0022634216957368347	0.004838178195515259	0.0035507999456260465	4.635162738178427	30.543320383193215	17.58924156068582	1	1	0.9918767207818342	830.1898512840271	526.5629955558618	456.86516879627715	578.5967048793723	405.6283850117347	293.05761207679035	108.37030193697224	100	100	6	0
CompressiveNMF	3	10	1.5556149230534015	2.8945902141677333	0.0021935127206684046	0.006241599119350167	0.004217555920009286	4.621785046277244	32.293821030083166	18.457803038180206	0.9	0.9	0.9827659175469704	761.2068908214569	527.3641785954303	454.63564819774285	579.9176381876424	399.3407034704438	274.6989095382052	128.08454181959274	100	100	6	0
CompressiveNMF	4	10	1.6689008749985301	2.8399322877769055	0.0024448275665680387	0.004208226517287162	0.0033265270419276004	3.0446459734392284	31.07219800475542	17.058421989097326	1	1	0.9894484266582904	742.0568537712097	533.7129338817398	454.5041167538709	590.213880843911	392.9122078137931	323.8392406138406	169.46040412276778	100	100	6	0
CompressiveNMF	5	10	1.5927151059990479	2.88612463894629	0.002222294621142651	0.004062996122673194	0.0031426453719079223	3.1097836818071642	28.92243760864619	16.01611064522668	1	1	0.9916383106198667	764.2969679832458	524.571042393054	456.48586632674653	586.0769648183191	399.6202759031553	297.2210994555283	163.73400304886005	100	100	6	0
CompressiveNMF	6	10	1.6598438142443406	2.826110137276975	0.002008811337697001	0.0043221227764202695	0.0031654670570586355	4.233561962281824	28.1552393096446	16.194400635963213	1	1	0.9918991128676239	739.686267375946	529.9638748880349	457.14011005878814	590.0629400321983	400.6287584974235	368.5565046839844	195.33272010099145	100	100	6	0
CompressiveNMF	7	10	1.6434488237559017	2.7761426645378813	0.0021918541539708222	0.005253538560807366	0.003722696357389094	7.06866157197606	34.27942179429094	20.6740416831335	0.9	0.9	0.9865002607727811	752.0492196083069	525.751635011718	456.176387767886	579.6902806673692	402.3598690768533	334.023603441493	215.39429086263627	100	100	6	0
CompressiveNMF	8	10	1.7246972385727288	2.8116997369650982	0.0021753080557226634	0.004945583044055547	0.0035604455498891054	3.697407496805984	28.337365487984655	16.01738649239532	1	1	0.9902259672358483	782.241108417511	524.546189003994	455.44759157641164	576.6307852846226	407.4818777634852	263.47354219877747	110.5048233530239	100	100	6	0
CompressiveNMF	9	10	1.5902962074724398	2.9042599723484375	0.0024140900248919035	0.004687356225775743	0.003550723125333823	2.9184477756994287	28.15820266864885	15.53832522217414	1	1	0.9882761794353037	805.9175772666931	526.0024209815542	461.9028647571763	568.9973533688046	413.27119058584594	279.7813806153177	204.27248436457896	100	100	6	0
CompressiveNMF	10	10	1.7196668327893951	2.8352282012952448	0.0021838135328848957	0.00422002480826235	0.0032019191705736226	3.4295241488336585	34.15789349161163	18.793708820222644	1	1	0.9903266273327168	772.439195394516	529.4070923471429	457.1213138083869	582.4906927213001	403.04594603258806	328.8565024574061	108.810019235933	100	100	6	0
CompressiveNMF	11	10	1.6607250335054473	2.912822717087738	0.0023638432591639984	0.004996628848666109	0.0036802360539150538	2.920619322196667	25.63521774270608	14.277918532451373	1	1	0.9891761816447449	795.1312310695648	524.9893448074696	453.67054697421725	571.689241508943	411.68018064829016	269.97693513876743	97.07659764099553	100	100	6	0
CompressiveNMF	12	10	1.655554036466622	2.771970723961161	0.002327476035969754	0.004925129574941237	0.0036263028054554954	3.5468519997510684	31.939427320548635	17.74313966014985	0.9	0.9	0.985959631991885	782.9078583717346	525.2764903169156	458.4197281118579	582.5656389672268	400.9791239921729	289.86613694779504	107.83065610946876	100	100	6	0
CompressiveNMF	13	10	1.655331334111799	2.772852325680306	0.0024183029389006883	0.004788909357026227	0.003603606147963458	2.954270821682426	29.25641569576747	16.105343258724947	1	1	0.9874140019608151	726.4848093986511	527.2724348872015	452.0302900482979	588.5788267805203	397.9436771648185	301.4359430634816	196.35593909098742	100	100	6	0
CompressiveNMF	14	10	1.519899483999682	2.9074388278780448	0.001992252979463927	0.004394308688137101	0.0031932808338005136	4.961868982726103	26.542676801172323	15.752272891949213	1	1	0.9924945656232796	793.1538195610046	530.0252730957038	457.96401500788943	583.7609427052564	401.192207860041	308.9598302584989	83.63769245097444	100	100	6	0
CompressiveNMF	15	10	1.7547388693088235	2.8541864404205253	0.0022843581423553	0.004890707311138113	0.0035875327267467063	3.6328508836647644	31.568387214507357	17.60061904908606	1	1	0.9892905662529339	817.0001068115234	527.0099608867114	458.17065218928644	571.661247843202	411.62723793280895	277.002090527314	154.26632507952388	100	100	6	0
CompressiveNMF	16	10	1.602271702847762	2.8940851248756383	0.002559807276769645	0.005816140045814388	0.004187973661292016	4.21001862377053	33.510893595390144	18.860456109580337	1	1	0.987465099313361	745.6078124046326	525.5173058681704	457.94652774905154	578.0754673929844	409.0783250868387	302.5406706918986	128.78190195614155	100	100	6	0
CompressiveNMF	17	10	1.6233426408662206	2.838739606893265	0.002344736441360298	0.0054047567752654345	0.0038747466083128663	2.3531929457701306	33.17422623800869	17.763709591889413	1	1	0.9867849809143207	743.686121225357	528.0624363652945	456.9779000180079	578.7438148638146	404.108151219782	288.73106931687903	145.23198762572844	100	100	6	0
CompressiveNMF	18	10	1.6377106582119745	2.7308407203458462	0.0030571100078031965	0.00670658931850794	0.004881849663155568	8.68763154823571	38.34753678678726	23.517584167511487	0.9	0.9	0.9796900267304617	765.7302913665771	522.3183563643557	462.712344311435	567.4494680107626	417.50133803518105	237.77303454902247	127.55634078457365	100	100	6	0
CompressiveNMF	19	10	1.6712103485618879	2.8075463193773196	0.0022655249467851443	0.005175544491912757	0.0037205347193489504	4.627153090756462	31.694412327143283	18.160782708949874	1	1	0.98922505901907265	794.2507131099701	528.4453779445996	454.7422524127708	566.3011109931791	415.1682385287508	295.95529613773454	151.33763237127087	100	100	6	0
CompressiveNMF	20	10	1.72793338847282	2.9687547615060086	0.0021680413224054043	0.00517212282300081	0.0036700820727031073	2.894138648268453	32.93666292587953	17.91540078707399	1	1	0.987235063752129	852.4472093582153	529.1885945522168	456.4291516900965	575.3233208887834	405.4847629554508	325.17185151706525	173.01725697934188	100	100	6	0
PoissonCUSP_gamma	1	10.035	1.5293109555774689	2.746728710154593	0.0018126123070982417	0.005370034847134343	0.0035913235771162923	3.425460539674941	26.449995939296127	14.937728239485534	1	1	0.9895643160453178	599.4046244621277	81.91483372507986	14.70387413083557	207.26311306252316	75.70821549723973	12.046730345161084	3.808689396202509	100	100	6	0
PoissonCUSP_gamma	2	10.236	1.5513845022073842	2.8005105018521976	0.002234171460515907	0.004507646915318757	0.003370909187917332	4.444102181355085	28.839070555666314	16.6415863685107	1	1	0.992746510840216	636.3615550994873	81.3014929271703	14.785398349808085	178.03309549415144	75.9168175687067	11.594168600869398	3.3345643595194674	100	100	6	0
PoissonCUSP_gamma	3	10.027	1.5235288100190507	2.8658300027963826	0.002075709457590341	0.00525877398415568	0.0036672417208730105	4.205410804148151	26.439522511840202	15.322466657994177	1	1	0.9888520675731469	643.2896585464478	86.39344850051232	18.977897947983646	199.7240638711446	83.99281096501562	15.548025664553162	5.358509381261624	100	100	6	0
PoissonCUSP_gamma	4	10.187	1.652581787824038	2.821141306492039	0.002244018343714552	0.004164708892613928	0.00320436361816424	2.7388370607961225	29.93432504595806	16.336581053377092	1	1	0.9902073597591624	609.3949735164642	88.66383766336708	15.27185702519322	210.7542214287187	92.24337733119361	13.504509191878698	3.9789829638088325	100	100	6	0
PoissonCUSP_gamma	5	10.118	1.5749046435642244	2.8736731933625954	0.002205397437309175	0.0041167975894464415	0.003161097513377808	3.1961874156278727	28.374744873097278	15.785466144362575	1	1	0.9916705879077782	630.3493270874023	82.15074093213008	12.923423371573799	206.5832702207929	83.05663099058818	14.101332148376276	4.832770267383376	100	100	6	0
PoissonCUSP_gamma	6	10.062	1.6458564502542155	2.81005396108485	0.002020879041031377	0.0039927311815111804	0.0030068051112712786	3.8502443474565875	26.00482104325767	14.92753269535713	1	1	0.9926973358476497	599.8231983184814	85.46845056786081	16.92992981788118	206.85476913634253	108.24209583236001	13.994281123211776	3.8196442551142153	100	100	6	0
PoissonCUSP_gamma	7	10.104	1.6158600512119847	2.758931966284195	0.0021318503014748236	0.004869877009075253	0.003500863655275038	6.325739780802982	31.06161613398192	18.693677957392453	1	1	0.9889877742578819	623.4184036254883	81.94500808693515	8.352351916117893	194.80083815366734	99.47128181692084	13.02732372107292	4.080229680715492	100	100	6	0
PoissonCUSP_gamma	8	10.008	1.6891248824836151	2.795911051321715	0.0021416454909184324	0.004950865177456026	0.003546255334187229	1.847247771455347	26.615649912424253	14.2314488419398	1	1	0.9907287204350704	613.603875875473	81.23787508955152	17.302333869041448	188.02536857884877	80.80082211050934	12.104637286256713	3.841587451325247	100	100	6	0
PoissonCUSP_gamma	9	10.036	1.574564028537551	2.8857279561796076	0.002372662421746258	0.004226050853412589	0.0032993566375794235	2.8669564245699735	25.546960991527577	14.206958708048775	1	1	0.9905361731881787	606.2182252407074	76.95821187804259	12.682252578660096	160.95923354123562	60.25591713527539	12.706969715593832	3.7183757481902786	100	100	6	0
PoissonCUSP_gamma	10	10.278	1.6951494792848443	2.820158226397735	0.002282088670531614	0.004155854543320986	0.0032189716069263	2.3204702417319814	33.68154921390921	18.001009727820595	1	1	0.9904600250784417	639.1966552734375	83.04141262258842	12.868660691758043	185.2554526143622	72.56764068651144	13.507184920372215	2.5423707905602595	100	100	6	0
PoissonCUSP_gamma	11	10.022	1.6266357247216425	2.8862817066630844	0.0024102498358655293	0.0046650878818117235	0.0035376688588386264	4.1757877949296756	23.227273933242653	13.701530864086164	1	1	0.9903613843074477	615.3851034641266	84.86433144310273	17.77398727894117	176.55117246674214	85.94077167839363	15.370861694395515	5.139972209158984	100	100	6	0
PoissonCUSP_gamma	12	10.164	1.6289053574553376	2.756302714231564	0.002377115583497305	0.004537397273940413	0.003457256428718859	2.4805816487181547	28.635416448802548	15.557999048760351	1	1	0.9889546730214176	635.0899310112	79.8924914532698	7.504808455712633	190.9992548605688	76.22073297307851	14.559007534432663	4.468838962951128	100	100	6	0
PoissonCUSP_gamma	13	10.019	1.6372314724989792	2.74814952719397	0.002401914304131829	0.004308621730410859	0.003355268017271344	2.780000156054425	25.937774776759536	14.35888746640698	1	1	0.9898272750047246	597.3617668151855	86.71986279037515	9.895430736633003	202.41969220731377	86.7521150727257	13.80493123914922	3.7988648234151117	100	100	6	0
PoissonCUSP_gamma	14	10.257	1.5145654469380816	2.8915931833007367	0.0020070821788899067	0.004227731017082787	0.0031174065979863467	5.008997097921583	25.1517273226449	15.08036221028324	1	1	0.9932351403903218	637.7567591667175	82.27090974583015	16.597898371699966	204.69838874741103	112.85279354634078	14.203877186306872	3.6447216240288953	100	100	6	0
PoissonCUSP_gamma	15	10.014	1.7172560148502387	2.8319808704490796	0.0022993593766017255	0.0043293410470949	0.0033143502118483125	2.651035369288319	28.33262714205485	15.491831255671585	1	1	0.9905518583114366	648.3429751396179	80.18189552378672	7.063160638153604	165.58465619461626	70.11053778848436	11.172343340686243	2.1814868054606302	100	100	6	0
PoissonCUSP_gamma	16	10.011	1.5738858976259202	2.877265529662681	0.002496586670166836	0.00550109356351478	0.003998840116840808	3.199528950549658	31.451368652726547	17.325448801638103	1	1	0.9891746180701846	665.4335975646973	79.59433446982203	16.44428237462416	174.7550631248782	58.499883901136016	12.913714268083112	3.0939646473664264	100	100	6	0
PoissonCUSP_gamma	17	10.03	1.5972900009507753	2.8262946077702016	0.002259851301131097	0.004712228850938873	0.003486040076034985	2.6658002661563907	29.114427135259056	15.890113700707724	1	1	0.9894302599091049	621.2183933258057	81.37641258573026	16.6229926787529	192.84118409364388	78.51071778830934	14.302212870339421	5.776223621423972	100	100	6	0
PoissonCUSP_gamma	18	10.059	1.6085200201481384	2.6966607448347166	0.002803781383540341	0.005657509763300808	0.004230645573420575	5.9284493065332775	31.92275916062491	18.925604233579094	1	1	0.9853572636412595	622.8679490089417	74.62825050908789	17.974538267897454	182.19250920195623	68.81344025173956	12.352122868537235	3.310374456458332	100	100	6	0
PoissonCUSP_gamma	19	10.009	1.6399404173884204	2.7886276173534985	0.0021871083201926373	0.005016174079472137	0.0036016411998323872	4.007731624850491	28.979395824426344	16.493563724638417	1	1	0.9907360203588895	661.606006860733	86.91650935850643	19.758492337122593	171.10679171872286	73.68485932520579	12.695860327066075	4.0711497798284055	100	100	6	0
PoissonCUSP_gamma	20	10.241	1.694334755426318	2.9558538869913504	0.0020555907367613845	0.004846917140879741	0.0034512539388205626	2.6759585572793534	30.69253458473672	16.684246571008035	1	1	0.9894021570225406	684.9127740859985	82.09160043549635	13.464260837938575	175.00620445920666	82.44679207223712	13.853612592571112	3.7683165502194846	100	100	6	0
PoissonCUSP_gammaKC	1	10.045	1.5282906765948374	2.7471284905752382	0.001806109939690765	0.005315874933991144	0.0035609924368409547	3.4415608723659115	26.116795153533545	14.779178012949728	1	1	0.9898811622589565	622.6075847148895	82.3811164587339	14.275521617699711	202.61422792823038	76.1237332875726	13.819302261670002	2.5072079222111423	100	100	6	0
PoissonCUSP_gammaKC	2	10.08	1.5463054928141429	2.7975488489724434	0.0022262832172865238	0.0047340338654118476	0.0034801585413491857	4.382645554769441	29.223417366625686	16.803031460697564	1	1	0.9924964396358631	644.6059129238129	82.29754377830523	14.871025781077323	179.34030878111474	72.90267141519226	13.447166370883146	5.15493608682484	100	100	6	0
PoissonCUSP_gammaKC	3	10.033	1.5270862885141305	2.8686614312985412	0.0021173127429550986	0.005190083110722699	0.003653697926838899	4.398900542854569	26.3084420204667	15.353671281660635	1	1	0.9885658734265921	620.3041667938232	83.22895030681448	17.270290285155795	201.16828886599572	87.46198966091964	12.07907286360763	4.320208645704583	100	100	6	0
PoissonCUSP_gammaKC	4	10.099	1.6436379828563286	2.822116102032899	0.002227742507885445	0.004096500235658917	0.003162121371772181	2.3842887005000897	30.00108925039269	16.192688975446387	1	1	0.9902954916637535	604.3334767818451	89.60564706812755	14.31368473415861	208.21710579565578	89.60285236047774	12.303190207600101	3.520964058706919	100	100	6	0
PoissonCUSP_gammaKC	5	10.052	1.5760167368943112	2.8727768147380246	0.0022380305106745116	0.00413823837262193	0.0031881344416482206	3.409489812878523	27.92614466754595	15.667817240212237	1	1	0.9917100161463416	670.151221036911	82.47965880371223	10.396288432972714	208.44447173733911	82.84472661502332	13.451296441902198	3.6414589886568254	100	100	6	0
PoissonCUSP_gammaKC	6	10.174	1.6452226627335766	2.808148747175641	0.0019847126756226802	0.0040956577759551	0.00304018522578889	3.450909058654397	26.793480292813292	15.122194675733844	1	1	0.9924879647149771	612.6548113822937	84.28156746666596	16.726726581794114	209.14197527692153	108.6042231163966	12.546756701888182	4.060490977295651	100	100	6	0
PoissonCUSP_gammaKC	7	10.013	1.6063136570527665	2.7560327969322316	0.0033534664957929005	0.00472402115959967	0.004038743827696286	5.520814386822169	30.71710424251733	18.11895931466975	1	0.9090909090909091	NA	613.7373423576355	163.08964897474175	269.31813393987875	217.81862690589028	139.94442814457832	40.91515510970831	80.25153001722933	100	100	6	0
PoissonCUSP_gammaKC	8	10.052	1.6946993998025413	2.7945120994747934	0.0021608622800609206	0.0047603457218232245	0.0034606040009420727	2.4397757285529043	25.83868346619153	14.139229597372218	1	1	0.9908773405777302	659.3142569065094	79.96074084080826	14.846310586248745	183.56027825113773	81.0241429083028	11.70085110048241	3.02640376169557	100	100	6	0
PoissonCUSP_gammaKC	9	10.386	1.5730203095791244	2.886439095157302	0.0022734816721285515	0.004274506415204286	0.0032739940436664187	2.801659514070837	25.569504090632535	14.185581802351686	1	1	0.9903215371652291	656.9286789894104	76.87202060040616	13.085586741481976	160.68308645922733	56.01026599125206	10.444719860893901	2.6516683391996994	100	100	6	0
PoissonCUSP_gammaKC	10	10.034	1.6932650501999353	2.8195755324577934	0.0033356628784255785	0.003988200639720269	0.0036619317590729237	2.040544478398975	32.78091300950622	17.4107287439526	1	0.9090909090909091	NA	637.3894076347351	160.99699419137735	265.91668094444066	177.14064571535985	78.54834182972445	15.91150731903971	14.858144830152067	100	100	6	0
PoissonCUSP_gammaKC	11	10.205	1.6211624279799093	2.8851709220677093	0.0023258655590642882	0.004472977588222314	0.003399421573643301	4.077452172719459	22.356415436713547	13.216933804716504	1	1	0.9910081496000348	662.499719619751	84.97968121467257	17.018266404767473	174.39382255802676	81.24799385966628	14.033975453980482	3.109049219836243	100	100	6	0
PoissonCUSP_gammaKC	12	10.048	1.618692255789407	2.7595308911111425	0.00247188542800849	0.004413438632485023	0.0034426620302467565	3.2167317397019155	29.01272388484555	16.11472781227373	1	1	0.988087420804524	626.5725696086884	79.53291255731628	7.959253111542102	194.2079625073051	83.67260889221674	13.520709240275234	3.889260476669045	100	100	6	0
PoissonCUSP_gammaKC	13	10.043	1.6309631369684547	2.749974684069761	0.002331650772640299	0.004358445336977266	0.0033450480548087827	3.016593540478759	26.30934663776589	14.662970089122325	1	1	0.9896145270280661	635.2332937717438	87.00433787996252	10.292200459916828	200.0484011030743	89.63939791928354	12.887002668117214	4.517117251530981	100	100	6	0
PoissonCUSP_gammaKC	14	10.256	1.5085820824439389	2.891392945215607	0.0020057533447715354	0.004367921185461987	0.0031868372651167615	5.242179133918503	25.776550764534402	15.509364949226452	1	1	0.9929020043171964	596.0210514068604	84.78115034333781	17.8595658945528	202.73338766181988	99.56557534737166	14.317720787107802	5.823796793483779	100	100	6	0
PoissonCUSP_gammaKC	15	10.016	1.722030282149257	2.8359670691382792	0.002280600478807672	0.004238099430397022	0.003259349954602347	2.568297931484684	27.993330479259637	15.28081420537216	1	1	0.9908517721095256	655.1628513336182	79.0317039850907	6.515553591105559	173.3703292061057	83.8996475327162	13.687300516752808	4.3542755377965054	100	100	6	0
PoissonCUSP_gammaKC	16	10.081	1.57849557302607	2.8804409878930692	0.00259892870861193	0.005565273259979516	0.004082100984295723	3.359345586358014	31.73730098227666	17.548323284317338	1	1	0.9891585234150388	653.9964284896851	79.41388996423626	17.2264510767307	179.29257816931712	62.97985860655566	13.892010867780055	3.936953682275193	100	100	6	0
PoissonCUSP_gammaKC	17	10.046	1.6013832500887213	2.8180353367433733	0.0022710362670918726	0.004587593886886743	0.0034293150769893078	2.5956686670584124	27.89322806990666	15.244448368482535	1	1	0.9894693945111153	610.4163167476654	83.28445693333123	17.588885659137322	189.15849514210058	71.92586824662794	13.300872999854423	5.012769172343497	100	100	6	0
PoissonCUSP_gammaKC	18	10.293	1.6037612429924795	2.691401395820186	0.0027677049315983668	0.005413584184139093	0.0040906445578687296	6.302239154742791	30.669776473367264	18.48600781405503	1	1	0.9873353706833854	633.4025785923004	74.03392415155703	16.75879631172102	168.90734563339097	61.488973487505056	12.97730114426266	5.009607862671548	100	100	6	0
PoissonCUSP_gammaKC	19	10.052	1.6451005753333579	2.7905286340273654	0.002143185876835546	0.005004487650291349	0.0035738367635634472	3.7097140614996063	28.98776770829208	16.348740884895843	1	1	0.9910092841820742	597.4900929927826	85.84336809059977	18.579539352962225	164.3059657400849	70.41708894266273	12.121516507221733	3.4334611620933426	100	100	6	0
PoissonCUSP_gammaKC	20	10.117	1.700255694346181	2.95523864832964	0.0020150509488703955	0.004796207104028944	0.0034056290264496696	2.3363313832312826	30.104743036702768	16.220537209967027	1	1	0.9896685167349655	684.7771306037903	84.424627472155	13.430558667343936	183.87957250972715	98.06550583796243	13.67528806051564	3.9835829159243734	100	100	6	0
PoissonCUSP_invgamma	1	19	1.5122807032366674	2.7351371004962886	0.006999072555544506	0.00504955729547094	0.006024314925507723	1.7286902368645016	25.59380240375753	13.661246320311015	1	0.5263157894736842	NA	739.6676485538483	238.55677999052872	173.53985934600317	195.836886037191	77.69583532638019	275.6499373259075	308.90834836077823	100	100	6	0
PoissonCUSP_invgamma	2	19	1.5498137768264133	2.7847123176681063	0.0071705996189589645	0.004624545876266505	0.005897572747612735	1.8027705764200048	29.921331143532996	15.8620508599765	1	0.5263157894736842	NA	803.4163317680359	235.26452801402976	170.0661512389124	172.39717895939066	68.78884287996455	291.7139825935671	356.8863007128072	100	100	6	0
PoissonCUSP_invgamma	3	19	1.499118944513215	2.8555660118745587	0.007119146503657835	0.0051214546587949475	0.006120300581226391	1.9849904351766108	26.633499041744603	14.309244738460606	1	0.5263157894736842	NA	760.4343867301941	226.1979268365709	154.7719070541912	207.15197575840466	82.53528918812667	319.4654809237582	362.8106096423668	100	100	6	0
PoissonCUSP_invgamma	4	19	1.6288159773977609	2.8092191955268078	0.007189053524006215	0.0038252299637044507	0.005507141743855333	1.0009476506914792	29.357041127459592	15.178994389075536	1	0.5263157894736842	NA	734.4980263710022	236.19905522356248	161.25988994425123	178.0389682095206	89.90282519202614	301.1576342803618	365.59721717227916	100	100	6	0
PoissonCUSP_invgamma	5	19	1.5638099741557354	2.853515519390514	0.00714779426128397	0.003833951311895367	0.005490872786589668	1.735618637347157	27.033707813402817	14.384663225374986	1	0.5263157894736842	NA	766.0229017734528	236.7430606840258	168.17877696590836	182.83681518374885	82.88708676610716	325.55564988378427	379.63076413234273	100	100	6	0
PoissonCUSP_invgamma	6	19	1.6272004216792526	2.7959422476502294	0.007045957375192803	0.004012732878685299	0.005529345126939051	1.4794372079877955	26.62528842903671	14.052362818512254	1	0.5263157894736842	NA	794.50346159935	235.1332821460677	164.52281757870395	187.86011197986144	83.06110139527674	335.0448576216516	375.6963527573685	100	100	6	0
PoissonCUSP_invgamma	7	19	1.5850469524287643	2.7438051595561634	0.007113684288666827	0.004751518708217012	0.005932601498441919	2.920264134623225	31.142372000075056	17.03131806734914	1	0.5263157894736842	NA	804.1083657741547	238.2203526291543	169.85979973132382	178.99782109712885	83.08395923593977	291.30400900156377	316.88105828447436	100	100	6	0
PoissonCUSP_invgamma	8	19	1.6696930623900885	2.780717955828025	0.007116999618313967	0.00468531494492775	0.005901157281620858	1.3772813177112502	25.68997677089075	13.533629044301	1	0.5263157894736842	NA	859.5002269744873	231.8379251617899	165.0316690923644	174.80321657997078	81.87959044819263	316.2317374824747	358.3659129692162	100	100	6	0
PoissonCUSP_invgamma	9	19	1.5497757011611828	2.8722081273141713	0.00716865292981145	0.004098004809806854	0.005633328869809152	1.5165961829244463	25.17154561777132	13.344070900347882	1	0.5263157894736842	NA	763.9793634414673	218.780899611784	155.15560337485607	164.96664876094786	54.83047936999932	273.0847650593822	356.57680351596895	100	100	6	0
PoissonCUSP_invgamma	10	19	1.6662393663367447	2.805873220255734	0.007194134065848309	0.003940293210268023	0.005567213638058166	1.5529803527130908	33.393543834951636	17.473262093832364	1	0.5263157894736842	NA	783.403457403183	216.0970517545026	147.90696886808362	158.4333454153373	85.3595899583658	276.0236646185088	336.83618077226856	100	100	6	0
PoissonCUSP_invgamma	11	19	1.60565021249864	2.868303953961449	0.007227222184709919	0.0043437244398164595	0.0057854733122631894	1.9032065792609196	22.31517441873337	12.109190498997146	1	0.5263157894736842	NA	775.870195388794	220.4052412046329	148.26250677539218	169.77061628511058	69.29826675801294	201.3884060453686	270.09690547022683	100	100	6	0
PoissonCUSP_invgamma	12	19	1.6052781318122213	2.746003688848405	0.007164740096631184	0.004459030335782498	0.005811885216206842	1.434817369278863	28.558891066648794	14.99685421796383	1	0.5263157894736842	NA	743.1778221130371	235.42300160950063	168.6270108749601	200.4903130263976	61.19845162339875	226.9335485771562	283.23132782483566	100	100	6	0
PoissonCUSP_invgamma	13	19	1.6132216115877198	2.7349112762333077	0.007269032743271369	0.004360219755252674	0.0058146262492620214	1.4937251348229148	26.79693794810197	14.145331541462442	1	0.5263157894736842	NA	770.9212255477905	240.07863308758846	165.31531887582636	194.20478937457918	88.66644625775105	242.1619763353521	279.25853450301116	100	100	6	0
PoissonCUSP_invgamma	14	19	1.5101206651797323	2.8779936779538886	0.007095473103631458	0.0041685001113145395	0.005631986607472999	2.515367476858333	25.45613754707886	13.985752511968597	1	0.5263157894736842	NA	798.5949623584747	231.03928757096935	161.11910415816888	184.55278794056838	82.36098137270999	313.9148062956325	357.9509629831222	100	100	6	0
PoissonCUSP_invgamma	15	19	1.7111039246242115	2.818861507062654	0.0071800176166751176	0.004290722445472591	0.0057353700310738545	1.5976199363068968	28.379224109608437	14.988422022957668	1	0.5263157894736842	NA	843.3599932193756	216.2173609251844	148.57302600010672	151.06434777158603	63.13912838552024	240.92232342861394	305.5379565757282	100	100	6	0
PoissonCUSP_invgamma	16	19	1.570159747862862	2.863994296454875	0.007284980174874107	0.005363929285550975	0.006324454730212542	1.5160865804350632	30.90043194472995	16.208259262582505	1	0.5263157894736842	NA	785.3039054870605	219.8063667884469	151.24121968530937	171.55002850384733	63.82906751760921	271.6078539612279	288.11640310452844	100	100	6	0
PoissonCUSP_invgamma	17	19	1.5992833876422199	2.8074054148262335	0.007168071859658433	0.004760958189492292	0.005964515024575363	1.4508054287316745	29.578859015220882	15.514832221976278	1	0.5263157894736842	NA	769.1600301265717	223.36695755848336	152.76471050089256	168.34399145311912	67.7034896184177	268.18103251321253	352.87382505599624	100	100	6	0
PoissonCUSP_invgamma	18	19	1.5905447273358089	2.6757714336292024	0.007375611857538346	0.005586688276910101	0.006481150067224223	2.5167474763808593	32.26162745449128	17.38918746543607	1	0.5263157894736842	NA	787.3729951381683	215.9622335176408	155.89257050290644	173.39499537290737	66.70095147442974	266.8151899135991	296.8016353806099	100	100	6	0
PoissonCUSP_invgamma	19	19	1.6255896660785716	2.7758591064455036	0.007158484534069253	0.004937084017041193	0.006047784275555223	1.7445760764184004	29.335797952876703	15.540187014647552	1	0.5263157894736842	NA	788.156925201416	223.82669082466023	151.59741394736665	160.22278417086892	69.60274525263961	284.2387615296262	326.24999264939584	100	100	6	0
PoissonCUSP_invgamma	20	19	1.6784787516311164	2.9361140116853637	0.007096881351991444	0.0048234072337064405	0.005960144292848942	1.27727096910139	30.75565707822055	16.01646402366097	1	0.5263157894736842	NA	871.8754863739014	228.4518244280781	157.600372820357	182.32963764422203	66.66234444387399	313.06007748534256	360.63191937858994	100	100	6	0
PoissonCUSP_invgammaKC	1	10.963	1.5167052325195922	2.7389079713937052	0.001797769890196134	0.005364087869296285	0.0035809288797462096	3.567227617967382	26.509596074561525	15.038411846264454	1	1	0.9896122065759074	266.6758244037628	52.027029605677924	31.259325578953714	106.58308974848092	128.16896897538476	559.7471451164472	288.5053308435179	100	100	6	0
PoissonCUSP_invgammaKC	2	11.621	1.7532300871694508	2.922063499391356	0.006353981305796865	0.004948526719892199	0.005651254012844532	22.70694160812802	33.63048676618927	28.168714187158646	0.9	0.9	0.9386730476151274	317.43810057640076	66.10483352060021	97.47026971273043	33.17110207834549	74.80058979630877	195.41387575964671	279.0263489623906	100	100	6	0
PoissonCUSP_invgammaKC	3	14.348	1.4993617365724554	2.857481298427691	0.0041990472030706836	0.004999944719993604	0.004599495961532144	3.2210875556914824	26.21008538194327	14.715586468817376	1	0.8333333333333334	NA	327.0719745159149	74.56698295902817	115.45540366749492	28.32407126190073	60.390981922454216	455.76581336494746	312.57862702583094	100	100	6	0
PoissonCUSP_invgammaKC	4	14.459	1.62964596355916	2.8082448835688307	0.0049968575323112874	0.003925305000935079	0.004461081266623183	1.8056623154855793	29.356812197391054	15.581237256438317	1	0.7692307692307693	NA	327.26281118392944	123.25494004214137	140.5019984962037	36.32371942623842	46.15402606815993	456.0672983324523	309.40111800217284	100	100	6	0
PoissonCUSP_invgammaKC	5	10.282	1.5580566213981726	2.856905139665407	0.002143283675248687	0.004084186043476617	0.003113734859362652	3.741136419226139	27.84158235081927	15.791359385022705	1	1	0.992003525352303	269.7492380142212	35.95434270422021	18.285494583173836	50.09661758784936	86.94181450001506	423.4265728845803	255.24909038847224	100	100	6	0
PoissonCUSP_invgammaKC	6	13.492	2.156015926676935	3.1335046132651905	0.007538188653356737	0.004169294802737438	0.005853741728047087	17.378428035204042	26.199999013140115	21.789213524172077	0.9	0.75	NA	348.8326225280762	115.66819749510576	129.13529708967843	65.91168334319349	73.31729389584173	165.49939912343888	226.62297029113358	100	100	6	0
PoissonCUSP_invgammaKC	7	10.714	1.6306647617123584	2.77405994971832	0.0031307834446653183	0.006389382852381549	0.004760083148523433	7.499491046997108	47.28293446088414	27.391212753940625	1	1	0.9885096732451968	290.82787561416626	35.831156877463265	23.297504163810974	21.842213886684707	23.546594556341294	183.96428688295677	260.30924718026444	100	100	6	0
PoissonCUSP_invgammaKC	8	14.079	1.67388145849764	2.787767492056356	0.007360347363654955	0.00454185465305153	0.005951101008353242	14.138779154338643	26.610432621706845	20.374605888022742	0.9	0.6923076923076923	NA	294.3946645259857	130.95819120616608	136.25096941759043	51.965062984728064	48.61064811594588	151.30707838731587	168.87680077773814	100	100	6	0
PoissonCUSP_invgammaKC	9	13.496	1.5560738169105512	2.8734240258726356	0.005064883163428441	0.004127031562739379	0.00459595736308391	2.1871791128896403	25.584716169142094	13.885947641015868	1	0.7692307692307693	NA	323.89919209480286	126.89819686261403	141.94708169871117	98.35544681443177	90.6936349142623	279.51098694884814	230.66960845906868	100	100	6	0
PoissonCUSP_invgammaKC	10	13.872	1.6701349792794058	2.8103577843190743	0.004217456078814886	0.004048026466676404	0.004132741272745644	2.410077245480134	32.91419446506197	17.66213585527105	1	0.8333333333333334	NA	284.9991388320923	80.58632517738775	104.21051461722188	32.61869360391747	70.63670890535992	372.0152866988774	250.05869679426118	100	100	6	0
PoissonCUSP_invgammaKC	11	15.605	1.5969044105794452	2.870219968926664	0.005542943184917742	0.004437943878195395	0.0049904435315565685	2.184414511859415	22.993893268833588	12.589153890346502	1	0.7142857142857143	NA	392.4183464050293	136.85220916847496	154.29419808809527	40.136608768955114	55.988097487765344	355.9169354428083	351.5153517895215	100	100	6	0
PoissonCUSP_invgammaKC	12	10.999	1.603724654382354	2.7469283257417514	0.0044054920446501035	0.0044478147304586125	0.0044266533875543575	2.5087551677649707	29.42730719146511	15.968031179615041	1	0.8333333333333334	NA	255.682856798172	182.0045357585304	269.87309986591504	216.20373203690986	93.56518362247176	390.5474806153959	283.69722683207937	100	100	6	0
PoissonCUSP_invgammaKC	13	11.311	1.610581356212232	2.726953721403055	0.0036127695028240992	0.00437662012925202	0.00399469481603806	2.3751940625879446	26.829504165507235	14.60234911404759	1	0.9090909090909091	NA	258.9829704761505	77.40852048928176	106.87041838893018	95.41457902691698	133.1479328321858	384.7883234501767	337.8780675125547	100	100	6	0
PoissonCUSP_invgammaKC	14	12.032	2.9053657727968445	3.8470204963654764	0.00571192611730077	0.0119680470667353	0.008839986592018035	22.27348530215751	49.31645915625406	35.79497222920578	0.8	0.8	0.91442925977017675	280.91457653045654	111.2452214556924	127.0798452137651	145.93826360200885	85.37639984639043	288.558844113598	282.29506588097274	100	100	6	0
PoissonCUSP_invgammaKC	15	13.008	1.709000086407943	2.819928807039207	0.00498406764883816	0.004311873687784586	0.004647970668311373	1.967340928417801	28.75648298293037	15.361911955674085	1	0.7692307692307693	NA	311.77720046043396	123.081257332213	106.3892251501029	75.66281735702665	21.79695594152766	377.16573103832934	352.544848412735	100	100	6	0
PoissonCUSP_invgammaKC	16	13.468	1.5708551672156976	2.8668445674578593	0.0052366864753172655	0.00536642052876646	0.005301553502041863	2.719086312454069	30.833686097817	16.776386205135534	1	0.7692307692307693	NA	319.79632544517517	152.39319246319826	129.14340205759638	157.09806767270973	75.05651259356517	340.7516241699569	272.6222102439176	100	100	6	0
PoissonCUSP_invgammaKC	17	13.753	1.6029681502508148	2.8066970738055144	0.004998805486261757	0.004725734799943186	0.004862270143102471	2.00221223301588	29.16164529759984	15.58192876530786	1	0.7692307692307693	NA	277.4456572532654	91.91092263300604	102.4217894468565	28.512981718597587	27.092831766595268	355.20711496426713	300.6852523110861	100	100	6	0
PoissonCUSP_invgammaKC	18	13.302	1.5901786578543047	2.6793357648805207	0.004719900196425593	0.005703572582201907	0.0052117363893137494	4.636594872578702	32.265248062238214	18.45092146740846	1	0.8333333333333334	NA	301.3209125995636	84.12095137218535	111.02079130681386	27.482302745252085	31.295409956769593	419.09957427080053	344.51050219979436	100	100	6	0
PoissonCUSP_invgammaKC	19	11.757	1.6210097245168564	2.7741857945555544	0.0033522446305476418	0.004707356923814833	0.004029800777181238	3.4356773174717983	28.450053250424293	15.942865283948045	1	0.9090909090909091	NA	265.51394486427307	70.1130697986702	35.627754521518895	58.87073451097254	74.60483375016406	380.822380241952	241.12061041448678	100	100	6	0
PoissonCUSP_invgammaKC	20	12.151	1.6826913890950057	2.9347599078382056	0.004171932844312559	0.004933577700226163	0.004552755272269361	2.570508360038723	31.07644461445336	16.823476487246044	1	0.8333333333333334	NA	304.53327441215515	79.8099230679507	104.5381158398655	53.93101945822936	67.93175034483053	476.1208682703136	345.5528285419489	100	100	6	0
PoissonMGP	1	11	1.512095085687841	2.7344554836619896	0.003096435028797611	0.0052269951507187915	0.004161715089758201	3.5274712303782847	26.356477900338753	14.94197456535852	1	0.9090909090909091	NA	670.0059568881989	83.5442522770786	13.450126560573379	187.37954244231864	64.27645775856232	30.746759337176535	9.1420242855838	100	100	6	0
PoissonMGP	2	11	1.540959779806611	2.7831296356572435	0.003497098112926177	0.004637146003925915	0.004067122058426046	4.53600709944004	29.526720000065602	17.03136354975282	1	0.9090909090909091	NA	716.2626547813416	80.76487014572152	13.70354554577551	169.8767474168437	74.12245012485639	34.4941508789339	9.615049752957377	100	100	6	0
PoissonMGP	3	11	1.5014308983770785	2.8566971534803067	0.003334379129374493	0.005253026795853992	0.004293702962614243	4.034002854297378	27.48373024302372	15.75886654866055	1	0.9090909090909091	NA	717.3617570400238	85.58773658539748	18.584220450776765	189.83080234125532	81.34290993846044	31.770807087619158	7.748794415009386	100	100	6	0
PoissonMGP	4	11	1.6391665121338492	2.808467273375542	0.003667724572748039	0.00388508161021142	0.0037764030914797294	3.0737844775952645	30.347167901657677	16.71047618962647	1	0.9090909090909091	NA	690.336662530899	86.51086563956017	17.09371572150976	200.22029500316876	99.79799959619378	35.550520564097695	13.374012342897903	100	100	6	0
PoissonMGP	5	11	1.5625388469102435	2.8532741551614507	0.0034061343574044766	0.004081732586382237	0.003743933471893357	3.247812075752069	28.19109581326894	15.719453944510505	1	0.9090909090909091	NA	682.5470116138458	81.5744971385368	11.777045399333332	203.72507211652027	91.5263864134983	31.036526849567878	11.134829945800526	100	100	6	0
PoissonMGP	6	11	1.6283490982944733	2.793747403569096	0.0032543046451450576	0.004013977253611181	0.003634140949378119	3.528379396096549	27.13321522611015	15.33079731110335	1	0.9090909090909091	NA	740.362758398056	85.18958114931768	16.212672744509547	202.6453793045628	103.72310801045495	34.826878041837944	12.87207170240297	100	100	6	0
PoissonMGP	7	11	1.591257073733331	2.7452579169813096	0.003373603196455752	0.004686467228369465	0.004030035212412609	6.571625511784895	31.7324370852218	19.15203129850335	1	0.9090909090909091	NA	696.7421684265137	82.49334722602488	7.722520625075188	183.56124987114399	91.0002696655143	30.72032459129708	8.16009993296382	100	100	6	0
PoissonMGP	8	11	1.6758814914909406	2.780147211940339	0.003356413849189503	0.004766382459158428	0.004061398154173965	2.498329631707412	26.633339015131384	14.565834323419399	1	0.9090909090909091	NA	680.9432082176208	79.97634442309949	15.817183260063903	182.26147149720657	89.31438690845418	38.19980216672128	9.415202615302757	100	100	6	0
PoissonMGP	9	11	1.5579174824830075	2.872411870846138	0.003519091212808132	0.004165299147582338	0.003842195180195235	4.326080254100467	25.97265137310898	15.149365813604724	1	0.9090909090909091	NA	726.5048863887787	74.34751050589925	11.988184762385904	166.8250343195997	76.56940047456166	33.18234020063498	14.379451646217012	100	100	6	0
PoissonMGP	10	11	1.6755439874038747	2.8072808099834625	0.0035770320366553714	0.004158973716665053	0.003868002876660212	3.845323009054494	34.3399947625626	19.092658885808547	1	0.9090909090909091	NA	761.0384256839752	79.64474555031322	13.649186203670194	181.21779418530545	89.07214688859926	33.22327983123857	10.184541247686784	100	100	6	0
PoissonMGP	11	11	1.6080538401355653	2.8725127468641984	0.003618304186206634	0.004566567605732101	0.0040924358959693674	3.949267955101589	24.05094123190491	14.00010459350325	1	0.9090909090909091	NA	720.5403697490692	83.87384220181404	15.313825901358719	168.2735892093146	72.0317635351702	30.29118518678945	11.335810485840202	100	100	6	0
PoissonMGP	12	11	1.6165936564262595	2.7448360687285995	0.0036685043336966536	0.00437241382177298	0.0040204590777348165	2.969875331487242	29.341467837182233	16.155671584334737	1	0.9090909090909091	NA	696.3851363658905	79.82026305776282	7.927726005294585	180.56463362748664	69.3013260632316	32.19527357800854	11.660028941256584	100	100	6	0
PoissonMGP	13	10	1.61426270625507	2.7308775868691013	0.0024225253955625077	0.004516284810726989	0.003469405103144748	2.7160499530262334	27.593964897510034	15.155007425268133	1	1	0.9887825462713222	672.4557983875275	86.22834117401423	10.771187064934452	199.25322047247556	90.18284583909015	32.568940419025296	7.385787246905648	100	100	6	0
PoissonMGP	14	11	1.5048337930430435	2.874777147969655	0.0033508744517460427	0.004060105260785002	0.003705489856265522	5.0191808192944025	24.918696500383554	14.968938659838978	1	0.9090909090909091	NA	741.2697024345398	82.40931149078372	16.68349617967356	191.5808003052254	106.48688916042704	33.03071187922056	12.37538604041628	100	100	6	0
PoissonMGP	15	11	1.7090152587155538	2.8169799186722964	0.00348085024195434	0.004214253619383861	0.0038475519306691006	3.318500429203972	28.45652603276326	15.887513230983616	1	0.9090909090909091	NA	716.4399013519287	79.58079803646716	8.697290273111907	166.0435644567158	78.31379577188403	34.76359665621721	10.89326778041948	100	100	6	0
PoissonMGP	16	11	1.5686908561686634	2.865580107762555	0.0037789551747728404	0.005403262373756162	0.0045911087742645015	3.6369338607590143	31.8773663074891	17.757150084124056	1	0.9090909090909091	NA	737.8547286987305	78.69687360247393	17.01768345257868	172.17533890693167	62.2136834935913	36.38679637026539	10.872507931716392	100	100	6	0
PoissonMGP	17	11	1.6009137133069853	2.8043218132862777	0.0035041764988375376	0.004673386432695244	0.00408878146576639	2.890997522086021	28.46906564545537	15.680031583770695	1	0.9090909090909091	NA	713.6159150600433	82.03584172899299	14.542601612979817	181.47805545915753	73.45667776959515	35.830431200421785	12.030317708295254	100	100	6	0
PoissonMGP	18	11	1.5967140768257861	2.6797539930368535	0.0038874842840559425	0.005809838614628372	0.004848661449342157	4.9938607096847685	33.23259933877246	19.113230024228614	1	0.9090909090909091	NA	711.4256992340088	73.07620071234074	18.09164423010816	167.54882793968758	56.675747977963645	33.35825005531628	9.944648848242105	100	100	6	0
PoissonMGP	19	11	1.6307603691296166	2.772496008804444	0.0035218356737903985	0.004834089772749748	0.004177962723270073	3.8628640523289923	28.894540750551684	16.37870240144034	1	0.9090909090909091	NA	734.9393334388733	84.64393266683969	19.06656401252241	164.70729994611278	74.09031690064006	37.49170478831695	16.43179556241947	100	100	6	0
PoissonMGP	20	11	1.6806751436250535	2.9354499911386704	0.003319343272706885	0.004891855531328715	0.0041055994020178	2.769363101522006	31.045892538382276	16.90762781995214	1	0.9090909090909091	NA	744.4913725852966	81.45533331803716	10.308776749271628	174.61293356541316	91.88152605938534	38.42564659253193	13.264697780811243	100	100	6	0
CompressiveNMF	1	10	1.4944114713169503	2.912301723928062	0.001339420019503781	0.004226949639063626	0.0027831848292837035	1.970757046101669	28.110156412112747	15.040456729107209	1	1	0.9894720611730593	1936.3320894241333	506.58279026097404	443.9995190177079	609.2102644638833	385.69816061996943	257.2154696407513	105.29468216209895	200	100	6	0
CompressiveNMF	2	10	1.626250510127484	3.096062368088855	0.0017417530665073924	0.002865146262966731	0.002303449664737062	2.351055818606337	30.57926781606708	16.465161817336707	1	1	0.993188000293967	2120.519645214081	502.5253424176227	445.4221434995138	598.2671569692587	399.540740249171	317.9623754721987	193.483778446773	200	100	6	0
CompressiveNMF	3	10	1.4532706836928984	2.8521900701343297	0.0017249319284080424	0.003239042705303436	0.0024819873168557393	2.1146775199828287	26.732617074770697	14.423647297376764	1	1	0.9916954565496972	2005.8801171779633	507.96979527358656	446.48013564167536	588.9562540578485	405.60087166293806	258.75381213501777	124.71760059434162	200	100	6	0
CompressiveNMF	4	10	1.4899262983108281	2.854694266032441	0.0016449232286196993	0.003907427601291216	0.0027761754149554577	2.8281665013192665	31.622850505351046	17.225508503335156	1	1	0.9911927488239447	2003.5244796276093	507.3412320259641	447.92157614270064	587.8003571948672	405.4914745739728	236.30842832993642	111.71656057202136	200	100	6	0
CompressiveNMF	5	10	1.504617300675149	2.7902807093328645	0.001576532460642871	0.0032128089128346505	0.0023946706867387607	2.129488474282818	24.145398956523806	13.137443715403313	1	1	0.9925590975168657	2016.16628074646	506.05071229904433	443.1988514917784	617.0361933637698	381.7915826785171	329.5031940768605	155.79412009887875	200	100	6	0
CompressiveNMF	6	10	1.4774135143479468	2.8393916154632803	0.001899082725907721	0.004005737847001316	0.0029524102864545185	3.167597178892202	29.93109125790971	16.549344218400957	1	1	0.9884514743204176	1890.0969936847687	503.8193021419377	444.2107785342202	591.7888725561876	399.9378683978209	254.31422520325063	123.5188588432149	200	100	6	0
CompressiveNMF	7	10	1.50175153686793	2.9244587342774837	0.0014581678326038281	0.004217009310016189	0.0028375885713100082	2.3677010205033375	25.950439362934006	14.159070191718671	0.9	0.9	0.9823247665101235	2066.832442045212	511.0394437445586	443.57193267026105	617.7471712394944	382.2059554354411	347.5538712895965	186.0575356208977	200	100	6	0
CompressiveNMF	8	10	1.4726017310210897	2.908455244731603	0.0017229951936074154	0.0029821485791770718	0.002352571886392244	2.6668773851371927	29.223573642092788	15.94522551361499	1	1	0.9927964735586797	1986.2124135494232	506.7181489726073	449.9158060970375	609.5268696149593	391.1179756746874	320.9327370997138	242.798585680355	200	100	6	0
CompressiveNMF	9	10	1.5353915363208388	2.9971981602796514	0.0019003727101681864	0.0037247592281493607	0.0028125659691587736	2.6855911873318528	30.513544918103342	16.599568052717597	1	1	0.9906697293233174	2078.107200860977	505.2673184000881	447.24616695723245	597.679213521178	399.39664975648355	285.71313044762945	154.45894864718167	200	100	6	0
CompressiveNMF	10	10	1.5491876921736878	2.8266292486195117	0.0017126213422365118	0.0034319070523320416	0.002572264197284277	1.449690146018583	26.264567055370097	13.85712860069434	1	1	0.9933492218054241	1974.2451968193054	504.2290346304815	446.3219493853606	605.3244807713188	391.15574351100986	286.18791558077373	116.33481130378969	200	100	6	0
CompressiveNMF	11	10	1.5717959795643686	2.9363684732600612	0.0016899514010327485	0.002994530506248001	0.0023422409536403748	2.680615730796826	26.831704769674243	14.756160250235535	1	1	0.99416360910276	2103.194827079773	506.4465418213581	450.96072366186286	605.9158555665467	389.6610216738239	280.5579974341498	116.55097886158188	200	100	6	0
CompressiveNMF	12	10	1.4796580381946185	2.900791153400226	0.001365275929337493	0.0035198824234524565	0.002442579176394975	1.4770278173245628	28.151662925035787	14.814345371180174	1	1	0.9926991872894744	1972.06778383255	509.00272851091756	442.37425995304375	616.3504586711672	381.9773604773123	320.6907311709641	144.39934099657975	200	100	6	0
CompressiveNMF	13	10	1.502091927106772	2.8861588322043894	0.0016339388429891127	0.0032289322167634495	0.002431435529876281	3.815441230454683	24.74464966471031	14.280045447582497	1	1	0.9937821538386855	1952.5209484100342	508.6247911459025	448.1785573578582	606.3704864745988	394.43060403376705	318.3640565839289	226.77931213435613	200	100	6	0
CompressiveNMF	14	10	1.5639720132717523	2.98651082674689	0.0017771204534845267	0.0035283774616399442	0.0026527489575622356	2.7167243558756864	30.78632656033763	16.75152545810666	1	1	0.99150215683254606	1963.9438099861145	506.02516292487576	446.35928052587417	606.2911414492778	388.6589211468148	289.566553340941	174.15929871929197	200	100	6	0
CompressiveNMF	15	10	1.4818982698549477	2.8938259025409296	0.001692183874721414	0.004429506498754369	0.0030608451867378916	2.901881306301108	27.686065225825036	15.293973266063071	0.9	0.9	0.9860875402379662	1994.3405077457428	507.9953501792092	449.2015827262221	596.5341823496829	403.84399138503284	270.1374979907864	137.6736334686201	200	100	6	0
CompressiveNMF	16	10	1.5618858348281879	2.8522765399291683	0.0019469766748971577	0.0030261660405918427	0.0024865713577445	3.22519070737955	24.150907017150967	13.688048862265259	1	1	0.9936735729118142	2074.2201960086823	509.2978314080739	443.5385484165292	602.0422081621982	393.4762962601165	306.70161438901744	108.49652979851291	200	100	6	0
CompressiveNMF	17	10	1.5212018019270113	2.920985502961858	0.0018254773587195947	0.002648501088086548	0.002236989223403071	1.9574412960344685	23.631610406665622	12.794525851350045	1	1	0.9949584689371269	1957.111089706421	506.5760501627063	443.38597158553017	613.2075959127218	383.8992972108553	309.9653560015465	145.69096842938427	200	100	6	0
CompressiveNMF	18	10	1.5379764384665282	2.8355270985002345	0.002096239560043805	0.0034320297177803296	0.002764134638912067	2.8681374058445113	28.953839376328027	15.910988391086269	1	1	0.9898267796289829	1952.7946994304657	505.74624945453996	448.6905695281282	597.1978887495438	397.96948042067027	263.4963448526031	176.04933822284485	200	100	6	0
CompressiveNMF	19	10	1.494661132819001	2.912280383236849	0.0016013284087252357	0.0036893887091852167	0.0026453585589552263	2.7442596987466255	25.255385079720355	13.99982238923349	1	1	0.9912174049836822	1967.1223423480988	501.5898210221468	443.6577732473564	595.0335248845093	399.73330649395825	276.69057646609673	127.35681466342979	200	100	6	0
CompressiveNMF	20	10	1.4939502762565084	2.836895427817093	0.00157176132015376	0.0032167133119306223	0.002394237316042191	2.776755236666648	25.971095045095456	14.373925140881052	1	1	0.9924268802552862	1974.950824022293	508.8900985390695	445.46550671591154	612.2265337659226	386.21010142468765	310.9821456726945	110.352295071804	200	100	6	0
PoissonCUSP_gamma	1	10.013	1.4618229723991127	2.890193483238743	0.001416325561661636	0.003962463011927686	0.002689394286794661	1.0322222085107307	25.637816248407834	13.335019228459283	1	1	0.9917533794595387	1225.2173523902893	74.28328117699128	15.53820286577629	239.21402092058543	95.25003227665523	10.228454967904506	2.7651426740017278	200	100	6	0
PoissonCUSP_gamma	2	10.006	1.5966834071509892	3.0810329399667555	0.0016313476319958337	0.0024917289305518685	0.0020615382812738513	1.9554060284911225	27.233375501151237	14.59439076482118	1	1	0.9947269303134383	1290.292953491211	70.82101036549602	12.35029581160135	213.31312990101205	101.26866657852378	10.871405793054548	3.973769462740409	200	100	6	0
PoissonCUSP_gamma	3	10.096	1.4413372775294353	2.8328711975423606	0.0014893596918136285	0.002943847078671737	0.0022166033852426825	1.6506235213685845	23.6078005518042	12.629212036586392	1	1	0.9936568531899542	1269.8097174167633	73.75869486526692	19.00267973270435	203.23895243452455	94.45584152107492	8.943448139064602	2.977223018711898	200	100	6	0
PoissonCUSP_gamma	4	10.011	1.4751846715970685	2.8387484389446076	0.0017267565143978627	0.0036396849162200475	0.0026832207153089553	2.535365571916287	29.643217176417313	16.089291374166798	1	1	0.9921454533418481	1315.9395668506622	72.28113611000016	12.961629406111367	199.31675060438036	85.12733704434103	10.873081556162036	2.9691907571534033	200	100	6	0
PoissonCUSP_gamma	5	10.039	1.4944567612084603	2.770827252083768	0.001586981547754213	0.002851466487524572	0.0022192240176393922	1.1525147481723372	21.997221560103018	11.574868154137677	1	1	0.9935000251810796	1248.4275124073029	74.01606433995177	15.781748062147338	256.0123400384991	130.8409568482269	10.169398428627764	3.686591454129655	200	100	6	0
PoissonCUSP_gamma	6	10.269	1.450325287952751	2.8219128181394346	0.0017791191718916713	0.00333277457556397	0.0025559468737278205	3.0361332817201223	25.96984535423264	14.50298931797638	1	1	0.9923200463052003	1201.9369122982025	74.08187456253584	18.87613051667971	208.56730192228486	93.89878748817354	8.153927653214716	2.457889717443112	200	100	6	0
PoissonCUSP_gamma	7	10.009	1.4520422525586671	2.891567510740702	0.0013498055620345464	0.0031049570638982823	0.0022273813129664146	1.607184666653415	20.96329899935953	11.285241833006472	1	1	0.9902720488126798	1271.500706911087	79.23400484185323	22.381077958969005	250.55318619899168	118.7551547384216	10.580551564612923	3.113993040483899	200	100	6	0
PoissonCUSP_gamma	8	10.102	1.4644289313593395	2.892160378729539	0.0017161099311937679	0.002702158493150456	0.002209134212172112	1.7896049036541597	26.935750180158877	14.362677541906518	1	1	0.993713621407927	1246.8124449253082	70.12636349635046	13.362119862682226	236.76811520242612	111.80605222578039	11.466818141902253	2.823323703484978	200	100	6	0
PoissonCUSP_gamma	9	10.017	1.5057268993158162	2.977498673859725	0.0019258664419048732	0.0032252564773163094	0.0025755614596105914	2.2514586493469517	27.028361099732095	14.639909874539523	1	1	0.9922743049498257	1325.483243227005	71.16940344562096	18.057484176278965	205.23203542850703	91.44467632110263	9.184981871564954	2.6317489751070897	200	100	6	0
PoissonCUSP_gamma	10	10.038	1.530993373026604	2.80989122375376	0.0016080136180153084	0.0027890099957809658	0.002198511806898137	1.703519795603202	23.583090897612898	12.64330534660805	1	1	0.9950150192442171	1291.7566556930542	66.93544048380566	13.118483784268594	234.11015660054923	101.54763446097488	11.157690040009212	3.3944637460392557	200	100	6	0
PoissonCUSP_gamma	11	10.011	1.5599118339664677	2.9190732210334795	0.0016375304273280496	0.0030126087157090428	0.002325069571518546	2.8141002561174906	26.838222179192503	14.826161217654997	1	1	0.9942500048562556	1313.4655363559723	68.43620056532511	14.14414953473296	241.22280768038468	102.91500706226093	9.544243081056589	2.8556693930348205	200	100	6	0
PoissonCUSP_gamma	12	10.02	1.4524791040888891	2.8840424571648957	0.0013805391041340086	0.0034959977772675787	0.0024382684407007935	1.2175730247406282	26.84382927250284	14.030701148621734	1	1	0.9932728040667025	1262.7788908481598	78.51183839419338	23.815510806614924	254.5493025939569	116.33860951125206	11.031328955313663	2.190583557908001	200	100	6	0
PoissonCUSP_gamma	13	10.059	1.4703357417805343	2.866367798825807	0.0015733577049753078	0.0029613245603611112	0.0022673411326682097	3.048727056811791	23.618853392242055	13.333790224526924	1	1	0.9942186466103087	1268.7648694515228	72.38218905744854	18.491002693353984	224.53960892773975	118.99900209927279	11.622853228806946	3.530417518935788	200	100	6	0
PoissonCUSP_gamma	14	10.008	1.5447679462893946	2.970545249414333	0.0017421994833863384	0.0030574894486356434	0.002399844466010991	2.390756422647117	27.390955137171296	14.890855779909206	1	1	0.9933327566800317	1260.3669035434723	69.31577234651226	11.782194111794643	229.6574047338044	102.07780936698764	9.573353550699135	4.3278670933859384	200	100	6	0
PoissonCUSP_gamma	15	10.105	1.4511519279469083	2.8686858915783486	0.0016137314493868465	0.003526798059965445	0.002570264754676146	1.7167237087411995	23.355133616334495	12.535928662537847	1	1	0.9917471608944185	1253.8834376335144	71.92991950831875	14.148210505174024	207.73434960459934	92.1471698174501	9.481682922989012	2.531783324751454	200	100	6	0
PoissonCUSP_gamma	16	10.036	1.5347090141797786	2.8343127490331907	0.0019192375460842122	0.0029958175306197253	0.0024575275383519686	2.4305483510563803	23.74754906880984	13.08904870993311	1	1	0.9941982454609353	1224.9064502716064	76.57793205663332	18.630698609416015	226.16464342242324	98.98938262538613	10.325464065889301	3.6193974487029204	200	100	6	0
PoissonCUSP_gamma	17	10.088	1.489864413168587	2.9046554736765082	0.0017466601125773764	0.002659551072568212	0.002203105592572794	1.7721079199079173	22.785836645993573	12.278972282950745	1	1	0.9952390502280043	1244.6051535606384	76.83681490365892	13.940149226478235	252.9404144015307	120.81475803378369	11.199373449507737	3.621974110203953	200	100	6	0
PoissonCUSP_gamma	18	10.06	1.5165806926936016	2.816979163742028	0.0018934528260456207	0.0029742619655626175	0.002433857395804119	2.4541530205313764	25.669110998811238	14.061632009671307	1	1	0.9925638039247374	1245.3039977550507	68.66820590528339	15.249546699842263	214.62822161904197	90.35726868092038	10.418503540526004	3.159525848319387	200	100	6	0
PoissonCUSP_gamma	19	10.002	1.4583856639461967	2.891109492818291	0.0015635103741198412	0.0031477338856520476	0.0023556221298859444	1.2987321253743107	22.066627507951225	11.682679816662768	1	1	0.994057355415639	1204.2875046730042	68.60327254561427	11.650925538976889	208.47197634078495	96.13020486025215	10.469909779351264	3.3633967026977603	200	100	6	0
PoissonCUSP_gamma	20	10.016	1.4733283093664025	2.818060571560928	0.0015394520686310357	0.0032804074403671815	0.0024099297544991085	2.0992630473340346	25.403408094614484	13.751335570974259	1	1	0.9928960068063267	1289.9898283481598	73.43224969063345	11.521278165009344	235.37446715547358	98.23168828946848	11.07940478126285	2.442815187501868	200	100	6	0
PoissonCUSP_gammaKC	1	10.014	1.4578435406069707	2.8908400967972248	0.0014161846363937413	0.003910545470321549	0.002663365053357645	1.3126974605961799	25.31654593014115	13.314621695368665	1	1	0.9924415588204308	1234.9168407917023	74.50253109268638	16.63431835115577	231.0361419360005	80.79329523890199	11.98457350844762	5.321467055778679	200	100	6	0
PoissonCUSP_gammaKC	2	10.025	1.6019769134968698	3.079903477037674	0.0017289645238782272	0.002561129911242799	0.002145047217560513	2.071116492676127	27.889639042067888	14.980377767372007	1	1	0.9941434253778916	1286.8663516044617	71.070763549146875	12.34729940947316	217.04702060390827	103.64328798655738	13.478805071140942	3.840394704539572	200	100	6	0
PoissonCUSP_gammaKC	3	10.084	1.4434777965323777	2.833068829139792	0.0016701334789069704	0.0029671328183709625	0.0023186331486389662	2.230531964411822	24.814221347275687	13.522376655843754	1	1	0.9925651832340397	1284.5532915592194	73.38762098882502	20.533791434057168	194.52183336574575	81.51673637196886	11.530887044584686	4.408003643354988	200	100	6	0
PoissonCUSP_gammaKC	4	10.009	1.4775666205515225	2.8383941588812687	0.0017450352466608667	0.0036266223108033227	0.0026858287787320948	2.484599705471857	29.201217306152067	15.842908505811963	1	1	0.9925535386737071	1225.1196465492249	71.10591551741017	13.15125341223997	191.1865244520093	79.98184862380612	11.31603572887293	2.71953352268574	200	100	6	0
PoissonCUSP_gammaKC	5	10.101	1.4895538686131409	2.768280026021555	0.0015093673363769447	0.0027940169944299705	0.0021516921654034576	1.1893228843308008	21.99533887192754	11.59233087812917	1	1	0.9940762834333056	1220.4105336666107	76.23548416303609	15.177216996589738	259.16027216700985	135.02923783590734	10.354707755410619	3.703601905530928	200	100	6	0
PoissonCUSP_gammaKC	6	10.018	1.4602667738829618	2.8221169458750963	0.0030024280825679283	0.00357642019333527	0.003289424137951599	2.2124894970860973	27.199662620552743	14.70607605881942	1	0.9090909090909091	NA	1195.3028600215912	153.65107763820023	264.6503797602854	231.577358129518	115.75951376835168	31.537693216766087	56.49549969306861	200	100	6	0
PoissonCUSP_gammaKC	7	10.038	1.4553547718723892	2.894073817482856	0.0014045206108775916	0.003132585881240494	0.002268553246059043	1.5621396254035542	21.136396711135497	11.349268168269525	1	1	0.9897933235807403	1239.4504263401031	79.78590920038673	20.95590464774085	253.23982375458323	123.26731894229088	11.66077400546055	4.40178219048227	200	100	6	0
PoissonCUSP_gammaKC	8	10.018	1.4597047127892837	2.8909287953657197	0.0029643232642801417	0.0027090754049710194	0.0028366993346255805	1.9164495705883782	26.315279988046445	14.11586477931741	1	0.9090909090909091	NA	1256.379025220871	148.3205117188343	263.15680576054444	249.12799822838713	119.38815402077856	30.33256022476676	65.23439985727855	200	100	6	0
PoissonCUSP_gammaKC	9	10.01	1.504206700590699	2.9793337860560514	0.0019606033915770356	0.003199408196478784	0.00258000579402791	2.12491136915271	26.752180571326992	14.43854597023985	1	1	0.9923359131973531	1317.5660140514374	70.95065231625011	18.651774194097083	205.46002653425597	92.79142171397633	10.51783154080182	4.059430810147036	200	100	6	0
PoissonCUSP_gammaKC	10	10.006	1.5312080704463278	2.8093753447519725	0.002898956493682441	0.003069163503409893	0.002984059998546167	1.3933583836898271	24.698588280722422	13.045973332206124	1	0.9090909090909091	NA	1196.7736413478851	149.96346819136392	268.73494518837805	253.76993349942353	116.29286520871085	30.329192304140523	67.03738949905198	200	100	6	0
PoissonCUSP_gammaKC	11	10.01	1.5690841218275888	2.9191650672307534	0.002994317577453056	0.002996592390228406	0.002995454983840731	2.4310730537351897	27.137445107048954	14.784259080392072	1	0.9090909090909091	NA	1316.6498396396637	149.50795605489557	271.3417168732572	267.1578951355525	139.69661905222685	36.83456384173188	91.04306593578926	200	100	6	0
PoissonCUSP_gammaKC	12	10.012	1.4515238849711092	2.8831160547281254	0.002689596064205855	0.00333632038300697	0.0030129582236064125	1.228003497761608	26.786883452274687	14.007443475018148	1	0.9090909090909091	NA	1228.444231748581	155.93459068771958	264.72872780820785	274.98835430473446	135.90426173759374	35.41011783722889	76.77137822545541	200	100	6	0
PoissonCUSP_gammaKC	13	10.157	1.472006025153858	2.867362660343128	0.001554325251315189	0.0029895489743353683	0.0022719371128252785	2.875885478097974	23.867706919699735	13.371796198898855	1	1	0.9942433854376262	1270.1662845611572	73.16463370654085	18.16833538307962	232.7046404165969	123.44342258525579	12.409533349559743	3.038351112596795	200	100	6	0
PoissonCUSP_gammaKC	14	10.016	1.5473341992095735	2.9700386051576984	0.002979813785160607	0.00314937998569946	0.0030645968854300333	2.017726632171095	27.914488278364942	14.966107455268018	1	0.9090909090909091	NA	1270.7317218780518	150.1186090138916	264.3425107775636	254.06167574824596	118.10657786760252	28.29596679025827	62.582389351711484	200	100	6	0
PoissonCUSP_gammaKC	15	10.009	1.4542895477581175	2.8677326944930814	0.0029459079251301502	0.0036361215823906353	0.0032910147537603927	1.6621793368440398	23.58171695642945	12.621948146636745	1	0.9090909090909091	NA	1197.6127724647522	152.1629180646818	267.9165402241354	236.11742902930197	133.02126676637968	31.372488918824747	70.34800830776592	200	100	6	0
PoissonCUSP_gammaKC	16	10.038	1.5354496775676245	2.8344566219965737	0.0019439488281232078	0.0029229856846737547	0.0024334672563984814	2.7563009993300067	23.417684493488867	13.086992746409436	1	1	0.9942639366547898	1197.6365764141083	77.8574363624265	23.198566931016508	222.5258689642437	100.20620199892076	11.610063623254948	3.302525024258054	200	100	6	0
PoissonCUSP_gammaKC	17	10.018	1.48841856916458	2.9044506679205124	0.0029410868810949746	0.0025274268517894035	0.002734256866442189	1.2322153401609997	22.317714268696513	11.774964804428755	1	0.9090909090909091	NA	1253.0469853878021	154.333370395928	254.44226397045077	268.3727045697759	125.25791606153048	29.541947136955773	63.112185345496904	200	100	6	0
PoissonCUSP_gammaKC	18	10.017	1.5184942752676929	2.815663563755552	0.0017700335898963309	0.003009359714271743	0.002389696652084037	2.6268446125746445	25.899305635119518	14.26307512384708	1	1	0.9924545329267757	1272.8598053455353	70.14123348078382	17.439853269288477	225.9992692136879	98.66784642449977	11.248040224825107	2.584426427167257	200	100	6	0
PoissonCUSP_gammaKC	19	10.017	1.4605824635180016	2.890577630023966	0.0015439631798671138	0.00348038454985259	0.002512173864859852	2.1205762537078456	23.102949665370758	12.611762959539302	1	1	0.9931720528423317	1217.7636759281158	69.35421737509537	12.884722960011212	204.9724159048368	84.01838512835525	12.589754458649026	4.744430431388736	200	100	6	0
PoissonCUSP_gammaKC	20	10.09	1.4765254701205162	2.8199581327511867	0.0015694103184169346	0.003283406473453761	0.0024264083959353476	2.362671160354554	25.533824316592437	13.948247738473496	1	1	0.9926358748656154	1272.8315117359161	75.29957652024078	13.51443827690379	239.71675198886604	98.03296306473123	10.833566357570348	5.628478764263655	200	100	6	0
PoissonCUSP_invgamma	1	19	1.4512597320582747	2.8834425487461735	0.006853450100746674	0.0037406010193458497	0.0052970255600462614	0.7632300303014082	24.783479698146802	12.773354864224105	1	0.5263157894736842	NA	1528.9199542999268	174.8943369509123	109.79408190498388	234.44630956565263	88.98334356913463	273.7048049445243	302.5119609151247	200	100	6	0
PoissonCUSP_invgamma	2	19	1.594254402583851	3.076767233987323	0.0069682807466119115	0.0025889761556076563	0.004778628451109784	0.8885210612329124	28.347321568954275	14.617921315093593	1	0.5263157894736842	NA	1731.225764989853	158.49443461290173	96.76903419938861	171.89315159714354	98.28728971826635	275.44141186060165	352.87328470117114	200	100	6	0
PoissonCUSP_invgamma	3	19	1.4442872287494424	2.82781383048603	0.006866228193347597	0.002902815786625129	0.004884521989986363	1.0248676947928756	23.5768983461577	12.300883020475288	1	0.5263157894736842	NA	1513.307335138321	166.59900119870667	101.69498227470815	197.9618608453711	94.72823242524107	256.6846711811667	329.2110387274553	200	100	6	0
PoissonCUSP_invgamma	4	19	1.4776933975139295	2.8341948825354693	0.007009340257731398	0.0034360635731314187	0.005222701915431408	1.396369771537075	29.134946673375676	15.265658222456375	1	0.5263157894736842	NA	1616.9770965576172	161.50469908217383	101.27942927084719	168.0846886309344	81.37357937603419	245.62151104269915	300.74475764677	200	100	6	0
PoissonCUSP_invgamma	5	19	1.4895937379815813	2.7628553921033556	0.0068953166872623385	0.00274262416863182	0.004818970427947079	0.8374281671481951	21.958675725867973	11.398051946508085	1	0.5263157894736842	NA	1644.8144595623016	172.1374451242954	107.73534131732501	209.7634786786945	128.88983897031153	276.03005412232733	341.43734635440654	200	100	6	0
PoissonCUSP_invgamma	6	19	1.462186322477069	2.8182184847407608	0.006982832240420788	0.0036127351037016113	0.0052977836720612	1.1453859569341491	27.308705289778032	14.22704562335609	1	0.5263157894736842	NA	1593.2162189483643	178.41502187952975	113.85939758281174	194.28287332499264	105.2081480048605	233.24046482235948	293.10810127403994	200	100	6	0
PoissonCUSP_invgamma	7	19	1.4436547886479516	2.8845401986686774	0.006828585524986305	0.002944309410963844	0.004886447467975075	0.9343372541492537	20.665678592770202	10.800007923459727	1	0.5263157894736842	NA	1587.7576084136963	176.1603482057484	106.48351774766702	218.19681520599934	98.30528361718832	295.5249342111676	333.3571785781264	200	100	6	0
PoissonCUSP_invgamma	8	19	1.466346089293684	2.8854494176887497	0.006948893553972354	0.0028235391311077366	0.0048862163425400455	1.1572771322213666	27.434532029867068	14.295904581044217	1	0.5263157894736842	NA	1598.5191414356232	163.66446499112226	105.95360277490822	187.87738491082695	101.5707234520221	252.05109223245486	310.379623976944	200	100	6	0
PoissonCUSP_invgamma	9	19	1.4993148612232512	2.975321601461597	0.007089819082460648	0.003172832715133839	0.005131325898797244	1.0990844093420788	27.311587585301965	14.205335997322022	1	0.5263157894736842	NA	1703.6713144779205	147.59088461093103	87.01856882724888	178.94590468924582	95.89112805299837	244.44298037700977	332.03065405245667	200	100	6	0
PoissonCUSP_invgamma	10	19	1.5275550217663425	2.801563511115452	0.006926275260674821	0.0030184123246950216	0.004972343792684922	0.8157658407948412	24.48692259309658	12.651344216945711	1	0.5263157894736842	NA	1522.7040655612946	162.75252679534597	103.1841939809966	192.56828029913567	97.4661927314215	253.25933327309045	289.65725103554024	200	100	6	0
PoissonCUSP_invgamma	11	19	1.563096016317121	2.914542992993449	0.006965672217632947	0.0028290331557138545	0.004897352686673401	1.6035620898086245	26.358464491740154	13.981013290774388	1	0.5263157894736842	NA	1751.3183674812317	156.09421791542238	96.67922688830153	194.69483790210134	95.61434529801174	277.98134325590365	354.912257116395	200	100	6	0
PoissonCUSP_invgamma	12	19	1.4428298930514567	2.877324554131829	0.0068368037309607605	0.0033419918774598434	0.0050893978042103015	0.8123425616685677	26.50053740857945	13.65643998512401	1	0.5263157894736842	NA	1506.9457159042358	165.61046488086424	96.61364550278581	206.6945393238811	106.32247566553936	331.8345292122729	367.5646267705215	200	100	6	0
PoissonCUSP_invgamma	13	19	1.4643617627366798	2.8599467564507353	0.006939534231088756	0.002909251815645017	0.0049243930233668866	1.2883219935080756	23.550616367733287	12.41946918062068	1	0.5263157894736842	NA	1518.9476721286774	163.02545133571235	100.81986267050512	211.22844755869687	108.35065164443303	301.8674335932257	338.47371335512537	200	100	6	0
PoissonCUSP_invgamma	14	19	1.5385602558835745	2.965935281122675	0.006950889315691821	0.002996065985459652	0.004973477650575736	1.0780855379234013	27.26954648401462	14.17381601096901	1	0.5263157894736842	NA	1593.882329940796	163.9581252785508	103.4216693621638	222.7230543955677	99.01020913138505	319.3866319569341	370.68169176964017	200	100	6	0
PoissonCUSP_invgamma	15	19	1.446299504645193	2.861992405573085	0.006937787713463894	0.0033888266333470082	0.005163307173405451	0.9835102962712419	23.355794899581554	12.169652597926397	1	0.5263157894736842	NA	1497.0016362667084	174.7819904362347	115.0709335892129	191.9533409526521	92.72700645480109	286.931619201667	360.5221149570976	200	100	6	0
PoissonCUSP_invgamma	16	19	1.528401766910832	2.8271511825352396	0.007067444487529082	0.0030230646980840565	0.005045254592806569	1.0360653104809439	24.17490526253613	12.605485286508536	1	0.5263157894736842	NA	1663.3746855258942	166.02037852286517	101.45498634551366	177.62309383057539	94.2408046962162	274.3151247882072	321.8379639955904	200	100	6	0
PoissonCUSP_invgamma	17	19	1.482378307509248	2.897797219169416	0.0069924053829368005	0.002632964252154033	0.004812684817545417	0.7736525326377321	22.60355200059464	11.688602266616186	1	0.5263157894736842	NA	1528.9401121139526	172.38444215780834	105.5615599522855	247.67822428845838	108.29355161366514	270.97505141735036	321.91913670443114	200	100	6	0
PoissonCUSP_invgamma	18	19	1.5123690126920253	2.8088182608794843	0.007038191409516464	0.0029050385437953395	0.004971614976655902	1.2451828097803115	25.693354859799026	13.469268834789668	1	0.5263157894736842	NA	1478.8203229904175	170.10943389994057	112.2111239875576	222.6159814569134	82.40131213994333	198.54911042091976	246.40306568882872	200	100	6	0
PoissonCUSP_invgamma	19	19	1.4509957194502368	2.886714130971207	0.006929832059996715	0.0032820322748044633	0.00510593216740059	0.9410697721271359	22.43944573105641	11.690257751591773	1	0.5263157894736842	NA	1461.1553087234497	173.64825071897903	116.62411065225675	176.11399427754947	82.32965932433538	248.21833538074515	334.7846777212326	200	100	6	0
PoissonCUSP_invgamma	20	19	1.4687589757827082	2.81233000723512	0.006912049667464011	0.003223893921491444	0.005067971794477728	1.183101051465848	25.718190621148985	13.450645836307416	1	0.5263157894736842	NA	1514.4226701259613	171.70391289488566	108.5173698560122	220.21898978424215	93.3452421685276	306.32983295205133	378.5020186553868	200	100	6	0
PoissonCUSP_invgammaKC	1	12.143	1.451780945295197	2.8832352841499214	0.001410842452354478	0.003929297129822321	0.0026700697910883994	1.4227949615683961	25.94731052560619	13.685052743587294	1	1	0.9918333526821025	511.6515486240387	48.868730095121684	26.155234879995184	121.70771302410641	159.7771263739995	544.5704082331573	314.54754841631944	200	100	6	0
PoissonCUSP_invgammaKC	2	14.184	1.5940704368668501	3.074383821524239	0.004671016729527374	0.002536624873193686	0.0036038208013605302	1.3902672740600137	27.78584779491723	14.588057534488623	1	0.7692307692307693	NA	756.2669079303741	99.3739223055747	103.34961054591821	105.154045270331	112.86274261568697	323.7429708326666	326.11705040298403	200	100	6	0
PoissonCUSP_invgammaKC	3	15.259	1.4456215491459214	2.824218710394049	0.00518469028076335	0.0028537417428115513	0.00401921601178745	1.2049032094801828	24.132154107648493	12.668528658564338	1	0.7142857142857143	NA	724.9958760738373	125.69521994805649	88.19497870831148	126.32350083797384	93.98656144405199	332.71922435498453	278.28582823861177	200	100	6	0
PoissonCUSP_invgammaKC	4	12.754	1.5068640520081127	2.8681216436808716	0.0028363076693390097	0.01546220465203423	0.00914925616068662	4.066370559852047	67.939896544533255	36.00313355219265	0.9	0.9	0.9029164524588316	574.5364046096802	60.184286957014486	79.4566672620798	22.790436429548816	34.403916290560964	98.5539501096553	121.11070580124344	200	100	6	0
PoissonCUSP_invgammaKC	5	11.631	1.52311384714116	2.787617131672779	0.004766680300274077	0.003211986298666876	0.0039893332994704765	20.736672426616764	27.450998975887174	24.09383570125197	0.9	0.9	0.9352020436711713	524.2046768665314	61.11242499396586	61.19626147789855	85.37590333569294	117.96187768354291	218.6065680271553	292.37320459915134	200	100	6	0
PoissonCUSP_invgammaKC	6	12.645	1.4615212250410605	2.8157802898485977	0.003966898838152121	0.003563862296394025	0.0037653805672730727	2.2330224754865484	27.51397766444301	14.87350006996478	1	0.8333333333333334	NA	560.8361563682556	94.71876292447334	90.2750912421723	127.45366074381644	103.91243025502106	290.81278867826603	242.75565999263011	200	100	6	0
PoissonCUSP_invgammaKC	7	12.252	1.444361370875445	2.887376912376424	0.0036597251059494965	0.003048020763913212	0.0033538729349313545	1.5161373627590466	20.871185683566445	11.193661523162746	1	0.8333333333333334	NA	531.7083215713501	79.44285487078062	77.36568035521925	97.87782142833362	122.23711944216268	499.9197224884269	316.8369669047874	200	100	6	0
PoissonCUSP_invgammaKC	8	14.321	1.4665647399864994	2.8843658345969843	0.0046496168005160775	0.0028456394850437244	0.003747628142779901	1.8526740620754087	27.254527493534393	14.5536007778049	1	0.7692307692307693	NA	626.8213906288147	69.8148339860775	87.64159874719851	40.43122639861221	58.96306726718828	369.3388627625931	317.9165218568934	200	100	6	0
PoissonCUSP_invgammaKC	9	13.125	1.4991140613281684	2.9722860617234295	0.004758570036482585	0.0031759583155326924	0.003967264176007639	1.8261344230657353	26.568058941583526	14.19709668232463	1	0.7692307692307693	NA	557.3279876708984	90.99522159141112	93.987969832994	128.69643891019453	134.86254121954155	386.37203326480955	351.41916598379095	200	100	6	0
PoissonCUSP_invgammaKC	10	13.505	1.5303674213409157	2.8026043677657873	0.003861925843330191	0.0030604408668679483	0.0034611833550990696	1.2427968895316983	24.69016716554051	12.966482027536106	1	0.8333333333333334	NA	564.9105658531189	77.61527437208875	87.17807438070653	33.08048607639802	63.389239996462294	498.61209986901014	358.3051977883664	200	100	6	0
PoissonCUSP_invgammaKC	11	11.913	1.5640535949548984	2.9142791112324353	0.0029658565715166628	0.00294236742212053	0.002954111996818596	2.695092704193449	26.61779188960465	14.65644229689905	1	0.9090909090909091	NA	594.6754808425903	45.96181323235865	43.929578960944596	52.76469857509589	115.23121971917175	474.14583506815836	398.70541601495944	200	100	6	0
PoissonCUSP_invgammaKC	12	11.921	1.4399094893841948	2.8767932464457115	0.0026910850520321583	0.0033297973836960175	0.003010441217864088	1.611296134670632	26.001637200840445	13.806466667755538	1	0.9090909090909091	NA	570.9160730838776	68.12411222852347	83.08440952315271	82.33799960029475	98.10894977843799	557.8328050031489	327.9126174788836	200	100	6	0
PoissonCUSP_invgammaKC	13	12.784	1.4605036622526506	2.860010201964048	0.0038203089489554014	0.002880871694994085	0.0033505903219747434	2.317393257847044	23.202952112139283	12.760172684993163	1	0.8333333333333334	NA	578.7547874450684	66.61146294358136	69.13102003269408	43.73886061714362	62.254834011204586	346.79488016550323	254.0833267259344	200	100	6	0
PoissonCUSP_invgammaKC	14	13.894	1.540252362721081	2.963626594278417	0.004699238205448423	0.0030445028646415313	0.003871870535044977	1.8894345444142875	27.559512275194642	14.724473409804464	1	0.7692307692307693	NA	630.6383280754089	111.56755756112486	74.7583982342158	127.85334872457207	81.67683813947404	360.3812198781681	309.26975807123983	200	100	6	0
PoissonCUSP_invgammaKC	15	13.8	1.443549358073948	2.8615432155468263	0.0038627881073553033	0.003573128407817063	0.0037179582575861832	1.7665555800588513	23.786952911530133	12.776754245794493	1	0.8333333333333334	NA	598.5114090442657	103.05906787300265	75.89464618527494	151.80839505381255	117.45818657435184	299.34071157575977	219.96435210451946	200	100	6	0
PoissonCUSP_invgammaKC	16	14.467	1.524594574252889	2.8269298831659184	0.0053322633093992955	0.0029476742929513953	0.004139968801175346	1.4285741450428122	23.731877429877503	12.580225787460158	1	0.7142857142857143	NA	635.2351071834564	120.94807142099256	84.87978536725986	183.07623379421756	122.45181951382074	379.97824672917585	377.8531672906958	200	100	6	0
PoissonCUSP_invgammaKC	17	13.144	1.4770786334953687	2.8988387937193596	0.003927364430906559	0.002722142031904497	0.003324753231405528	1.5147123651934757	22.728113578146772	12.121412971670123	1	0.8333333333333334	NA	635.7961823940277	66.87761216861071	93.18662299994081	56.23915187196221	114.19065710205672	547.1896283543354	337.9831084050222	200	100	6	0
PoissonCUSP_invgammaKC	18	11.706	1.5241634976047314	2.821084745025709	0.004038951690190912	0.003055303952706609	0.0035471278214487603	6.179494180334798	46.084823255558106	26.132158717946453	0.9	1	0.9535966669935473	552.9498529434204	53.26018479275775	38.126661858355334	53.519073935771274	69.18796096143802	202.90419004083927	310.32044762210364	200	100	6	0
PoissonCUSP_invgammaKC	19	13.666	1.4513574004229046	2.884589520515601	0.004573186498297301	0.0033474015388379294	0.003960294018567615	1.551140674497603	22.75398485214708	12.152562763322342	1	0.7692307692307693	NA	607.3991243839264	86.32324373692757	77.01881091007772	76.21630690260244	66.88194233119444	390.6927995891475	317.183588414414	200	100	6	0
PoissonCUSP_invgammaKC	20	12.661	1.467025402871068	2.811702373322406	0.0038087879481168954	0.0032480050086519077	0.0035283964783844016	1.9168515976531477	25.647977154364767	13.782414376008958	1	0.8333333333333334	NA	584.4334988594055	66.60900558155707	72.38760373628298	55.25508006213016	90.90665629960185	458.8569740620543	328.00001682762655	200	100	6	0
PoissonMGP	1	11	1.4579011504521988	2.88305088998738	0.002797019435087872	0.003994116330149302	0.003395567882618587	1.3251469162472975	25.51010233820324	13.417624627225269	1	0.9090909090909091	NA	1335.6107244491577	71.46640982260509	18.094596705490286	229.62457258381755	99.99581320088889	33.21522079297542	12.752223826009212	200	100	6	0
PoissonMGP	2	11	1.5880430039712405	3.074031872562517	0.0031140616503430004	0.0025662123373743646	0.0028401369938586825	1.9825862901815636	27.862679888572803	14.922633089377182	1	0.9090909090909091	NA	1421.4101707935333	67.144774460261	16.948943222195137	204.53684868957853	100.37164458204364	31.41925060604922	12.023165943456814	200	100	6	0
PoissonMGP	3	11	1.4469724906327024	2.825355302681841	0.0029876220105104654	0.002812459306330137	0.0029000406584203013	2.180904355962756	23.67100386083628	12.925954108399518	1	0.9090909090909091	NA	1459.8489575386047	68.7020239819361	19.476768662412546	185.33138227721764	85.77295052550525	30.531884091114133	11.000166846292336	200	100	6	0
PoissonMGP	4	11	1.4714370724961847	2.8313413641679177	0.0031297716972306542	0.0034300166091003554	0.003279894153165505	2.6796081994698246	28.86629772003963	15.772952959754727	1	0.9090909090909091	NA	1440.8866589069366	68.49385895794279	16.787681205809125	189.64225922723335	89.68886230419658	27.239948207176514	9.625525921545846	200	100	6	0
PoissonMGP	5	11	1.495827605368913	2.761372925882536	0.002971271775450077	0.0027642452684542144	0.0028677585219521458	1.6397073246473342	22.241342632287523	11.940524978467428	1	0.9090909090909091	NA	1388.0465795993805	71.00948559593431	17.581606265398964	241.51157848500978	134.03577927443789	31.103541412099734	8.401645795337737	200	100	6	0
PoissonMGP	6	11	1.4582769323624167	2.8139846846184575	0.003190083419632825	0.003475908198195331	0.003332995808914078	3.1797811895118357	26.905669063929192	15.042725126720514	1	0.9090909090909091	NA	1382.2364013195038	71.42860530156815	19.558611404471314	203.6916191866105	98.12134986992221	31.315678450121016	6.983626711552081	200	100	6	0
PoissonMGP	7	11	1.44919322443818	2.887659550904219	0.0027542964424261446	0.0030435018369069475	0.002898899139666546	1.8680164796169325	21.140679978218124	11.504348228917529	1	0.9090909090909091	NA	1412.1017303466797	77.73390380150464	20.12696643456852	241.10113092983147	116.4778020092318	31.347153813833685	12.575763764665137	200	100	6	0
PoissonMGP	8	11	1.4639894643739295	2.885218272943673	0.003105933858029073	0.0028548565598005915	0.0029803952089148323	2.522667994703333	27.618663879715143	15.070665937209238	1	0.9090909090909091	NA	1452.473168849945	67.32021673449958	15.346686892820616	223.1701713471115	111.83458090157329	32.574377921733635	10.488871902223572	200	100	6	0
PoissonMGP	9	11	1.4932738359900786	2.974181371700611	0.0033006693321517232	0.003069256293687156	0.0031849628129194396	2.7791578852122925	27.226610901066913	15.002884393139603	1	0.9090909090909091	NA	1500.1502435207367	68.93793259225987	18.82572561258358	200.32969513636158	95.57603498276242	35.49576984256264	14.456785201414121	200	100	6	0
PoissonMGP	10	11	1.5289854806193577	2.801725766498327	0.003035066871832227	0.0030884112374701942	0.0030617390546512106	1.6767875763325946	24.863471208646306	13.27012939248945	1	0.9090909090909091	NA	1398.5595154762268	67.63565989401641	16.124012160931716	224.19035112527956	105.62692230446055	33.3341938464188	14.341946787859332	200	100	6	0
PoissonMGP	11	11	1.566025428766343	2.9142704139984854	0.003081325059039244	0.0028509265303258034	0.002966125794682524	3.391806785827795	26.82542878136132	15.108617783594559	1	0.9090909090909091	NA	1504.961924314499	65.37677598318643	14.397288156258934	229.44398830419868	112.28299496094849	35.41523508776898	15.823251382350497	200	100	6	0
PoissonMGP	12	11	1.4437433861218314	2.8757359495017383	0.002797844352229204	0.003286064299840236	0.00304195432603472	1.6387584186246935	26.316139689140623	13.977449053882658	1	0.9090909090909091	NA	1405.866243839264	73.45855358951496	23.76093048079319	238.4992067561598	119.31757324016212	29.33796476430174	10.935512596708865	200	100	6	0
PoissonMGP	13	11	1.46033147886066	2.858318836025278	0.003081664887668763	0.003000525018373144	0.0030410949530209536	3.6211745064866836	24.20150292750664	13.91133871699666	1	0.9090909090909091	NA	1419.1114704608917	71.03245374462145	19.236530430209086	222.01839129203017	120.91803587074521	33.4717781963972	11.551864778945989	200	100	6	0
PoissonMGP	14	11	1.5445200379923372	2.965440384531976	0.0031179564732769557	0.0030633912915686012	0.0030906738824227785	2.5589530347243166	28.403103887819885	15.4810284612721	1	0.9090909090909091	NA	1434.3882174491882	67.1022556189017	13.695898676809385	222.97176227854922	102.54081434543922	36.32472190350261	13.096953410069332	200	100	6	0
PoissonMGP	15	11	1.4508541121148641	2.8633258097538907	0.0029388906842499163	0.0035725579878247474	0.003255724336037332	1.8708841992502387	23.924994190704265	12.897939194977251	1	0.9090909090909091	NA	1357.1920347213745	70.91845475700069	15.002902463297414	206.4216131122052	91.65785531259372	31.213690155034897	12.59740722599619	200	100	6	0
PoissonMGP	16	11	1.52515882427811	2.82527988197094	0.003302397759882305	0.003044190364344162	0.0031732940621132335	2.5258208582229833	24.442280416397388	13.484050637310185	1	0.9090909090909091	NA	1486.6895763874054	72.76424782003362	22.11114160769006	214.33803407665775	106.94093570482401	32.115584379514395	15.460716820769067	200	100	6	0
PoissonMGP	17	11	1.477111861574416	2.8959417671161125	0.003119977410971362	0.0025492943100907895	0.0028346358605310755	2.175761979496102	22.122464819672174	12.149113399584138	1	0.9090909090909091	NA	1376.5505554676056	73.997910351124	17.70728053671708	239.14093943845486	123.25506705172575	33.81243247825316	10.047023647873088	200	100	6	0
PoissonMGP	18	11	1.5070610813977674	2.8092708787282707	0.0031949062529028354	0.0028730805688139136	0.0030339934108583747	2.6191396301764773	25.88094777410554	14.250043702141008	1	0.9090909090909091	NA	1367.62437582016	69.08818580660925	19.67647726864635	221.16580766763167	104.15470584350163	29.431540999397377	9.850918763254949	200	100	6	0
PoissonMGP	19	11	1.4483080634389547	2.8863770442882704	0.002905521648637506	0.0032584101212650082	0.003081965884951257	2.3530604984372423	22.895045485053423	12.624052991745332	1	0.9090909090909091	NA	1393.7758219242096	67.70224475155581	13.246872510587746	202.51175310196447	98.09871750688119	31.965281939238096	12.413402788827131	200	100	6	0
PoissonMGP	20	11	1.4694018043059858	2.8102717095998733	0.00296084756417825	0.0031692525842304266	0.0030650500742043386	2.212214693717235	25.40912824589833	13.810671469807783	1	0.9090909090909091	NA	1417.8023619651794	72.19766394765105	15.040410787682083	226.98661923930206	103.79343419071421	33.13863010992703	15.131336607137083	200	100	6	0
CompressiveNMF	1	11	4.042009367905691	5.206665598544462	0.01030647055866533	0.011525398275920251	0.01091593441729279	11.675365503342375	37.4275463857466	24.55145594454449	0.9	0.8181818181818182	NA	408.60320925712585	495.9415574795082	452.87326450862014	501.12972360221596	412.7802546593583	263.1558124652882	122.69326452364507	50	100	6	0.15
CompressiveNMF	2	12	6.356246826754948	6.2791346059271875	0.018239389787571444	0.011694212526168495	0.01496680115686997	13.672652620688062	66.4692169593345	40.07093479001128	0.9	0.75	NA	435.5864186286926	447.40143053471996	447.5280114682267	455.3175693018564	413.545740669466	261.45950827477776	126.74705691139884	50	100	6	0.15
CompressiveNMF	3	11	5.4996500058376405	5.436790768045195	0.010479114838031772	0.008660073884444914	0.009569594361238342	10.04110010132128	54.58781997186909	32.314460036595186	0.9	0.8181818181818182	NA	370.39158630371094	513.9493867921517	441.2968267006027	505.4474929698182	414.32847410944265	279.2341039429302	121.48506817671316	50	100	6	0.15
CompressiveNMF	4	11	4.639912569598882	5.572153234604127	0.01025996353180165	0.00896829095883656	0.009614127245319105	14.078428768302519	52.10690622019681	33.09266749424967	0.8	0.7272727272727273	NA	375.5266308784485	502.95910512523	451.388007138619	497.59363905267196	413.1428030776853	253.70997070123124	119.7711720824547	50	100	6	0.15
CompressiveNMF	5	11	6.024851175167503	6.055763632029848	0.014145618801065088	0.012156659886479912	0.0131511393437725	14.740188188649922	51.941486924480714	33.34083755656532	0.9	0.8181818181818182	NA	395.0921378135681	497.32031008903544	451.06082602914205	502.94781850768516	420.7291812613545	265.0076530338364	131.51576232118947	50	100	6	0.15
CompressiveNMF	6	12	7.397034350163615	5.387989539433439	0.014070803372415354	0.012746676959127028	0.01340874016577119	15.47128532728888	74.44376882842174	44.95752707785531	0.9	0.75	NA	374.75454235076904	453.97653822709896	449.08117634242245	463.7234683201482	410.5687187840271	257.1619046796342	143.11503027702335	50	100	6	0.15
CompressiveNMF	7	10	5.352755142558314	6.103615248418341	0.006926841269410518	0.009013707612497928	0.007970274440954224	11.431696446960846	56.37543550437151	33.903565975666176	0.9	0.9	0.9602085640893537	366.17892622947693	546.8916363846661	456.137423400341	541.1314833813419	420.53363585200503	278.3460742039576	194.3885684881643	50	100	6	0.15
CompressiveNMF	8	10	5.205919562504934	5.684632882198419	0.005884676343580158	0.009557696545495844	0.007721186444538002	9.357617729941625	67.49337979072823	38.425498760334925	0.9	0.9	0.9538154353297581	390.5744824409485	537.639570055011	456.65505831559284	542.3566496107394	429.4216475950188	285.7834574616843	109.25167243639693	50	100	6	0.15
CompressiveNMF	9	12	6.6415409282512385	5.424590263502559	0.015981119476611634	0.011865930104118804	0.013923524790365219	14.571410287602633	74.69060365181093	44.63100696970678	0.9	0.75	NA	375.3927540779114	457.4018239016688	443.86713634146815	451.73767246924217	417.99121881094396	253.84374938630182	113.75755531362347	50	100	6	0.15
CompressiveNMF	10	10	4.150410113835888	5.876245508846912	0.005331370142331201	0.007914103753544044	0.006622736947937622	5.3293759962931935	46.07757406127946	25.70347502878633	1	1	0.9707460832436892	429.0956304073334	541.9159600074207	451.14273008218123	541.4053689484936	415.6654869017837	287.6816964555481	124.32679365950614	50	100	6	0.15
CompressiveNMF	11	11	5.223999726252748	5.548217741793423	0.01128718118345925	0.008463734895042279	0.009875458039250764	9.991569513600309	57.557388967978966	33.77447924078964	0.9	0.8181818181818182	NA	379.02307391166687	495.2051388310471	453.8507174295631	499.5410903154953	416.3957523288296	242.58570240671204	148.5932081886144	50	100	6	0.15
CompressiveNMF	12	10	5.202277075508094	5.765174181084796	0.005735142959026827	0.00852492183441595	0.007130032396721389	6.773475539999464	58.689977761142785	32.731726650571126	0.9	0.9	0.9673189511323328	426.90828013420105	533.7915044864857	456.87353949187076	539.9469046763098	425.5962943657678	330.23542575674037	214.37755170090563	50	100	6	0.15
CompressiveNMF	13	10	5.205415966945027	5.89152310645058	0.006023968262305695	0.009465007494324862	0.007744487878315278	3.545742757562311	50.438090104900795	26.99191643123155	0.9	0.9	0.9570535639841612	363.7053773403168	537.6151598081713	459.7456578498462	537.8343372207507	421.2629538093578	259.06908043471964	136.88795237999784	50	100	6	0.15
CompressiveNMF	14	10	5.4168653910134505	5.454882232776433	0.005703701923983686	0.010958693824486712	0.008331197874235198	4.186405439854251	48.55288167715965	26.36964355850695	0.9	0.9	0.962533131141505	363.90412306785583	553.3236249941807	448.7959634336679	553.6324870609798	411.59624347536544	368.3101545777083	190.00552610371687	50	100	6	0.15
CompressiveNMF	15	11	4.893477438502518	5.77969554821804	0.007282978379656	0.010085597077778624	0.008684287728717311	15.020908334485146	49.98391434693035	32.502411340707745	0.9	0.8181818181818182	NA	396.2403542995453	490.9513485165261	452.7050916359109	489.60004384411786	423.9958069357024	250.6854899625297	151.57697953588814	50	100	6	0.15
CompressiveNMF	16	10	6.588356804331435	6.147225484497772	0.0064753068106876595	0.008844084311651805	0.007659695561169732	6.3931879668271225	66.80417198568978	36.59867997625845	0.8	0.8	0.9579868809773089	387.55460262298584	536.8537111919683	464.8024341565786	532.4947152296925	426.41461267841987	265.06443138805844	163.3903667163077	50	100	6	0.15
CompressiveNMF	17	11	5.417573761577792	5.210248570664201	0.014237290359712891	0.011828146333690783	0.013032718346701836	14.626021862032689	65.06744996149365	39.84673591176317	0.9	0.8181818181818182	NA	375.31582045555115	502.9219069626054	450.69200951900314	507.6720712058058	419.65923744003624	292.86187841301893	164.89186962170047	50	100	6	0.15
CompressiveNMF	18	12	6.456959690995839	5.487256475717586	0.016483125569923464	0.013000122935986394	0.01474162425295493	15.741915597840713	83.10739645051426	49.42465602417749	0.8	0.6666666666666666	NA	412.61673855781555	453.1473817814365	445.97953280199533	443.7989345231757	414.64971138012794	267.34732221073745	148.04659084282582	50	100	6	0.15
CompressiveNMF	19	12	7.075977353521401	5.496688737369063	0.020301967988474313	0.014621075495338203	0.01746152174190626	25.39388674165178	62.84605975204454	44.11997324684816	1	0.8333333333333334	NA	397.18800354003906	452.13170739503204	446.56097800680465	441.6494809361316	421.424120578633	265.5196877061775	233.78955793637058	50	100	6	0.15
CompressiveNMF	20	12	6.43077449859101	5.7719300725769225	0.014269928979032542	0.010226168857611642	0.012248048918322093	15.830446530955935	80.86964386095612	48.35004519595603	1	0.8333333333333334	NA	452.0295670032501	449.4892348476227	449.9020876176393	450.83473863952094	413.92723235036595	281.9834614093003	178.81733358537778	50	100	6	0.15
PoissonCUSP_gamma	1	16.055	4.667598365323836	4.484524358695463	0.016429682540174302	0.010321201939762364	0.013375442239968333	26.310314171078364	35.30794595796636	30.809130064522364	0.9	0.5625	NA	342.09465074539185	93.41460700162293	12.970082577357553	113.55938159405045	43.342708383846016	18.79629046601378	5.772013147608407	50	100	6	0.15
PoissonCUSP_gamma	2	18.1	7.757561343277323	4.689174146054356	0.022221209693836712	0.018194889479535882	0.020208049586686296	32.64501762549203	92.92434057671522	62.78467910110363	0.7	0.3888888888888889	NA	402.85575437545776	85.7050095143564	14.04925652736137	96.6822352967538	24.932682960381467	19.558095475556748	6.6457534193330465	50	100	6	0.15
PoissonCUSP_gamma	3	15.074	6.0766010765438	4.725525003920542	0.01902605993841151	0.010291437935026685	0.014658748936719097	23.089196343971512	56.00102943524446	39.545112889607985	0.9	0.6	NA	331.3758568763733	113.27227722007322	22.77729748875139	119.40300263672707	42.47888608266036	16.627100570370935	5.819431038940913	50	100	6	0.15
PoissonCUSP_gamma	4	16.141	5.775161423266237	4.384894288880291	0.019280352739295264	0.00994747081290053	0.014613911776097898	22.804908160961833	53.1371035117709	37.971005836366366	0.8	0.5	NA	370.0987424850464	101.10032327622585	16.31837030627881	104.32684523695521	30.685547888262438	17.581119664173077	4.893329516211567	50	100	6	0.15
PoissonCUSP_gamma	5	18.025	6.846403114892731	4.850352378838557	0.02410353878046032	0.012476837838686479	0.0182901883095734	25.991616316836296	56.11584681983621	41.053731568336254	0.8	0.4444444444444444	NA	352.1020715236664	102.502878870515	15.800942545286064	112.39019839699887	42.11377837250455	20.221201272163693	4.891778929676833	50	100	6	0.15
PoissonCUSP_gamma	6	16.02	7.939164380071052	4.483339074315883	0.020065912857673056	0.015543636673168335	0.017804774765420694	31.44319417512176	97.43085033437971	64.43702225475073	0.7	0.5	NA	390.76405334472656	94.62290518705072	16.509522078897575	107.12154482731817	44.21151082089655	17.76935110726472	5.7857873489100955	50	100	6	0.15
PoissonCUSP_gamma	7	17.008	6.972540772794585	4.1115308611328105	0.024319266393906285	0.013834593418093748	0.019076929906000017	24.660923683111687	54.1839255339633	39.42242460853749	0.8	0.47058823529411764	NA	380.0978193283081	105.94573340677987	20.317390864521958	105.41022367370168	26.67372301671447	21.806460240492626	6.793050247302062	50	100	6	0.15
PoissonCUSP_gamma	8	17.178	6.157754200398133	4.444186437339711	0.01774789476840595	0.014284669704504649	0.0160162822364553	24.124004737563848	77.41288585396656	50.768445295765204	0.9	0.5294117647058824	NA	402.4473190307617	91.75000115765337	14.580212648782162	92.9755604410143	29.355173734137207	18.36070469307288	5.775754409039563	50	100	6	0.15
PoissonCUSP_gamma	9	17.009	7.083821673067064	4.543098644745025	0.0207319643564159	0.014292855396524778	0.01751240987647034	26.034425448279446	85.66546524177555	55.8499453450275	0.9	0.5294117647058824	NA	399.8813314437866	95.50876478236978	18.812359049926474	105.47018245861936	28.347947119907268	20.626166661421177	6.251513079759502	50	100	6	0.15
PoissonCUSP_gamma	10	15.024	5.257803237866099	4.934712901963383	0.014600376171155092	0.008460616318900119	0.011530496245027605	21.13830941618867	48.058164778348605	34.59823709726864	0.9	0.6	NA	364.393173456192	105.32965426634118	17.380931299707836	108.33372629376413	50.06615502917498	22.423995097079537	5.631612398228664	50	100	6	0.15
PoissonCUSP_gamma	11	18.033	6.228296802609439	4.309513647407027	0.02494022810497267	0.010925340814812078	0.017932784459892374	25.261163065469475	58.26541620919127	41.763289637330374	0.8	0.4444444444444444	NA	428.1496915817261	99.20434669703825	12.88697705746284	111.39617973091359	34.99048206744066	23.55065849653969	7.765425557249957	50	100	6	0.15
PoissonCUSP_gamma	12	16.782	5.995406093193258	4.685671473014084	0.017138136488032737	0.011348493633405881	0.01424331506071931	26.72517396167394	80.31207071338117	53.51862233752756	0.8	0.5	NA	403.85097217559814	74.02859986995988	24.36042352010735	76.43720453282022	48.94985088432869	17.448061649556198	5.56223335486193	50	100	6	0.15
PoissonCUSP_gamma	13	18.013	6.153769312728247	4.579487823119135	0.01798946280329127	0.0096540199094238	0.013821741356357536	29.619217305665945	67.62810115853745	48.623659232101694	0.8	0.4444444444444444	NA	403.86694264411926	86.99591130459443	14.403300730957902	91.84694919933855	51.44652483515375	17.65993686683436	6.100847524249543	50	100	6	0.15
PoissonCUSP_gamma	14	14.038	5.755682124299149	4.946655059331135	0.013028638934746064	0.010203817900363957	0.01161622841755501	22.142575948001323	50.094859719799345	36.118717833900334	0.8	0.5714285714285714	NA	340.1427888870239	109.10826096002262	21.31998998347024	118.83026687662532	56.3912152889861	16.35940922611935	5.756813644737119	50	100	6	0.15
PoissonCUSP_gamma	15	17.01	5.582591234494814	4.855803131038154	0.01814643755480687	0.011093043611833078	0.014619740583319973	28.742148846188975	58.25322516586252	43.49768700602574	0.9	0.5294117647058824	NA	390.0555226802826	86.15034873685346	15.529400552480325	94.65399851191299	32.06261070006227	18.781767467013413	6.657385703097659	50	100	6	0.15
PoissonCUSP_gamma	16	18.086	7.605734508018559	4.541191931229994	0.020440821366526668	0.010749253699917277	0.015595037533221973	29.655178303921485	79.27971872705851	54.46744851549	0.8	0.4444444444444444	NA	445.669469833374	84.71657483184043	8.735520236988412	90.55068626820768	25.0364638840155	18.11807430299195	3.616548779984465	50	100	6	0.15
PoissonCUSP_gamma	17	15.71	5.858530866113736	4.56910117801332	0.019958024010451464	0.0149527963635402	0.017455410186995833	26.19133908325725	69.99473463271934	48.093036857988295	0.8	0.5333333333333333	NA	359.4390518665314	92.12271588320112	23.904610891516658	104.68778577611951	49.52356147521943	19.977872565842603	8.332764521042602	50	100	6	0.15
PoissonCUSP_gamma	18	17.08	7.12386472250811	4.565720940966668	0.023172975580494425	0.012141019988439868	0.017656997784467145	26.061323646353763	83.21668152946444	54.639002587909104	0.9	0.5294117647058824	NA	402.52180671691895	90.03713125632443	16.994321293584676	105.45437395300358	28.720089573620115	17.997818666257295	4.895268837272932	50	100	6	0.15
PoissonCUSP_gamma	19	17.048	7.763545438078817	4.49284720789767	0.024290244047040124	0.016677080593985066	0.020483662320512595	30.903625354523957	71.88469361170846	51.394159483116205	0.9	0.5294117647058824	NA	385.0950810909271	94.1866632418149	10.67708718097646	89.56831997387006	16.00655820229504	17.279189381111284	4.772971139989238	50	100	6	0.15
PoissonCUSP_gamma	20	16.012	6.946751982825621	5.077439506346461	0.01813633143884289	0.013254277537155431	0.015695304487999162	31.390344554805118	131.74276523468475	81.56655489474494	0.9	0.5625	NA	380.54796528816223	86.76658588896083	15.853825571017504	104.99576708550275	43.92823422226434	18.011904910186516	4.634178900589988	50	100	6	0.15
PoissonCUSP_gammaKC	1	16.107	4.644514513064294	4.449379185832947	0.016729283554283946	0.010010791538523463	0.013370037546403705	25.258465265161586	33.98861332844055	29.62353929680107	0.9	0.5625	NA	358.99013018608093	92.34368633368636	13.719453494818273	111.03074593896612	38.37160472954489	17.87531485335001	5.983998068301266	50	100	6	0.15
PoissonCUSP_gammaKC	2	19.09	7.763512545474124	4.537414099483778	0.021547321831657983	0.017517167951393048	0.019532244891525517	29.28224906174631	91.16865951932702	60.22545429053667	0.8	0.42105263157894735	NA	439.05487084388733	86.8293454827408	15.098582828538568	96.65088731155642	28.1073745808199	18.110204973624214	3.4044921720900096	50	100	6	0.15
PoissonCUSP_gammaKC	3	17.019	6.117034049243361	4.625032969700891	0.018343735490101248	0.010567186299378178	0.014455460894739713	23.246486049040204	67.6413407906743	45.44391341985725	0.9	0.5294117647058824	NA	371.5719711780548	109.67557026526559	24.305791082196244	113.15151548424197	39.41757070183151	17.757615976480345	5.027251618610371	50	100	6	0.15
PoissonCUSP_gammaKC	4	16.107	5.642901659969322	4.637509437446533	0.017459113509042553	0.01044157929633175	0.013950346402687152	21.349074590493164	57.06221612251471	39.205645356503936	0.9	0.5625	NA	362.6306862831116	100.09625617930001	17.382567576380175	106.8774368997259	34.209964753152605	19.084285217226558	6.625663516910438	50	100	6	0.15
PoissonCUSP_gammaKC	5	17.129	6.875328059271479	4.845365462371361	0.025468833717267252	0.018403323333172045	0.02193607852521965	27.687851083825336	69.50291451473683	48.59538279928108	0.8	0.47058823529411764	NA	371.69282627105713	98.7578385690801	12.409968015210827	122.08122145355259	43.11865464323514	20.35169659698781	5.598747167651514	50	100	6	0.15
PoissonCUSP_gammaKC	6	17.024	7.871897055977234	4.730639836191822	0.01775251972289768	0.013202797294835538	0.01547765850886661	28.413153237368487	78.85190300633212	53.63252812185031	0.8	0.4444444444444444	NA	371.91618609428406	140.19791281468719	212.8840416271828	128.64843041215997	91.23242345003258	33.13452998489443	66.00786071694402	50	100	6	0.15
PoissonCUSP_gammaKC	7	16.13	6.89962022046561	4.172752493162208	0.022780906500199104	0.012616070447850854	0.017698488474024977	23.971569639146203	60.925648227537515	42.44860893334186	0.8	0.5	NA	360.535945892334	104.50793267910394	16.378415975259667	106.81657922705742	31.20229070942396	16.551542631915943	5.296708996092639	50	100	6	0.15
PoissonCUSP_gammaKC	8	16.029	6.1149167654529375	4.555152808668563	0.01736218435581794	0.012109068711674692	0.014735626533746316	19.815058423872287	65.04481917470005	42.42993879928617	0.9	0.5294117647058824	NA	364.1051735877991	143.44474290119751	215.14141004682065	115.12451639616255	83.29245306051217	32.20468816763473	60.14514597705554	50	100	6	0.15
PoissonCUSP_gammaKC	9	18.026	7.264875463134299	4.026941609804028	0.022848695745986688	0.01540763079703161	0.01912816327150915	25.117242270608397	79.1562545313776	52.136748400993	0.9	0.47368421052631576	NA	416.3321588039398	144.7392178061491	204.87022809717644	120.02422806752159	81.69186819188575	25.311073566141093	31.277587657880968	50	100	6	0.15
PoissonCUSP_gammaKC	10	16.033	5.23392701345465	4.825816629834262	0.014929451888940404	0.009158346463438187	0.012043899176189296	22.728244897433264	49.86273503116093	36.2954899642971	0.9	0.5625	NA	394.59635972976685	100.87684789507345	22.28793264655143	104.0089950721697	52.0042657209328	18.795886160211463	5.103436824112632	50	100	6	0.15
PoissonCUSP_gammaKC	11	17.03	5.917140466234244	4.659001719877073	0.024137920219518626	0.009003797388685252	0.01657085880410194	22.812484678088566	55.32742229682852	39.06995348745855	0.7	0.3888888888888889	NA	370.49914717674255	144.2949493482174	211.428030750858	128.12510654524786	62.90393702652376	25.97863912998282	22.84637581676368	50	100	6	0.15
PoissonCUSP_gammaKC	12	18.063	6.083533662978262	4.5297986829552555	0.01910488999978807	0.010136247503786399	0.014620568751787235	23.81555234767379	79.35091889074836	51.583235619211074	0.9	0.5	NA	407.2505054473877	86.33518916775168	11.748728605486244	93.47126679929706	28.023850874003884	19.69737562278802	6.423525718716747	50	100	6	0.15
PoissonCUSP_gammaKC	13	19.102	6.254727435640059	4.389341423260415	0.019595114585568008	0.010013383067006502	0.014804248826287255	29.036207535118624	68.23703701497217	48.6366222750454	0.8	0.42105263157894735	NA	435.34384393692017	87.80270092291367	12.981466634239293	93.68182064638285	44.76677233832811	20.621720523688694	4.6605210323940005	50	100	6	0.15
PoissonCUSP_gammaKC	14	15.027	5.828384233283203	4.8740827357007115	0.01504871766386153	0.010464025463209436	0.012756371563535483	21.5392270334023	52.11130686171127	36.825266947556784	0.9	0.6	NA	342.65404891967773	107.09302326834008	23.19162924751512	120.38010289138259	58.583789872495245	23.267312031638184	9.634382542678404	50	100	6	0.15
PoissonCUSP_gammaKC	15	18.068	5.5079915199117435	4.948953661785298	0.018390529387487777	0.009738397689545169	0.014064463538516474	26.54255927186824	58.80063139800098	42.67159533493461	0.9	0.5	NA	421.7117533683777	89.75632977332695	14.835101190969468	100.81038870870502	40.890425672436784	18.777220506816132	4.546870474504102	50	100	6	0.15
PoissonCUSP_gammaKC	16	18.041	7.613293839866965	4.482711869133892	0.019830309966668958	0.011700620584650328	0.015765465275659644	28.385963439904693	80.24564396843638	54.315803704170534	0.7	0.3684210526315789	NA	416.1569540500641	131.6769880372294	208.37553435423084	90.45521216688121	26.958063708147137	21.710889097387295	8.255016488276192	50	100	6	0.15
PoissonCUSP_gammaKC	17	15.01	5.787713254818441	4.681026683904712	0.01873268568872824	0.015264934657411173	0.016998810173069707	26.048632550110216	71.51935169933805	48.78399212472413	0.9	0.6428571428571429	NA	343.1399595737457	80.40581505617565	24.913470758278674	94.23310027063727	67.669192867971	18.748896273710695	3.9624135971113374	50	100	6	0.15
PoissonCUSP_gammaKC	18	18.114	7.242968120572245	4.473434182567222	0.023148033185855767	0.015259043397920783	0.019203538291888277	26.86447113735625	92.35971650289628	59.61209382012626	0.8	0.4444444444444444	NA	400.1260290145874	90.85302090841418	15.524285392369276	105.04949929356583	25.951731543958005	17.532453946419697	5.0477136721660925	50	100	6	0.15
PoissonCUSP_gammaKC	19	17.056	7.702242402505924	4.7665628735630285	0.020983330182529198	0.013788361912970042	0.01738584604774962	28.444009021181923	67.10989078779768	47.776949904489804	0.8	0.4444444444444444	NA	396.95003747940063	139.30284700814823	205.8977835301209	85.68440170296661	22.412922920575987	19.35186560597617	8.382176705069107	50	100	6	0.15
PoissonCUSP_gammaKC	20	17.31	7.111118274191699	4.89517514084819	0.017884996834192774	0.012820305858706423	0.015352651346449598	27.707304560889213	117.60443820150434	72.65587138119677	0.9	0.5294117647058824	NA	443.309937953949	87.18645655790431	17.55964389255799	106.08610897275935	41.63510217121964	21.91157423787687	7.163948295268244	50	100	6	0.15
PoissonCUSP_invgamma	1	19	4.807328698933395	4.319298197727171	0.016326316528767374	0.010490228030624358	0.013408272279695866	23.188689711467866	35.51033367394984	29.34951169270885	0.8	0.42105263157894735	NA	369.2879710197449	170.11821214107692	184.90282168117648	122.18436017913773	52.526567066498906	203.96443235497023	238.13908920076713	50	100	6	0.15
PoissonCUSP_invgamma	2	19	8.019382536698323	4.496378931440273	0.02323171840075238	0.01818690992136135	0.020709314161056865	32.13269760785318	88.32810877097103	60.2304031894121	0.6	0.3157894736842105	NA	399.2131230831146	111.75194726594468	108.73400681580794	101.09367782188401	29.441846536605073	175.53714296745008	156.26708486282146	50	100	6	0.15
PoissonCUSP_invgamma	3	19	6.333594396426798	4.272238918222158	0.020081558864125562	0.01257848293937976	0.01633002090175266	21.758803601550728	55.11439666357422	38.436600132562475	0.9	0.47368421052631576	NA	361.9050033092499	159.6852947249084	149.3592026170576	123.44146773298549	54.20519736478662	244.33047398630143	269.023835944223	50	100	6	0.15
PoissonCUSP_invgamma	4	19	5.818564379875518	4.452518109864366	0.01709823577861172	0.010491665014378454	0.013794950396495087	18.468392091116808	58.031806659432824	38.250099375274814	0.8	0.42105263157894735	NA	381.7394549846649	174.497002298989	178.96072304373556	116.96218592008154	57.478300480239504	203.25096734921917	270.7001754211031	50	100	6	0.15
PoissonCUSP_invgamma	5	19	6.984546286287358	4.54694139517154	0.026234439819503595	0.011729867658518862	0.01898215373901123	33.947949312011914	54.2569028408704	44.10242607644116	0.9	0.47368421052631576	NA	374.91694927215576	99.78593464473967	16.78685793950436	111.9526940866308	39.76628142349476	248.73269248862903	250.975269811972	50	100	6	0.15
PoissonCUSP_invgamma	6	19	8.054835334046993	4.400888714150294	0.018774418924682804	0.01675663183878762	0.01776552538173521	26.44791823098872	101.2910302025634	63.86947421677606	0.7	0.42105263157894735	NA	399.49619245529175	172.0565371808678	183.3786774603211	123.57611335814352	62.456065022077155	168.56054834649993	194.7387541512527	50	100	6	0.15
PoissonCUSP_invgamma	7	19	6.5713857263234345	4.723556575736529	0.01984492994197442	0.011372899218908439	0.015608914580441429	20.86302549816369	63.75323430651544	42.308129902339566	0.8	0.42105263157894735	NA	385.94040632247925	153.86147636406022	148.83508648977374	116.16425635500802	50.457529001444385	196.3389860519503	193.6519653130454	50	100	6	0.15
PoissonCUSP_invgamma	8	19	6.0217879865493	4.632230263578041	0.015294247788166161	0.010420733233914566	0.012857490511040364	20.138456731771367	68.00524042639422	44.0718485790828	0.9	0.47368421052631576	NA	452.2621257305145	146.1356967309608	154.74010819567349	100.31473708541664	44.193853971110514	231.88848791261458	233.03441712845475	50	100	6	0.15
PoissonCUSP_invgamma	9	19	7.13572454366861	4.490393896515072	0.01926266621385657	0.014543770462328489	0.01690321833809253	23.127700889186226	86.29438891398401	54.71104490158512	0.9	0.47368421052631576	NA	384.13825821876526	145.2742089148491	152.21948840270485	122.0812876497365	62.496733690614874	182.20244533550513	203.39503344112126	50	100	6	0.15
PoissonCUSP_invgamma	10	19	5.507126510510583	4.517742048612166	0.015148335493568778	0.009708716677503417	0.012428526085536098	20.131924003780323	50.93766221298538	35.53479310838285	0.9	0.47368421052631576	NA	386.41015362739563	177.63208842871967	183.4840473005696	128.052369062185	69.77027779987016	274.6628579818966	292.43567129135215	50	100	6	0.15
PoissonCUSP_invgamma	11	19	6.049290796757825	4.600627594520367	0.018618235310827014	0.011104611319652418	0.014861423315239715	20.469919873545113	59.84578559510488	40.157852734325	0.8	0.42105263157894735	NA	380.5025134086609	169.26245609338247	181.18337807812165	118.91875029727703	57.395216576063916	164.3328572469142	162.18037922172206	50	100	6	0.15
PoissonCUSP_invgamma	12	19	6.130106409877478	4.529720054927371	0.017422119122618398	0.009798648491658388	0.013610383807138393	28.03334747707169	74.3648424521529	51.19909496461229	0.8	0.42105263157894735	NA	383.8124830722809	141.8322698384252	163.6352463049303	102.23123392618974	47.15516908427887	173.79407984149233	242.02291597595328	50	100	6	0.15
PoissonCUSP_invgamma	13	19	6.328341629251812	4.401917098605692	0.01857723936720714	0.010309746565407032	0.014443492966307085	28.28624399503592	66.61644111808266	47.45134255655929	0.8	0.42105263157894735	NA	455.0972275733948	112.17117631738893	109.19992260255881	91.14555638687223	38.67953355890756	170.37999378736916	148.75838851099385	50	100	6	0.15
PoissonCUSP_invgamma	14	19	6.0890520930613174	4.642992322824584	0.016080672726866616	0.012677102941522557	0.014378887834194587	14.955367538977049	49.7308642609547	32.34311589996587	0.8	0.42105263157894735	NA	339.35162687301636	205.27330180001118	194.13960723738367	136.28634802677723	53.34811395298411	280.0113957440737	292.5139078132682	50	100	6	0.15
PoissonCUSP_invgamma	15	19	5.578779879121744	4.891718367205612	0.01811921740329183	0.009879246734754949	0.01399923206902339	26.070949188557027	58.72754368272104	42.399246435639036	0.9	0.47368421052631576	NA	393.9423146247864	139.0886352347451	160.61001261376808	109.2464117443146	54.004434341651454	257.11406625491907	343.3445491251618	50	100	6	0.15
PoissonCUSP_invgamma	16	19	7.660872048395528	4.4513751510800015	0.01915107868664783	0.010829706919041322	0.014990392802844577	27.764373096803133	77.82505409579058	52.79471359629686	0.8	0.42105263157894735	NA	405.7081775665283	108.62041938665865	114.84959763630809	90.58963079517837	31.08105507263011	174.74192391792053	206.90342640196738	50	100	6	0.15
PoissonCUSP_invgamma	17	19	6.082677118880734	4.339133882385826	0.019877474494005846	0.012649463041931883	0.016263468767968865	18.27983975803967	61.92670330615347	40.10327153209657	0.8	0.42105263157894735	NA	384.2214689254761	173.50721453824303	183.92855617569543	114.68523152181366	51.872794916727585	179.83707487313637	276.65230007251625	50	100	6	0.15
PoissonCUSP_invgamma	18	19	7.4517004044839315	4.520603595913779	0.020125792402117076	0.014659289027171701	0.01739254071464439	22.910972967688206	92.37887718093708	57.644925074312646	0.8	0.42105263157894735	NA	405.84240198135376	137.50533966026074	146.54947450357417	108.43109745660654	34.01159176203069	214.7304597611279	216.99435435328823	50	100	6	0.15
PoissonCUSP_invgamma	19	19	7.855675943354556	4.6376864509430735	0.018608045492336477	0.016519441603846594	0.017563743548091537	27.198327846011853	83.49405425980164	55.34619105290675	0.9	0.47368421052631576	NA	432.7607727050781	164.0888013625438	171.30575334730375	100.04899648075556	40.541991909743615	180.24835321621404	189.26734667780536	50	100	6	0.15
PoissonCUSP_invgamma	20	19	7.106228339427537	4.8510065372308375	0.018011069617239264	0.01331502287186242	0.01566304624455084	28.188014970281344	125.75241522538883	76.97021509783508	0.9	0.47368421052631576	NA	408.00477170944214	113.02046230851431	119.626465948938	103.49186593328335	44.08330713439776	216.95321640977215	261.32984824819374	50	100	6	0.15
PoissonCUSP_invgammaKC	1	17.277	4.762761216613726	4.280698944672546	0.0173655930368899	0.010884771104953464	0.014125182070921682	29.312936100015225	37.1177628458796	33.21534947294741	0.9	0.5294117647058824	NA	153.21894693374634	64.4623121956423	22.6078145698845	52.62301866349223	35.10361064946606	221.173666499336	238.2117115604081	50	100	6	0.15
PoissonCUSP_invgammaKC	2	17.297	7.804122847780571	4.649786918007957	0.021659810772041693	0.01968230983801862	0.020671060305030155	33.40621915707116	93.41445259018478	63.41033587362797	0.6	0.35294117647058826	NA	182.6229271888733	50.004201179869995	11.185028593081583	34.271979532230596	16.46819972789437	197.83747196193255	228.3931318199261	50	100	6	0.15
PoissonCUSP_invgammaKC	3	18.252	6.335046555402405	4.189709120031175	0.021490100459057155	0.013105025420964127	0.01729756294001064	24.25941026862376	62.0827580179476	43.17108414328568	0.9	0.5	NA	157.37844157218933	89.56789658000442	29.901932035809576	84.96505476960672	38.825017519303195	148.65058926618107	166.94717985120906	50	100	6	0.15
PoissonCUSP_invgammaKC	4	19	6.002045681034154	4.16501731754915	0.01971507954241414	0.01609292427355131	0.017904001907982726	28.759042405604344	61.672748095533834	45.21589525056909	0.7	0.35	NA	169.79622268676758	137.81233385868524	199.04112609617565	114.09042351899268	103.32864227814312	171.7748848534865	274.957790073527	50	100	6	0.15
PoissonCUSP_invgammaKC	5	16.997	6.8822447028765765	4.78275246517776	0.022762233570718365	0.013865242950674948	0.018313738260696655	31.82511202390668	56.36239503240483	44.09375352815575	0.8	0.4444444444444444	NA	156.7911446094513	139.14546412036236	211.24285322892362	125.6620928140811	93.98377343086749	197.15993818854835	255.8264548030831	50	100	6	0.15
PoissonCUSP_invgammaKC	6	17.756	7.863278084561241	4.334482797513871	0.01949808964862541	0.014858454630782978	0.017178272139704194	32.7045276120975	99.48863929673138	66.09658345441444	0.8	0.5625	NA	176.39807772636414	80.72532677462615	27.992589511139762	71.59055535194257	48.15090159530911	155.61842063145502	259.11041197212376	50	100	6	0.15
PoissonCUSP_invgammaKC	7	17.24	6.533407858304564	4.691476698802084	0.02172396745598719	0.011053327899385245	0.01638864767768622	29.237025078080826	62.02076187785612	45.628893477968475	0.6	0.35294117647058826	NA	154.47658348083496	86.55827429541125	20.014136981202665	79.88296250483434	46.775716351191846	222.1231653553581	293.07020454727103	50	100	6	0.15
PoissonCUSP_invgammaKC	8	16.352	5.758421284054504	5.008394297027261	0.014579987217392096	0.010797651423638959	0.012688819320515528	21.15677367525984	70.75510784581289	45.955940760536365	0.9	0.5625	NA	161.30678248405457	83.06764966988865	130.87913987741464	57.47106251353952	52.27299668802516	216.130883479596	250.80354095232602	50	100	6	0.15
PoissonCUSP_invgammaKC	9	17.063	7.122411722630567	4.4962815292337925	0.021524417590898223	0.014534807601660914	0.018029612596279568	23.66844610947635	73.10382841919973	48.38613726433804	0.9	0.5294117647058824	NA	161.09923315048218	109.92480238303595	121.77836537360186	102.61523203955758	45.51230942696683	239.05849894128838	266.9127593533175	50	100	6	0.15
PoissonCUSP_invgammaKC	10	18.192	5.28748019322355	4.767878506878507	0.01624941730526754	0.008044080529195642	0.012146748917231592	21.197278897811074	48.13896133387647	34.66812011584378	0.9	0.5294117647058824	NA	173.81177473068237	59.49693240806751	34.69582356491197	42.59631653475257	48.73699979667831	264.68144150798	294.64036204726784	50	100	6	0.15
PoissonCUSP_invgammaKC	11	18.744	6.1848585667847695	4.33695574121935	0.025085664321328888	0.010611170476741923	0.017848417399035407	25.020388681259142	59.18380679321932	42.102097737239234	0.8	0.4444444444444444	NA	159.80469489097595	81.82386651813776	44.49399838693255	71.18593418072457	57.66276842373483	208.33791880094427	217.9084450402358	50	100	6	0.15
PoissonCUSP_invgammaKC	12	17.569	6.102917501027315	4.525865585183222	0.018645599877661036	0.011099270516160567	0.014872435196910802	22.70611324979013	79.2122949126836	50.95920408123686	0.9	0.5625	NA	176.08865785598755	82.51058595867451	54.26070766653588	64.4389049152709	39.48906957237661	232.84895467917363	239.81880944632738	50	100	6	0.15
PoissonCUSP_invgammaKC	13	19.999	6.340804874014062	4.161521501923476	0.01910036267880467	0.010134135304636707	0.01461724899172069	31.419289455864615	68.21240581651338	49.815847636189	0.7	0.3333333333333333	NA	167.95063948631287	128.49966138321616	193.08406772703725	86.92840157690566	42.776624507782635	184.23112118622177	272.0746125371075	50	100	6	0.15
PoissonCUSP_invgammaKC	14	14.479	5.720495517692805	5.005383455054347	0.011939896139981358	0.010529747569711966	0.011234821854846661	20.21499430005415	49.70341065804981	34.95920247905198	0.8	0.6153846153846154	NA	152.38302445411682	72.8715472656426	34.100636477407235	69.49555051115536	71.16919188676356	282.59220648574205	288.76832551804944	50	100	6	0.15
PoissonCUSP_invgammaKC	15	16.997	5.48875841702739	4.880301505181186	0.01453244145782072	0.009381656749033806	0.011957049103427264	29.01713409025845	62.24937409067181	45.63325409046513	0.9	0.5	NA	160.97917580604553	137.41263566794015	214.90515691601473	107.4939752017346	86.56268892911744	246.03106265142213	307.4310194362931	50	100	6	0.15
PoissonCUSP_invgammaKC	16	17.208	7.399227104919294	5.071566971065676	0.017134245901977	0.00903299382603348	0.01308361986400524	28.26431279340042	79.80557849385761	54.034945643629015	0.9	0.5294117647058824	NA	157.2458770275116	72.83173270730812	13.571391625531863	75.36931317485542	40.371575178146436	120.22911727159803	236.15705654641815	50	100	6	0.15
PoissonCUSP_invgammaKC	17	17.072	6.0327955675442935	4.422369087308784	0.020118307984978535	0.01256124199404752	0.01633977498951303	18.95668750083813	62.719744515266385	40.83821600805226	0.9	0.5294117647058824	NA	158.94677543640137	131.73117296434012	159.34455654821525	66.95932005698191	32.13713739865444	259.0632024729361	291.45012418507565	50	100	6	0.15
PoissonCUSP_invgammaKC	18	17.806	6.8824166799643445	5.157721212105443	0.020643526628760758	0.01127889740955254	0.01596121201915665	25.37860133464033	80.251847007724	52.815224171182166	0.9	0.5294117647058824	NA	159.66084241867065	58.80062621158314	23.320311709810028	56.6315007502022	50.21095045196453	241.49079113880555	246.6746019310204	50	100	6	0.15
PoissonCUSP_invgammaKC	19	17.821	7.788841368281078	4.454056631324049	0.025510487726757756	0.017114830633567082	0.021312659180162417	37.42789145992573	69.23274453976967	53.3303179998477	0.8	0.47058823529411764	NA	157.60518097877502	75.30104112180182	69.593546108227045	46.454961765888356	29.078274206271928	167.84732561685166	183.53137600490436	50	100	6	0.15
PoissonCUSP_invgammaKC	20	16.999	7.098517992309196	4.853052775346754	0.017475005398516957	0.012024467189895735	0.014749736294206346	27.057346000648277	110.86247546633062	68.95991073348945	0.9	0.5	NA	172.28101515769958	134.6852878690783	213.18020330232096	119.4931678130659	87.79469756306482	249.83209162382235	296.05417030828755	50	100	6	0.15
PoissonMGP	1	13	4.2760071020176795	4.951645592116506	0.011690824890466928	0.010473367409202121	0.011082096149834525	21.6830456348893	33.48213614614499	27.582590890517146	0.9	0.6923076923076923	NA	360.2570526599884	91.78619340129343	22.836952724886906	125.05418793145165	49.18548572426685	33.377570534263405	14.33896733206286	50	100	6	0.15
PoissonMGP	2	15	6.551602420059151	6.327340230347275	0.014357119689706878	0.010672689023604414	0.012514904356655646	21.698039543392497	71.71509253072037	46.70656603705643	0.9	0.6	NA	377.9741106033325	90.57066557301347	18.023036888538584	102.42943543817813	41.379050575084044	28.284705721449328	9.037977024194863	50	100	6	0.15
PoissonMGP	3	11	5.003989894804498	5.810703157806851	0.008572343416432806	0.007153668754463516	0.007863006085448161	11.024174231116913	49.855927294476196	30.440050762796552	1	0.9090909090909091	NA	326.20938992500305	118.68050007092366	19.40288007799077	137.26487930987565	54.61924120218661	39.445286020959735	9.46667014603807	50	100	6	0.15
PoissonMGP	4	14	5.543146735945648	4.822891160749347	0.015456684634677455	0.009661209491921894	0.012558947063299675	19.713286421151082	49.85466201862245	34.783974219886765	0.8	0.5714285714285714	NA	393.2024221420288	95.78993476168462	16.977454118103996	104.1318431684279	36.15929473889123	33.84638771848712	16.63057128195054	50	100	6	0.15
PoissonMGP	5	14	6.2514348393150385	5.69760801661796	0.014339249072842128	0.011176295788423421	0.012757772430632775	19.764168188496903	53.6078553643469	36.6860117764219	0.9	0.6428571428571429	NA	348.1374750137329	96.70785478892984	24.043426400586654	114.49375485901052	63.71740665487247	34.37713938790256	11.13122608708499	50	100	6	0.15
PoissonMGP	6	12	6.446274117326269	6.1776225283827655	0.009425819557580414	0.010282998768715534	0.009854409163147974	14.16273680184547	66.4156910538241	40.28921392783479	0.9	0.75	NA	413.67961525917053	93.93066199970663	18.94780520432358	134.5924546194709	67.11339599332665	36.83775449242049	13.025560269484009	50	100	6	0.15
PoissonMGP	7	12	5.577617116499025	5.859596820395248	0.011685224522679852	0.008145049429127176	0.009915136975903514	16.231565093658713	52.54912068770951	34.39034289068411	0.9	0.75	NA	341.0021891593933	99.86266220509626	20.924941824351972	126.08748435063768	71.33291174993181	34.29816314308772	10.69416278103874	50	100	6	0.15
PoissonMGP	8	14	5.793700694492455	5.03348805591751	0.012981975384882325	0.009643719248250048	0.011312847316566187	17.001887009980152	64.32534955744606	40.663618283713106	0.9	0.6428571428571429	NA	382.2985336780548	91.59332981145711	15.144356139299674	97.52098321077719	39.652666964827645	35.176629613300854	14.291196216062708	50	100	6	0.15
PoissonMGP	9	13	6.636274447998727	5.489829648268702	0.01380334759467431	0.010952699242788314	0.012378023418731312	18.306437392620726	77.752846718135	48.02964205537786	0.9	0.6923076923076923	NA	389.932097196579	95.7134665468878	24.552378436670597	111.92231354636878	42.89793844842325	36.55761456942783	9.18596658020511	50	100	6	0.15
PoissonMGP	10	13	4.478016509377557	5.531617087972323	0.00865952755083027	0.007641677155494118	0.008150602353162194	14.40081591300661	48.681584284612214	31.541200098809412	0.9	0.6923076923076923	NA	357.59957122802734	99.01667740306868	24.91655990101183	111.89648475187792	59.969777132017924	26.62656034391503	12.593068768498677	50	100	6	0.15
PoissonMGP	11	14	5.288551277342887	5.316936889363635	0.014521115123749727	0.00781374166013128	0.011167428391940504	18.02490620663767	54.94237355926357	36.48363988295062	0.8	0.5714285714285714	NA	369.6274597644806	97.51928298603909	20.472117532305553	121.35082050883179	55.28993445707653	30.073687300553182	13.268707319177716	50	100	6	0.15
PoissonMGP	12	13	5.40913168375224	5.448175677516472	0.010919927864094327	0.008144259231421733	0.00953209354775803	19.49243789487247	60.02239542665005	39.75741666076126	0.9	0.6923076923076923	NA	408.2234899997711	82.28530059097642	18.191603645884175	107.19411773132292	53.37210151473342	30.696044938476824	11.563907851772942	50	100	6	0.15
PoissonMGP	13	16	5.91882458888727	5.01303115589894	0.014990026851336864	0.010440576139542437	0.01271530149543965	25.609345182951454	61.50393210288958	43.55663864292052	0.8	0.5	NA	364.34415793418884	86.09360715884073	15.726583654301024	100.91229672231897	59.14507373849693	33.4428618119006	14.59969689068771	50	100	6	0.15
PoissonMGP	14	13	5.9061958612340675	4.997802493084648	0.014729967809944507	0.01250816198653012	0.013619064898237315	15.144901786845152	45.90493878699411	30.52492028691963	0.8	0.6153846153846154	NA	349.07421588897705	113.02617861304977	24.882530068717717	130.61521352240004	47.93694103163885	27.729888088028304	8.034426367621439	50	100	6	0.15
PoissonMGP	15	14	5.221388013762107	5.422640010758883	0.01230784825966245	0.010319958568293614	0.011313903413978033	22.75855778557941	58.000955904520566	40.37975684504999	0.9	0.6428571428571429	NA	366.473272562027	87.82537328796744	16.943249434242844	103.38552953484714	49.61407833818911	32.456336072551416	10.851905908051712	50	100	6	0.15
PoissonMGP	16	12	6.819230027183726	5.760732220816671	0.011071265923576655	0.009319234688067678	0.010195250305822166	17.517044234596487	68.83300372171492	43.1750239781557	0.8	0.6666666666666666	NA	370.7872037887573	84.6822363988739	11.481077920733615	101.28048492144141	32.91089595846712	34.523684346558206	10.85935329036021	50	100	6	0.15
PoissonMGP	17	12	5.629848842568229	5.088159145414017	0.012043488488484118	0.013879200599825833	0.012961344544154974	19.76021010263025	68.4104107698412	44.08531043623573	0.8	0.6666666666666666	NA	337.1864495277405	96.21309733073083	19.15009961746089	120.69457726702835	67.61155879809976	35.86385777149142	9.54262372571088	50	100	6	0.15
PoissonMGP	18	12	5.637663984286443	6.299427527889463	0.009183087010300305	0.010126167276789	0.009654627143544653	14.873929894257664	78.74582078084768	46.80987533755267	0.9	0.75	NA	368.9578161239624	89.84732688445153	17.746867212281103	111.11722291815053	37.45966975391474	34.96539662258543	11.630645042137404	50	100	6	0.15
PoissonMGP	19	12	6.046647429133595	6.422108948975779	0.010442143384751575	0.010078600963690775	0.010260372174221176	14.960381535231884	62.456484370308914	38.7084329527704	0.9	0.75	NA	375.56662464141846	96.32710775362592	22.62247174371164	100.8878596440559	35.31770635750597	36.85642774049342	7.980242141878959	50	100	6	0.15
PoissonMGP	20	13	6.810830178472542	5.3760042256776295	0.015713622560392156	0.012678016396181215	0.014195819478286686	21.223534619812988	90.0167623251351	55.62014847247404	1	0.7692307692307693	NA	423.60791778564453	89.44025659288829	17.130758526004982	114.03567004145835	43.51216920043571	37.551226499308704	13.713401976166613	50	100	6	0.15
CompressiveNMF	1	11	4.226268670717246	5.821234175656461	0.013214049901894762	0.007908804157260616	0.01056142702957769	3.7209183415356755	45.103285951827324	24.412102146681498	0.9	0.8181818181818182	NA	721.0520236492157	483.5191560805256	453.6202113509949	537.5864760731101	404.0605398170776	265.7049185714849	129.70324696435193	100	100	6	0.15
CompressiveNMF	2	11	5.54390614297478	5.830074577887206	0.014405329005926046	0.009180266951218624	0.011792797978572335	6.895465050995181	52.463091298526066	29.679278174760626	1	0.9090909090909091	NA	790.0971236228943	485.2696893963683	454.92649341997827	519.8479633192939	419.5513379259396	231.53674480518396	138.26264267730872	100	100	6	0.15
CompressiveNMF	3	10	4.5859633031982785	7.222813847894305	0.00480118138976375	0.006593947056448239	0.005697564223105994	7.559609868263176	57.88153416459383	32.720572016428505	1	1	0.9806899764198519	785.7479159832001	524.7056758898833	458.5640891673795	566.7049907871833	415.34260102991954	278.6294734004051	104.35388094404493	100	100	6	0.15
CompressiveNMF	4	12	6.880052706413472	5.447552468267989	0.022212833018135487	0.009614487938437923	0.015913660478286705	11.385123533336447	52.8811124379515	32.13311798564398	1	0.8333333333333334	NA	705.8233609199524	441.47945559787604	442.60238951018965	496.32352793273566	398.540589286867	281.69581299347044	170.81763468287755	100	100	6	0.15
CompressiveNMF	5	11	5.645960390853611	6.204902986213374	0.013590903757096791	0.010403148647028175	0.011997026202062482	11.425938430499082	56.256094463575664	33.841016447037376	0.8	0.7272727272727273	NA	787.5027694702148	483.16830342848056	454.4163596362082	534.4624182082532	405.30548129551215	309.8190607491589	161.7803063135354	100	100	6	0.15
CompressiveNMF	6	10	3.511039020418482	5.667595799695366	0.004210127424908	0.007164346472331596	0.005687236948619798	2.9770188863334615	41.820343476254706	22.398681181294084	0.9	0.9	0.9757274349633507	760.7331647872925	522.4732357943757	456.2290810373222	572.7151190299879	410.23123549006175	278.07717615972484	140.1329121961682	100	100	6	0.15
CompressiveNMF	7	11	4.651238343909727	6.15444864830445	0.014160146820206044	0.008372504444837685	0.011266325632521865	6.505966875225423	54.88747709755619	30.69672198639081	1	0.9090909090909091	NA	781.9482381343842	482.65055045418677	454.8108661759717	534.6325453261965	405.6687021265627	326.0160654651403	208.37149656186426	100	100	6	0.15
CompressiveNMF	8	13	7.280865565006768	6.072098640604506	0.026331967889476133	0.01062477928690622	0.018478373588191176	16.695874354481244	65.03061951596979	40.86324693522552	1	0.7692307692307693	NA	810.1987211704254	389.8869465981959	439.32199138790537	431.9295108544486	406.90448306857417	218.98125853267877	164.427095398396	100	100	6	0.15
CompressiveNMF	9	11	7.214277347204226	5.653205628132988	0.011880466835446328	0.00814771722402056	0.010014092029733444	10.39173552863473	61.626588693165864	36.0091621109003	1	0.9090909090909091	NA	751.8975591659546	479.7932430442394	455.5590048798093	521.5934455112157	422.26749866229443	259.81845713560045	156.44020213059815	100	100	6	0.15
CompressiveNMF	10	12	5.116863729042977	6.448834137142376	0.01826993473839478	0.007548237867936349	0.012909086303165566	12.644203633109534	56.29712686592872	34.47066524951913	1	0.8333333333333334	NA	830.8909497261047	430.92439478307267	450.099718362253	462.76720934170146	422.51749717291807	228.98252365883693	138.15854234619613	100	100	6	0.15
CompressiveNMF	11	12	7.444278859315103	5.521764707776565	0.021924062555307763	0.010995999827776035	0.0164600311915419	27.03457236232687	58.02939157244901	42.531981967387935	0.8	0.6666666666666666	NA	741.3088369369507	434.47461144019434	446.4823890490993	486.05053441155167	410.7516253556591	247.0668282661682	190.0821441194904	100	100	6	0.15
CompressiveNMF	12	11	6.8749042588085825	6.495281190016824	0.011175143482708785	0.006510836581102734	0.00884299003190576	9.495677847075076	67.91913023524545	38.70740404116026	0.9	0.8181818181818182	NA	820.1952905654907	484.5127468569047	456.24582026527287	529.4718341800426	414.375796493803	314.70733175106164	205.14672138077302	100	100	6	0.15
CompressiveNMF	13	10	4.789274640274897	7.157686000777249	0.0049765804946122595	0.005751141005024561	0.00536386074981841	4.256731252981878	55.595202186524	29.92596671975294	1	1	0.9807787136190222	739.9504108428955	528.435559510091	453.86177090554554	574.5451293990975	414.27270324570617	293.4390301363038	172.75903565263775	100	100	6	0.15
CompressiveNMF	14	11	4.343491648903794	5.8993047545456445	0.013379345342916387	0.008115593308639656	0.010747469325778022	5.697571274581241	44.03293701287522	24.865254143728233	1	0.9090909090909091	NA	753.8497302532196	484.12466283542363	459.0393856397472	537.0413942840216	401.6100442055172	264.0677727768724	121.28915330289716	100	100	6	0.15
CompressiveNMF	15	13	5.994697603435808	5.755735298209482	0.024409494173142834	0.01257304799215479	0.01849127108264881	11.922799585805377	58.674685958791464	35.29874277229842	1	0.7692307692307693	NA	789.6590008735657	395.741704599773	435.66239059186165	438.2269724051245	404.4237889470174	274.17908306668284	222.1420887656086	100	100	6	0.15
CompressiveNMF	16	13	7.050325380582139	5.554434619539185	0.023458465933318833	0.01449309231417113	0.01897577912374498	24.934592276023636	60.14637984508604	42.54048606055484	0.9	0.6923076923076923	NA	736.880086183548	400.78793091159446	432.2877216002443	443.19172556064404	396.8867249230128	199.95521063685683	149.85679085942866	100	100	6	0.15
CompressiveNMF	17	10	4.391990316967332	6.206976350054179	0.004018829876583151	0.005823902634897921	0.004921366255740536	3.000032136306522	50.874168509572996	26.93710032293976	1	1	0.9815523468013896	707.9643294811249	527.0408197020506	455.607203622317	571.0167644534421	414.93364298299446	298.631677370978	209.53118706212774	100	100	6	0.15
CompressiveNMF	18	11	5.974496122455455	6.209587288114664	0.014109420718445316	0.010190676863466579	0.012150048790955947	9.449083760193695	54.554746575849556	32.001915168021625	0.9	0.8181818181818182	NA	835.0290122032166	485.6467313389936	453.63600503416177	535.3298525977482	403.28642309141895	311.11495420866453	160.52109193166237	100	100	6	0.15
CompressiveNMF	19	12	5.915648924473231	6.098782509517612	0.016433713596109525	0.008285163618947709	0.012359438607528618	13.282897433707504	62.08696419431826	37.68493081401289	0.8	0.6666666666666666	NA	792.8115260601044	437.3222065520963	451.5339363729781	477.2528785624682	415.28456910771587	256.7103354774313	162.52594783113986	100	100	6	0.15
CompressiveNMF	20	11	5.967227570012052	6.4688571827020445	0.01320247106092504	0.009100158346631651	0.011151314703778345	7.006383745334266	58.3541986621826	32.68029120375843	0.9	0.8181818181818182	NA	741.6883654594421	484.2813448414194	455.00989888494934	531.219449523669	407.0492382978783	279.190591841668	149.580134330211	100	100	6	0.15
PoissonCUSP_gamma	1	19.017	5.422036058295113	4.491120793748769	0.028475910234275672	0.01384621315612066	0.021161061695198165	24.462064734719092	46.624372118719265	35.54321842671918	0.9	0.47368421052631576	NA	799.8878982067108	70.10857879286833	11.168985058392677	133.12918489752965	47.06400406898654	16.01421090095289	4.299575439681804	100	100	6	0.15
PoissonCUSP_gamma	2	18.094	6.443392653231445	4.64949607946342	0.027463141987540896	0.016686431602403722	0.02207478679497231	22.380040263608276	65.545127285826	43.96258377471714	0.8	0.4444444444444444	NA	718.4154391288757	72.52673800614853	15.074641231910762	123.31509120190798	40.50805665562842	17.23897163323118	5.893731031250711	100	100	6	0.15
PoissonCUSP_gamma	3	19.068	6.792390130677927	5.047938897543023	0.028150940332250306	0.017909699484614423	0.023030319908432365	35.02317397196565	86.47726770065827	60.75022083631196	0.9	0.47368421052631576	NA	758.2615914344788	64.9003680595949	9.490653856022737	117.82245099286547	27.063307771257143	13.905212161903513	3.47896470218255	100	100	6	0.15
PoissonCUSP_gamma	4	19.008	7.521895952819042	4.410137602780143	0.029682282121175872	0.011790095793404991	0.02073618895729043	21.12308244580102	62.59065720029726	41.85686982304914	0.9	0.47368421052631576	NA	712.7472763061523	80.06731710536485	15.52782528032435	140.93288790982876	53.785593201093384	16.719526564030627	5.394112438126047	100	100	6	0.15
PoissonCUSP_gamma	5	18.038	6.97713736093906	4.552481412913352	0.02814451971058998	0.016589929360067195	0.022367224535328585	25.09827618063443	64.81210078707359	44.95518848385401	0.8	0.4444444444444444	NA	728.3387660980225	69.75310935462923	13.99176909583223	132.57968985439993	43.706569990162876	14.727606178166546	3.435982059235439	100	100	6	0.15
PoissonCUSP_gamma	6	19.01	4.790096380415692	4.167006116666437	0.029434232787707577	0.011650886655737701	0.02054255972172264	20.296226680901317	43.94533024553544	32.12077846321838	0.9	0.47368421052631576	NA	729.4966070652008	66.1390260912936	9.044620407684592	134.43202907394812	47.06759439765074	17.774222778389024	7.4302891594486695	100	100	6	0.15
PoissonCUSP_gamma	7	19.012	5.950748850850109	4.712327974242991	0.02615135636342373	0.014671837268541512	0.02041159681598262	29.84200731759842	60.58055601521132	45.21128166640487	0.7	0.3684210526315789	NA	810.8395926952362	68.48461721773131	12.823335751478348	123.09618163779821	53.2076255650687	13.37227175000119	4.044434301195877	100	100	6	0.15
PoissonCUSP_gamma	8	18.02	8.55107774134146	4.5978507941520785	0.0335292369214786	0.01796511199979029	0.025747174460634445	29.983797366755006	90.40874592602763	60.196271646391324	0.9	0.5	NA	758.6422786712646	68.10810102771048	10.446514823966366	123.20592984608199	26.62420707281363	13.099702017885344	5.42866519546668	100	100	6	0.15
PoissonCUSP_gamma	9	18.005	7.9307837942691455	4.5992562944066115	0.022541693020979713	0.017547582410701514	0.020044637715840613	29.03421465313501	104.67461497551872	66.85441481432687	0.8	0.4444444444444444	NA	780.7288904190063	69.2062492444186	12.827593953944309	110.80126633823511	50.70130757760758	15.540349508743494	4.283450349803314	100	100	6	0.15
PoissonCUSP_gamma	10	18.003	6.136275064194839	5.4526619813107455	0.0246336505067046	0.014068672909633269	0.019351161708168932	29.578189345019386	72.53939255666207	51.058790950840724	0.9	0.5	NA	848.8290224075317	60.22792491521325	15.068955410241786	106.15933983748809	29.716662713282044	12.07481748810606	3.427846087558571	100	100	6	0.15
PoissonCUSP_gamma	11	19.013	8.274730696985134	4.406210511934174	0.028414929885881537	0.01963585516429348	0.024025392525087508	31.90951293818403	86.21697614292768	59.06324454055586	0.6	0.3157894736842105	NA	785.8755252361298	70.33124229873012	14.687030671067593	125.63524497208367	40.797894926381204	15.00377598559648	5.07909178454209	100	100	6	0.15
PoissonCUSP_gamma	12	18.047	7.809401783498955	5.16985956962587	0.029064587354174342	0.013791544128537916	0.02142806574135613	35.400812554103354	76.12758398283822	55.764198268470786	0.9	0.5	NA	792.5341129302979	68.56556984362223	12.163420852344304	126.19040457092827	40.35771561501638	16.130834144898937	6.439595895526045	100	100	6	0.15
PoissonCUSP_gamma	13	18.023	6.6730719027299426	5.221458706270854	0.030249589399456163	0.010640776462562953	0.020445182931009557	35.487037273364635	61.56033342239524	48.52368534787993	0.8	0.4444444444444444	NA	711.108836889267	72.82127485055986	14.957099558753283	121.29668009772604	42.66717698069785	15.424134572959941	6.526009626998144	100	100	6	0.15
PoissonCUSP_gamma	14	18.023	5.188043096156304	5.010457490165996	0.02566320070781713	0.010289093322797562	0.017976147015307344	25.297673986132732	47.894173317135326	36.59592365163403	0.8	0.4444444444444444	NA	747.574282169342	67.35152941028394	11.965590832019599	131.371733470997	54.61439774722081	15.652107877200187	5.188688580624485	100	100	6	0.15
PoissonCUSP_gamma	15	19.015	6.740579260433769	5.048536639590014	0.025756401834873998	0.014643886240961246	0.020200144037917624	24.64938464572875	60.89740048368374	42.77339256470624	0.8	0.42105263157894735	NA	830.3268525600433	69.10569530525405	11.348308078858052	112.90681207458556	36.972887678368735	17.31202675520296	5.005157482315929	100	100	6	0.15
PoissonCUSP_gamma	16	19.003	7.514399105624912	4.988132352643581	0.027595312187881128	0.015423743852386512	0.021509528020133818	22.77671628900662	84.11750974157948	53.447113015293056	0.9	0.47368421052631576	NA	698.1901996135712	80.42802473589077	18.676039772308066	136.53796659194217	44.28533015051344	16.52560196442713	5.692799778540722	100	100	6	0.15
PoissonCUSP_gamma	17	18.014	5.7848676164325274	4.863052999694421	0.024671922892051938	0.009830058943200217	0.017250990917626077	23.864528426115932	61.98197541979219	42.923251922954066	0.9	0.5	NA	700.3145668506622	70.1426675283417	12.858339184401553	129.69982364298417	61.74042116165368	15.637017351684616	5.000455147792584	100	100	6	0.15
PoissonCUSP_gamma	18	19.066	7.125842026682668	4.792613292220185	0.025726351459671573	0.016406700684784878	0.021066526072228225	25.216997002185828	56.726989603536225	40.97199330286102	0.9	0.47368421052631576	NA	793.5889120101929	69.94482023449336	13.877158582592932	122.41448497723786	32.08885657596288	15.612826912681498	6.723548693973893	100	100	6	0.15
PoissonCUSP_gamma	19	18.043	7.006397640619476	4.797083572133183	0.024658990334125816	0.010916985068705538	0.017787987701415677	24.703585494572497	77.90944712860656	51.306516311589526	0.9	0.5	NA	767.8269305229187	68.9075771322496	11.958849807704485	113.31901924977329	30.73957949376459	15.889306544390134	4.301621599468984	100	100	6	0.15
PoissonCUSP_gamma	20	17.023	7.265178983909019	4.9381635632747916	0.027464602887593646	0.01350934672436145	0.020486974805977547	23.63956857760509	57.42307003935245	40.53131930847877	0.9	0.5294117647058824	NA	699.8568484783173	72.48485265399172	13.304692760569814	139.06782195564247	38.68874921283329	15.110087573129386	6.576846586797208	100	100	6	0.15
PoissonCUSP_gammaKC	1	18.17	5.157682149428936	4.9877330573610426	0.027811673164692356	0.010623460868419941	0.01921756701655615	21.718720130537427	47.80773526235938	34.7632276964484	0.9	0.5	NA	762.7033247947693	69.57767429133978	10.78836034314618	138.40500744056445	54.88254786476978	14.010258649095931	4.628117400118603	100	100	6	0.15
PoissonCUSP_gammaKC	2	18.169	6.55569336968272	4.575537892834517	0.027291118816528223	0.017158696127161154	0.02222490747184469	22.57523347205107	69.24050173335964	45.90786760270535	0.8	0.4444444444444444	NA	784.0201342105865	72.3438531004891	14.632161187205181	116.51675266652997	31.22454584143135	14.487046205562692	6.281023366811541	100	100	6	0.15
PoissonCUSP_gammaKC	3	18.051	6.748075355413865	5.099057140788587	0.027786022353435556	0.01780487035681457	0.022795446355125065	28.5131283829508	81.98980545708326	55.25146692001703	0.8	0.42105263157894735	NA	806.027487039566	112.66875015044441	206.23962618972078	116.06803901204592	27.760471597303063	15.235827812705926	12.012320096845153	100	100	6	0.15
PoissonCUSP_gammaKC	4	18.015	7.47342339252433	4.531021650504043	0.02867160448018181	0.01199363479299976	0.020332619636590783	18.43824184623536	63.20113826623961	40.819690056237484	0.8	0.42105263157894735	NA	702.764396905899	128.1109060207126	209.86911370012191	170.74515112860684	120.40080372105702	35.42683724890185	77.47745754579704	100	100	6	0.15
PoissonCUSP_gammaKC	5	19.009	7.0182100423246	4.394523457632049	0.031127671767954154	0.01647246762985309	0.023800069698903623	24.705882181661412	64.3957332191328	44.5508077003971	0.7	0.3684210526315789	NA	703.5275752544403	71.76179259448443	15.943997293766337	139.98801591590126	41.51938693805243	17.084683082119277	7.773868819887286	100	100	6	0.15
PoissonCUSP_gammaKC	6	17.044	4.768426799085009	4.335410527238694	0.027147402067666936	0.01094561037396742	0.01904650622081718	19.194603794069337	43.61536901230629	31.404986403187813	0.9	0.5	NA	707.3216898441315	115.50641316171594	210.16484311182253	141.56856371027672	53.833509637637164	16.29145520428327	6.9617183863154715	100	100	6	0.15
PoissonCUSP_gammaKC	7	19.041	5.902419131014717	4.723431078455071	0.02590261198810022	0.014173768611236207	0.02003819029966821	27.654929944639676	59.89635531500521	43.77564262982244	0.7	0.35	NA	758.2240884304047	114.09978978442203	201.65951582434874	129.6717438789914	50.92165770218008	20.715066298439407	18.548848433941757	100	100	6	0.15
PoissonCUSP_gammaKC	8	17.024	7.844844446950761	5.624847412247824	0.030651574349602133	0.014527794540602684	0.02258968444510241	30.096192032507503	78.48508572582621	54.290638879166856	1	0.5882352941176471	NA	701.7931220531464	68.60214380114276	11.626849085801181	121.2567713649708	27.048123365134405	14.207421837825704	5.173585325489898	100	100	6	0.15
PoissonCUSP_gammaKC	9	18.091	8.011121862776994	4.350199218123067	0.025936481822971272	0.019337361768925376	0.022636921795948325	30.7446141797265	95.0669119359248	62.905763057825645	0.9	0.5	NA	760.4074215888977	66.07385449045	12.331726894169929	111.7522288965964	29.70628826300394	14.595300346323485	5.8594574389063885	100	100	6	0.15
PoissonCUSP_gammaKC	10	18.108	6.123965089849558	5.502882623899437	0.024164631696304395	0.013188864556306938	0.018676748126305667	26.31808404213097	66.14794016481065	46.23301210347081	0.9	0.5	NA	859.1496977806091	61.48282396036308	14.363981184865247	108.01732316385399	30.53747366560555	15.509157718421001	4.6829178942502345	100	100	6	0.15
PoissonCUSP_gammaKC	11	18.008	8.175536365348702	4.52405543206718	0.02716947098280288	0.016524738202254113	0.021847104592528498	28.972064700500745	73.70023578295259	51.33615024172667	0.6	0.3157894736842105	NA	774.515830039978	119.74185966724185	213.17431704947265	155.70452870585677	126.29029858565038	33.431550545749324	84.1258944633549	100	100	6	0.15
PoissonCUSP_gammaKC	12	17.043	7.850547339299534	5.178173172032385	0.026987427951770514	0.01579967854254276	0.021393553247156638	37.60229238214688	93.3651618626268	65.48372712238684	0.9	0.5	NA	763.168509721756	120.46996616375665	207.36221830324007	131.01688085135797	45.67237057803437	18.07640201147363	10.885784164676847	100	100	6	0.15
PoissonCUSP_gammaKC	13	18.025	6.408719702085118	5.524711090850028	0.026640143233781652	0.010836903365558896	0.018738523299670275	23.42512649473276	68.0258478427173	45.725487168725024	0.9	0.5	NA	786.729353427887	73.30127449779258	17.180271627010793	123.83008205945421	41.994241984358126	14.465627031057963	6.818812822513585	100	100	6	0.15
PoissonCUSP_gammaKC	14	18.045	5.1325855419912365	5.0331590348940045	0.022871336940878673	0.008832321731301355	0.015851829336090015	22.779317256697844	46.474145191607434	34.626731224152635	0.9	0.5	NA	804.4306313991547	68.8133673326236	10.84617631277968	133.38766802606278	56.719185299177674	15.632508627204041	4.119487422679637	100	100	6	0.15
PoissonCUSP_gammaKC	15	18.125	6.73404553155686	5.088002036750843	0.02527005198728812	0.014662607528394156	0.01996632975784114	24.79757368585777	60.99216008936295	42.89486688761036	0.8	0.4444444444444444	NA	851.0733327865601	70.04233784412014	12.415266195443746	114.80641076300391	37.34901173452993	16.211962454025098	7.4791145498309115	100	100	6	0.15
PoissonCUSP_gammaKC	16	18.038	7.495512252944323	4.989530921814667	0.026202330283184517	0.01372959378262019	0.01996596203290235	23.524760314095065	60.38838307430303	41.95657169419905	0.9	0.5	NA	748.5495994091034	80.20071080287221	17.42515698280938	138.1004878861851	48.340243649128055	14.215804473432046	3.4215757898798036	100	100	6	0.15
PoissonCUSP_gammaKC	17	18.038	5.9269121090124655	4.5282082248662	0.02670889670613464	0.011811525740777894	0.019260211223456267	27.49701433707685	62.66892478307453	45.08296956007569	0.9	0.5	NA	733.5043003559113	70.84621828010845	9.381539424281838	112.95270349718406	41.101480623040914	12.948650828165377	4.640254675481569	100	100	6	0.15
PoissonCUSP_gammaKC	18	18.077	7.080559509624287	4.915036922173791	0.02504526928613142	0.01614942041153261	0.020597344848832015	23.582849252864868	57.58248035181729	40.58266480234108	0.9	0.5	NA	770.2552318572998	72.41773324862372	15.705976834274951	126.598475104152	35.78985018715585	14.19340132410246	4.2357430561303575	100	100	6	0.15
PoissonCUSP_gammaKC	19	18.033	7.065942008772419	4.6497144502424685	0.027718902963563927	0.011359471505279085	0.019539187234421506	24.56388798461698	76.65713560954597	50.61051179708148	0.8	0.4444444444444444	NA	739.3402256965637	69.8293556424462	12.35922349557267	116.90249727656094	32.23369918877108	14.98810464861026	4.136057210305357	100	100	6	0.15
PoissonCUSP_gammaKC	20	18.039	7.483031645299523	4.6274410337479805	0.026261984619028043	0.014326403125698283	0.020294193872363163	21.5199585166329	64.43742154089425	42.97869002876357	0.8	0.4444444444444444	NA	711.4015290737152	74.79568841255416	12.780330777787663	137.9211796318342	40.17734031596961	17.486345680346	6.8213152127413945	100	100	6	0.15
PoissonCUSP_invgamma	1	19	5.278379359607412	4.569343010344422	0.028566540847659114	0.012195455692763948	0.02038099827021153	25.508148517059794	45.34957424288491	35.42886137997235	0.9	0.47368421052631576	NA	736.3891816139221	69.02316301089758	10.845615054179689	131.01917380630348	39.92519243874333	180.44472911299917	196.25036189340284	100	100	6	0.15
PoissonCUSP_invgamma	2	19	6.574842183773453	4.493522276176987	0.026860777583632672	0.017174092467674533	0.022017435025653603	26.305465213850184	69.8613422259052	48.083403719877694	0.8	0.42105263157894735	NA	780.0974798202515	90.67193203401034	76.93156795360053	125.18413198170899	48.61165407676249	221.657728401608	235.10479435613473	100	100	6	0.15
PoissonCUSP_invgamma	3	19	6.877702977896591	4.93381492005351	0.028411340816732633	0.01693595553785627	0.02267364817729445	35.75694789484034	83.17989590101723	59.468421897928785	0.9	0.47368421052631576	NA	836.0631401538849	64.96321084061356	11.221988296187714	115.70900625624904	29.937773691154238	152.68616315077335	193.1819619615878	100	100	6	0.15
PoissonCUSP_invgamma	4	19	7.538880296534593	4.500327654671078	0.03057383103098167	0.012509253628311675	0.021541542329646675	22.105860201726404	61.06640594183694	41.586133071781674	0.8	0.42105263157894735	NA	708.0791268348694	77.17174739718826	14.096152829398344	143.17589464106396	50.87062540091821	251.52141914346885	324.89998896147677	100	100	6	0.15
PoissonCUSP_invgamma	5	19	7.069703303107426	4.416121233788399	0.030643957049552653	0.01698198676566136	0.023812971907607006	25.785008934984482	64.53586449979146	45.16043671738797	0.7	0.3684210526315789	NA	736.8979830741882	70.06195004092237	15.317339642467388	135.88466472959567	41.68121868954123	214.78431930345587	244.55729867860143	100	100	6	0.15
PoissonCUSP_invgamma	6	19	4.906751980534316	4.040255744127501	0.03144745279444261	0.011310047052364184	0.021378749923403398	21.316969760661422	44.22101889132764	32.76899432599453	0.9	0.47368421052631576	NA	736.5216512680054	67.53990557913343	7.412052881610386	142.25396372258928	41.87706689769426	205.032003357245	209.80677194663528	100	100	6	0.15
PoissonCUSP_invgamma	7	19	5.5684082917464375	5.228234745277705	0.021454703663000327	0.011698264855864771	0.016576484259432547	25.57637035634801	55.968922105309694	40.772646230828855	0.7	0.3684210526315789	NA	732.7450411319733	108.80588371931425	124.63658151610682	135.3858406517843	72.51672643379314	249.94348051560115	336.4203542626304	100	100	6	0.15
PoissonCUSP_invgamma	8	19	8.704973729092515	4.266107173060241	0.03512048106513025	0.017730181213694938	0.026425331139412596	31.66915602152821	90.3109694634939	60.99006274251106	0.9	0.47368421052631576	NA	741.7124960422516	69.19354912585153	11.276686981134795	125.36469373363013	33.568552502503714	177.63900414630635	154.57589608213138	100	100	6	0.15
PoissonCUSP_invgamma	9	19	7.984448595479522	4.525737907150915	0.025074046067682838	0.015256766667011196	0.020165406367347018	24.30550919083325	83.13958021343305	53.72254470213315	0.9	0.47368421052631576	NA	807.2459366321564	83.82086679706073	79.30822707641316	128.4087794489345	50.86997177113768	172.60165468479704	223.47343801063593	100	100	6	0.15
PoissonCUSP_invgamma	10	19	6.2342912802472945	5.453967633830208	0.022734851924349805	0.012871494311226694	0.01780317311778825	32.371173072584796	66.0727823191576	49.221977695871196	0.8	0.42105263157894735	NA	880.3613440990448	60.364744194560885	10.305817164686108	98.14885433310099	26.995972181491098	184.6340605431137	249.23578936808613	100	100	6	0.15
PoissonCUSP_invgamma	11	19	8.503659693799984	4.112140152451903	0.03298805937788064	0.015739894349286992	0.024363976863583815	29.984334009806034	69.72374421997951	49.85403911489277	0.6	0.3157894736842105	NA	737.2106628417969	71.78443582754126	14.69807399332982	132.59922482068907	41.30467412803801	189.43921840881598	205.98445027926016	100	100	6	0.15
PoissonCUSP_invgamma	12	19	7.733830142122224	5.343635589952801	0.026148258742453773	0.01319437094547677	0.01967131484396527	30.898453070101727	72.73208908828555	51.815271079193636	0.9	0.47368421052631576	NA	742.0823628902435	105.63793326940618	107.15909630870603	127.26881209208855	39.98756891700725	180.60220142883347	198.8200564771538	100	100	6	0.15
PoissonCUSP_invgamma	13	19	6.800085384058018	5.096703070916137	0.029370398048006754	0.011119931989589441	0.020245165018798097	36.19125399743096	62.78656560407259	49.48890980075178	0.7	0.3684210526315789	NA	824.3186869621277	91.08706544994367	81.7134618472677	127.86604855277838	46.39903028678513	185.26852469322498	250.1530094987228	100	100	6	0.15
PoissonCUSP_invgamma	14	19	5.152074169903755	5.017083046155902	0.02154453639713653	0.008697642838830582	0.015121089617983557	19.64862643941539	46.470361049133395	33.05949374427439	0.9	0.47368421052631576	NA	798.9311029911041	90.08579217419664	94.33225354126358	139.44017291638337	62.43883047348007	199.7629217656907	214.8188906548816	100	100	6	0.15
PoissonCUSP_invgamma	15	19	7.041192283350537	4.657890925085398	0.02636907659771987	0.019911933109385646	0.023140504853552755	25.397198419815304	65.9658422286345	45.681520324224905	0.7	0.3684210526315789	NA	839.183057308197	88.40921693272094	79.13891375280474	117.67322186968097	30.486729282275103	179.35963268787862	208.02744234979718	100	100	6	0.15
PoissonCUSP_invgamma	16	19	7.771568111798326	4.629977186402555	0.0283872085124904	0.01814823380710851	0.023267721159799457	27.277884958949873	65.49266690329281	46.38527593112134	0.9	0.47368421052631576	NA	726.6345853805542	98.03366681359256	82.09679027244681	146.21654000930147	60.47168115289991	160.83696502289368	185.8759002369613	100	100	6	0.15
PoissonCUSP_invgamma	17	19	6.093348891507993	4.387379116986253	0.025184606519049836	0.014319707051977318	0.019752156785513578	26.12147087715575	75.21076267311088	50.66611677513332	0.9	0.5263157894736842	NA	730.3375556468964	91.74923000497655	92.01170626647115	118.50793459536683	40.84918191597476	104.68419318299563	119.13449100843185	100	100	6	0.15
PoissonCUSP_invgamma	18	19	7.115647767651962	4.862166321078665	0.024229736551808392	0.016467916636472332	0.020348826594140362	23.398735811651513	55.7905287775919	39.594632294621704	0.9	0.47368421052631576	NA	793.6609225273132	89.12804089378695	77.5053694184704	124.80428138111161	34.928012645268694	192.92708615715227	205.63803387820747	100	100	6	0.15
PoissonCUSP_invgamma	19	19	7.134865164263244	4.580935955315666	0.027798605757222268	0.013639796921989956	0.020719201339606114	22.545164370591237	65.38782242068332	43.96649339563728	0.8	0.42105263157894735	NA	824.6920492649078	88.12656905930797	90.70076486473327	136.3794286763519	66.70619061678671	187.37350367234964	196.08558986226183	100	100	6	0.15
PoissonCUSP_invgamma	20	19	7.424318841864195	4.729547344445502	0.023328148581181866	0.0140878108384648	0.01870797970982333	19.02295093175065	60.80527219877113	39.91411156526089	0.9	0.47368421052631576	NA	716.4589674472809	114.67648190937804	119.75170789427096	149.48195548846536	53.69481104799966	261.92829318974896	300.60981732122656	100	100	6	0.15
PoissonCUSP_invgammaKC	1	17.445	5.334866328801762	4.752820070334951	0.024517454524178754	0.012720738573903283	0.01861909654904102	24.99055478113288	44.80744449503046	34.89899963808167	0.9	0.5294117647058824	NA	306.7991509437561	61.01050931145521	20.078249231576322	90.00957360799262	57.544086562042274	231.7298924887015	284.4440820608763	100	100	6	0.15
PoissonCUSP_invgammaKC	2	17	6.445674931336449	4.676496544065701	0.026345632631422023	0.01600986776046342	0.021177750195942723	23.501412283798818	63.50024040065125	43.50082634222503	0.7	0.3888888888888889	NA	311.98475551605225	118.1560741234538	212.05777776780997	146.11370901577115	113.51829622818302	157.3128959922303	237.86669496518655	100	100	6	0.15
PoissonCUSP_invgammaKC	3	19.419	6.748844908892781	4.970756759119028	0.026952233205952175	0.016122591476635497	0.021537412341293836	33.06448658588844	76.17344530934152	54.61896594761498	0.8	0.42105263157894735	NA	394.25124526023865	60.24875331326102	13.446453539796767	98.17257944110987	40.912979712969594	96.95870522829763	180.46235167089498	100	100	6	0.15
PoissonCUSP_invgammaKC	4	20	7.599077740306061	4.367569759986834	0.029143909031074396	0.012625851022259191	0.020884880026666795	19.63799003007221	63.99810750563633	41.818048767854265	0.8	0.38095238095238093	NA	280.7602298259735	122.89387495114165	196.25364752882973	160.4660429892239	91.25171821347236	201.40295328598185	233.74312053865563	100	100	6	0.15
PoissonCUSP_invgammaKC	5	19.531	7.12507688552305	4.36941420267519	0.029487029420186932	0.017322053416079793	0.023404541418133362	22.869499680146756	66.28088582832724	44.575192754237	0.8	0.42105263157894735	NA	307.1263065338135	54.09546579360081	20.692511245195316	85.29879332425013	60.254803679868516	137.85887578755893	123.02914910067956	100	100	6	0.15
PoissonCUSP_invgammaKC	6	20	5.0140166731199	3.7900176218632033	0.029954271131810935	0.012888477253761407	0.02142137419278617	20.50189934863065	48.2648725039229	34.38338592627677	0.9	0.42857142857142855	NA	321.7049536705017	109.80496099591417	199.45372103488972	143.26362987073253	88.55841999708717	123.42310937043524	160.49113124308673	100	100	6	0.15
PoissonCUSP_invgammaKC	7	16.999	5.602466287537919	5.252531751069532	0.02167744418070209	0.011719384794134712	0.0166984144874184	25.51058346852394	58.988809215873516	42.24969634219873	0.8	0.4444444444444444	NA	314.68913531303406	118.88606637255123	211.6575606871917	154.2747311977075	113.91760620171593	237.44538816072514	286.14260652290477	100	100	6	0.15
PoissonCUSP_invgammaKC	8	19	8.612151202673124	4.4928773155671635	0.029540956392239394	0.02030438172508403	0.024922669058661712	35.899886002501006	105.7942822101916	70.8470841063463	0.9	0.45	NA	308.3393943309784	111.18756774025539	201.2926930439124	133.82769482540647	122.1188557171188	155.46807740726072	185.07580948980285	100	100	6	0.15
PoissonCUSP_invgammaKC	9	19.258	8.13773301710049	4.209977008612692	0.024851495161778123	0.019744107061949647	0.022297801111863885	33.17829439115745	97.65982240529415	65.4190583982258	0.8	0.42105263157894735	NA	332.8030161857605	50.70261833460915	16.009944538379173	69.81949584589742	45.916370167105455	90.57533188072742	119.01499548243451	100	100	6	0.15
PoissonCUSP_invgammaKC	10	20	6.265900950990524	5.322616144521924	0.023654477124869143	0.01286471008203542	0.018259593603452282	29.518027739458425	71.01493390458714	50.266480822022785	0.8	0.38095238095238093	NA	405.0107262134552	103.11838172015969	201.43499173391214	121.47533559730564	110.34854798645652	152.54489165639004	229.97115743298	100	100	6	0.15
PoissonCUSP_invgammaKC	11	19	8.334751860738082	4.3394942999903074	0.027468710934024417	0.015616786016230025	0.021542748475127223	29.06030949600716	71.49554721512072	50.277928355563944	0.6	0.3	NA	305.9677300453186	113.71058332232553	202.33605628057617	151.9756892821345	130.9709376413106	170.19547515401527	166.82121890864263	100	100	6	0.15
PoissonCUSP_invgammaKC	12	16.163	7.763394217074339	5.391988473081807	0.025153087729573267	0.015900149701015675	0.020526618715294473	42.74916421053549	100.12144071360616	71.43530246207082	0.8	0.5	NA	302.18123292922974	52.973839723872636	21.705397588821366	87.72085183560777	69.63129753392512	202.1510978978481	259.65857532149784	100	100	6	0.15
PoissonCUSP_invgammaKC	13	16.999	6.758347357301659	5.225107923713524	0.026576874348084516	0.012313390026543192	0.019445132187313856	34.72486818735847	61.348391191800225	48.03662968957934	0.6	0.3333333333333333	NA	283.06927371025085	123.81961507905307	210.60515236141327	143.21601893942284	102.4511193849685	172.7002298145689	161.07687937673182	100	100	6	0.15
PoissonCUSP_invgammaKC	14	17.818	5.178428103027933	5.045737040819305	0.02213344318448571	0.008839567787655914	0.015486505486070813	21.973879113528174	46.52501088795075	34.24944500073946	0.9	0.5294117647058824	NA	305.0220000743866	65.8433721812009	11.640153322002531	128.1003390460574	59.439326341325675	186.72827257121563	217.4304644204903	100	100	6	0.15
PoissonCUSP_invgammaKC	15	17.997	6.923464775288063	4.990577705892881	0.022848033293999058	0.013746866663114416	0.018297449978556736	31.93651477035852	66.23637748032614	49.086446125342334	0.9	0.47368421052631576	NA	316.1397008895874	116.9560201440441	212.38389535869283	132.6353303619984	112.22867067853865	155.5269987804619	193.98051942124943	100	100	6	0.15
PoissonCUSP_invgammaKC	16	19	7.846333433172533	4.516109031873757	0.02783070824742983	0.017651491109638387	0.022741099678534108	29.273938730235876	66.3627757628434	47.818357246539634	0.8	0.4	NA	286.1522161960602	124.5314540731227	202.51225649360345	142.30145812072476	90.92821023195756	145.09581766575278	136.27103130850762	100	100	6	0.15
PoissonCUSP_invgammaKC	17	18.583	6.034110261694804	4.4131289557375055	0.027874062941581446	0.013033383415697087	0.020453723178639267	24.19046297710069	59.68250813296223	41.93648555503146	1	0.5555555555555556	NA	306.23942375183105	61.106796174750144	22.66512591236346	78.58985708497521	52.80295313703568	109.8789848079178	99.13949625452483	100	100	6	0.15
PoissonCUSP_invgammaKC	18	19.607	7.2029794145249255	4.719043720168315	0.027305700516704404	0.016814878151854153	0.022060289334279278	25.10373501760636	57.89435098241345	41.499043000009905	0.9	0.47368421052631576	NA	360.89210772514343	57.927368616122024	21.31342313965715	88.47251765050443	55.41355451874224	262.6003706040542	268.2105392031173	100	100	6	0.15
PoissonCUSP_invgammaKC	19	18.222	7.024250325259772	4.826002114742672	0.024498132761120027	0.013982489851045036	0.01924031130608253	23.161022137171155	67.14448025639153	45.152751196781345	0.8	0.4444444444444444	NA	302.1305284500122	83.60185290154168	89.17755389820101	109.97339886192452	38.357611619166605	132.02117610073182	179.46691567038556	100	100	6	0.15
PoissonCUSP_invgammaKC	20	19	7.344884688880437	4.9019442427340145	0.024663820752454463	0.01248987498270928	0.01857684786758187	21.641371728107405	61.800576205579645	41.72097396684352	0.8	0.4	NA	282.25266909599304	116.81263242200652	200.68802821954824	132.03863329520183	52.56184449314206	222.40804652276907	320.2777379247103	100	100	6	0.15
PoissonMGP	1	12	4.3062650350297815	5.883005363036591	0.012048284131363947	0.007432801598002086	0.0097405428646830175	9.647708474804698	43.69305765858505	26.670383066694875	1	0.8333333333333334	NA	675.8517627716064	77.10936411567755	13.49230535425091	164.38766017423043	59.608659020329874	26.78839740693595	7.076763217674742	100	100	6	0.15
PoissonMGP	2	14	5.945559580676697	5.466829417785055	0.016140806631724208	0.010813369136298536	0.013477087884011373	17.356656897693526	56.80472487200215	37.08069088484784	1	0.7142857142857143	NA	729.5702774524689	77.65738864503003	18.422934101254967	130.79028100743713	52.90922856841694	34.1806687703426	10.471130336380565	100	100	6	0.15
PoissonMGP	3	13	5.712557718724347	6.326495251146418	0.01673163614470168	0.009820907227357874	0.013276271686029777	18.917922773382575	61.67644916621	40.29718596979629	1	0.7692307692307693	NA	753.8759195804596	68.80085816270332	13.866152556166643	139.86903455520633	56.44523069537662	32.6883810834365	8.707202758698749	100	100	6	0.15
PoissonMGP	4	12	6.201160902654972	6.5776442579870755	0.008992384559323472	0.005442972862379357	0.007217678710851414	5.275446794690088	53.86092374657799	29.56818527063404	1	0.8333333333333334	NA	664.3649094104767	93.9097153490462	16.772104070089892	191.23124766261526	93.83889531041356	32.18619332205979	13.481080081634222	100	100	6	0.15
PoissonMGP	5	14	5.908247459088492	5.88776577153004	0.01884921356127567	0.010901734007829195	0.014875473784552432	18.813402172511523	55.387586505800556	37.10049433915604	0.8	0.5714285714285714	NA	720.6475653648376	75.92459762763598	19.79233475395881	156.26241781532968	64.36334257905804	32.68950483435149	12.688075247402145	100	100	6	0.15
PoissonMGP	6	13	3.8556587857608227	5.305189795047904	0.017110406850858535	0.0077444658983902345	0.012427436374624384	11.086048453098355	39.628675147358436	25.357361800228396	0.9	0.6923076923076923	NA	674.3021564483643	68.8291142745883	10.463449069434839	154.46012464953535	59.50464576102011	29.628844759363094	14.998172729704448	100	100	6	0.15
PoissonMGP	7	13	4.398267976889328	6.405084980534146	0.009993017811892371	0.006241690167378361	0.008117353989635366	10.726553015025445	59.19891444812688	34.962733731576165	1	0.7692307692307693	NA	686.7662854194641	78.68661950893633	19.65234416959127	159.2872606425473	91.05686502367027	26.846751408772437	11.07786638036416	100	100	6	0.15
PoissonMGP	8	14	7.365631308184796	6.360747836569879	0.018784199072518833	0.011677770445691594	0.015230984759105212	21.88639097582546	78.7416996683098	50.314045322067635	1	0.7142857142857143	NA	717.8720703125	73.18378496842934	11.969183635384448	128.7327145536586	41.88941889882542	34.023292179935574	9.171333338391484	100	100	6	0.15
PoissonMGP	9	15	7.71512749580137	5.1116306647571825	0.01840376664613976	0.009465053386205438	0.0139344100161726	22.97172141670027	62.6706078288766	42.82116462278843	1	0.6666666666666666	NA	710.4906091690063	71.04674696566838	17.278180206994673	125.6392256010389	56.39560257381345	33.76787932892315	13.718963494382791	100	100	6	0.15
PoissonMGP	10	14	5.073920119945695	6.658756415870052	0.013474544563371162	0.009099609582834239	0.0112870770731027	21.623977469159467	60.087673934390345	40.855825701774904	0.9	0.6428571428571429	NA	772.3134934902191	64.75325657672556	13.697579689759873	117.64299633483873	46.795461518003684	26.949406979000507	12.108262842798046	100	100	6	0.15
PoissonMGP	11	14	6.840293049319855	6.298021886374046	0.017323080898640205	0.011230423912261301	0.014276752405450753	26.682363209947603	56.27024652981298	41.476304869880295	0.8	0.5714285714285714	NA	683.3964149951935	77.20995419279812	16.7650372995237	147.0695473383896	60.886757818015234	31.011907759726373	11.403059380042833	100	100	6	0.15
PoissonMGP	12	13	7.030360920334794	6.352421584229354	0.012831699018472099	0.006625350452321219	0.009728524735396659	11.243897256432279	66.39311911400007	38.818508185216174	1	0.7692307692307693	NA	715.6650216579437	80.66645564588441	15.900279221190582	151.4217350813853	68.16431689974166	39.026343664244415	13.252148935336155	100	100	6	0.15
PoissonMGP	13	15	6.204301017688206	5.911501345300479	0.022111994663126584	0.009022507681931503	0.015567251172529044	27.94102535221003	59.14308256762126	43.54205395991565	0.8	0.5333333333333333	NA	690.3194007873535	79.07981301361147	15.75747418851232	131.02082863165455	51.17425177592218	31.833331499654722	12.346400223920043	100	100	6	0.15
PoissonMGP	14	14	4.387876935726207	5.867387737275813	0.01241936591487823	0.006452309401747459	0.009435837658312844	16.436248771128934	44.18883873062275	30.31254375087584	1	0.7142857142857143	NA	694.3526744842529	76.03825608251695	19.119073064874318	158.59957458712387	88.18322436570811	35.67934560958634	10.996611013451712	100	100	6	0.15
PoissonMGP	15	15	6.3047172810454715	5.852138525554826	0.018737602038406413	0.015386007588479893	0.017061804813443153	26.111678467961468	65.37991095664908	45.745794712305276	0.7	0.4666666666666667	NA	770.0730834007263	71.75466276881401	16.488710508839898	127.41334605698685	62.93695955276853	32.921691086257674	13.895058476316876	100	100	6	0.15
PoissonMGP	16	13	5.83951782050735	6.84052042315368	0.014273464390347792	0.0075556345721299045	0.010914549481238848	13.905677833817354	47.709299996760564	30.807488915288957	1	0.7692307692307693	NA	704.5618054866791	88.06164196757645	16.499725666848644	150.357876994316	64.68582018787946	35.48085316973747	5.94682657211224	100	100	6	0.15
PoissonMGP	17	12	4.60862707392261	5.935625885001079	0.01336381349941061	0.005263330166648372	0.009313571833029492	11.729301832692274	51.87866969116924	31.803985761930758	1	0.8333333333333334	NA	655.4694833755493	81.0121490645723	14.170877953122805	152.4101462720687	83.55255823675724	33.68497242029818	7.894719200786397	100	100	6	0.15
PoissonMGP	18	15	6.771028926453485	5.36154206890983	0.01969499632551017	0.014277731116405968	0.01698636372095807	19.730714586381573	52.4902740225825	36.11049430448203	0.9	0.6	NA	771.9108235836029	75.6711320435723	18.39764952407341	142.035910098831	43.43049851366235	35.6213609485109	12.546601448836922	100	100	6	0.15
PoissonMGP	19	15	6.868337388633893	5.132317059538897	0.02020611980523062	0.012943765564436924	0.016574942684833772	19.282525663645078	64.04959067974002	41.66605817169255	0.8	0.5333333333333333	NA	712.4409322738647	75.59784613521799	14.462245076179448	127.01899647095571	31.25631365600041	33.293528873995506	10.810148733280794	100	100	6	0.15
PoissonMGP	20	13	5.896681511531908	6.285258822343412	0.01313957269109557	0.007532580026649583	0.010336076358872577	15.900047492290378	53.9648861057407	34.93246679901554	1	0.7692307692307693	NA	664.5336480140686	76.8713160740901	13.552403264100771	132.7130663440201	55.847507431712486	23.225548404822465	8.76493121517301	100	100	6	0.15
CompressiveNMF	1	10	4.299904127317027	6.968451461205004	0.002435581389881297	0.004212269788738663	0.0033239255893099803	2.151736739614775	46.41077892397621	24.281257831795493	1	1	0.9877004394378828	1932.0015470981598	508.8849557378824	444.6593943735001	607.38199216113	386.5430117377805	322.88204522560727	129.91135910826478	200	100	6	0.15
CompressiveNMF	2	10	4.75436763345756	6.564561552239014	0.0029450198845803305	0.004925724475710472	0.0039353721801454015	3.763474079226414	50.60253493291114	27.183004506068777	0.9	0.9	0.984125941444211	1924.5897653102875	507.24918146024675	447.40749661541287	604.2058442773321	394.141259420692	307.91638220032263	119.41120091809455	200	100	6	0.15
CompressiveNMF	3	12	5.793568882626155	6.414422259501036	0.021709707570357062	0.00772970319225569	0.014719705381306375	7.022619479532795	55.34328112617249	31.182950302852642	1	0.8333333333333334	NA	1961.136234998703	421.101995452619	434.06337185524893	509.84601492091974	400.29142205865446	261.82170731509177	191.62376220420848	200	100	6	0.15
CompressiveNMF	4	11	4.440495200331161	6.05401663933437	0.01356648831807857	0.0061245585894276035	0.009845523453753087	4.905947670909439	49.12125246542492	27.01360006816718	1	0.9090909090909091	NA	1957.5277466773987	465.0944989702136	442.7674179553998	578.9130548307423	377.6017375419312	286.7130512996545	198.813335958647	200	100	6	0.15
CompressiveNMF	5	10	4.401796361256385	6.169419989955925	0.003189595719912583	0.004671655073910155	0.003930625396911369	2.510903052923818	48.773631383612354	25.642267218268085	1	1	0.9857788496801461	2006.9681279659271	505.477180532504	450.9607466443306	589.2452725928225	405.8963159714579	270.15686378959003	129.48831873532438	200	100	6	0.15
CompressiveNMF	6	11	7.526519663849533	8.236239832490183	0.013728954695681214	0.006068262230928825	0.009898608463305019	4.188622154714716	68.39850393815453	36.29356304643463	1	0.9090909090909091	NA	2035.0783903598785	461.52980404627135	444.39870637660977	561.1223354438177	392.6077190854931	284.6117332364121	158.57875595474502	200	100	6	0.15
CompressiveNMF	7	10	4.248340606738015	6.016315554650372	0.003426203833920624	0.004042912306386703	0.003734558070153664	3.536984815236236	46.39602762816149	24.966506221698864	1	1	0.9838209633755068	1972.0538165569305	510.2074897890862	444.17169267086905	607.0111204764257	384.57556992426726	298.4804112917736	126.78231546596984	200	100	6	0.15
CompressiveNMF	8	11	5.137093348380839	6.289149963485802	0.014680064109773327	0.006591491952510886	0.010635778031142107	7.662020447437457	49.13055822731148	28.39628933737447	1	0.9090909090909091	NA	1874.8218290805817	463.87309274348553	447.30031468470906	556.3066591632578	397.64889930995844	260.45964501062826	134.59353964702177	200	100	6	0.15
CompressiveNMF	9	12	5.436747888032772	6.256339454549279	0.023415226364688305	0.00757405542233675	0.015494640893512528	7.978212586644076	49.15955088750403	28.568881737074054	1	0.8333333333333334	NA	1861.190007686615	425.38584724771414	434.42505851227196	533.6212614724461	383.6213334102134	339.891492355731	198.22502692881184	200	100	6	0.15
CompressiveNMF	10	12	6.799419682457477	6.224906672304444	0.018544886591189927	0.011987732454994963	0.015266309523092445	13.947959791228326	69.31604900755664	41.632004399392486	1	0.8333333333333334	NA	1977.4846737384796	415.7545377052578	440.19428815905644	499.31814473205196	405.63212583361627	208.12703739445348	144.47466056489517	200	100	6	0.15
CompressiveNMF	11	11	5.341967178357602	6.892777644154	0.01317216727906893	0.005305156823350941	0.009238662051209936	6.194070771115922	49.13300040651339	27.663535588814657	1	0.9090909090909091	NA	2020.960960149765	464.34502315717265	446.78523683158073	547.3452575903935	413.55334711841397	277.49239524814806	207.32070691605912	200	100	6	0.15
CompressiveNMF	12	11	4.804657832593511	7.051326319323484	0.014742724655218923	0.005205372353120311	0.009974048504169617	7.486118766512013	50.70119726056483	29.093658013538423	1	0.9090909090909091	NA	2080.3203167915344	462.40386111800655	448.48036575374994	550.833324131426	402.12886210690647	253.108286500584	130.8933829573522	200	100	6	0.15
CompressiveNMF	13	10	4.433069389963566	6.928354472054735	0.0027484881728057652	0.005562732176764355	0.00415561017478506	4.627926257557565	46.681983964619306	25.654955111088434	1	1	0.9867570233893073	1975.791382074356	508.56783498553864	446.21630197259043	603.722004211944	395.29271208729324	308.6316158147368	165.18214859653074	200	100	6	0.15
CompressiveNMF	14	11	4.421185231014817	6.418360114922708	0.01379382397711718	0.005136599097027008	0.009465211537072095	2.8386074521920435	47.20378728048314	25.021197366337592	1	0.9090909090909091	NA	1959.3672177791595	465.01960888951464	439.67764016187385	563.1877943020833	394.9356922432251	300.72782742592096	161.21814522071958	200	100	6	0.15
CompressiveNMF	15	10	4.221115251521624	6.845860635206396	0.0027112517735535186	0.004668287222651502	0.0036897694981025105	5.200027354113393	46.578993497171595	25.889510425642495	0.9	0.9	0.9842559231498115	1917.0745725631714	511.8783734093578	448.6209053597838	607.348385580586	392.36998453076393	304.80995236135715	150.21491636352903	200	100	6	0.15
CompressiveNMF	16	12	6.882711260852005	5.886919963162055	0.022433957560620926	0.010449261246175014	0.01644160940339797	13.448178905543575	56.32686967191595	34.887524288729765	1	0.8333333333333334	NA	2049.9204289913177	415.41331932563287	436.61477200716666	511.2192749597932	394.1129691303092	253.95677979234708	130.78912429790614	200	100	6	0.15
CompressiveNMF	17	11	5.35808999288176	6.781891061650926	0.01398737282163519	0.004874423965363212	0.009430898393499202	3.836714018070293	53.78124942592625	28.808981721998272	1	0.9090909090909091	NA	2053.6513068675995	462.91675082897416	446.90032280615816	560.4904829812425	397.48430075216464	300.9887041803445	173.69157120645846	200	100	6	0.15
CompressiveNMF	18	12	6.523468323009009	6.027027474961657	0.02209108286643895	0.011071168564624269	0.01658112571553161	10.628344933073903	60.36823733092648	35.49829113200019	1	0.8333333333333334	NA	1983.0563850402832	418.15179881412905	437.64831158528597	504.68956938184556	402.97028551476274	282.58981370051646	202.05186972845613	200	100	6	0.15
CompressiveNMF	19	10	4.050341469723074	6.192052557587023	0.0025758659163433685	0.0039746802839496255	0.003275273100146497	1.5118181224917084	45.071022475895695	23.291420299193703	1	1	0.9910042255421172	1876.3108994960785	509.17324371130525	447.6955817042887	612.2744502277966	381.7206866813778	327.46253351120976	175.34782472006714	200	100	6	0.15
CompressiveNMF	20	11	4.656197623522904	5.559013543836756	0.012843108153331138	0.007498735558479424	0.01017092185590528	6.1248233256845	48.71982066276958	27.42232199422704	0.9	0.8181818181818182	NA	1945.144348859787	463.18175117203015	448.477684794482	557.508047451921	402.5470108539784	261.552905220555	123.37776229169954	200	100	6	0.15
PoissonCUSP_gamma	1	18.016	6.213336219788395	5.13084370820555	0.033216870005835446	0.012305289369219345	0.022761079687527396	23.087513953188214	60.583796120071085	41.835655036629646	0.9	0.5	NA	1463.057357788086	56.256313988340125	14.280014597349938	172.1723146269174	75.91292510552766	12.742368157854484	4.856752444368871	200	100	6	0.15
PoissonCUSP_gamma	2	19.002	6.362678748859402	4.662252851131127	0.03435426866648119	0.015231376651741341	0.024792822659111265	21.887240169644375	73.47676528801708	47.682002728830724	0.9	0.47368421052631576	NA	1470.8297686576843	55.54115566138518	15.67366485028684	151.35409441738076	32.81029717105778	14.340744279396075	4.153346705499864	200	100	6	0.15
PoissonCUSP_gamma	3	18.018	7.245723689071979	4.842373668563954	0.0368284861366869	0.017436486579325085	0.02713248635800599	26.544437953461	72.26332552974685	49.403881741603925	1	0.5555555555555556	NA	1435.8375442028046	62.72424605954866	16.877581351563563	177.83281068027804	33.59296769671228	14.186203893526374	5.435028547898275	200	100	6	0.15
PoissonCUSP_gamma	4	19.009	5.925561102884205	4.587190694941731	0.03231604252435212	0.017988244854064077	0.0251521436892081	16.27973429661099	63.738480799376525	40.00910754799376	0.9	0.47368421052631576	NA	1561.1011950969696	56.18010455254557	13.233568393957055	168.9948391742448	44.253812265340244	11.655443174115323	4.102408794109373	200	100	6	0.15
PoissonCUSP_gamma	5	19.008	6.191593179875002	4.198218036953308	0.03579282630214621	0.012869473695032888	0.024331149998589548	26.94085547526487	59.527188387454544	43.234021931359706	0.9	0.47368421052631576	NA	1586.4724926948547	51.11798047146509	11.826914322834272	141.88474441829027	35.326552338211556	12.690811035797305	3.650845522150828	200	100	6	0.15
PoissonCUSP_gamma	6	18.001	10.457475849429294	5.012616976050882	0.029307507373764002	0.01502931932726834	0.02216841335051617	18.77567089936413	83.64714937065878	51.211410135011455	0.8	0.4444444444444444	NA	1518.4369986057281	54.83703464298087	15.409525163045883	155.18895709102443	43.241645831424	13.91746162018221	3.9847751934936277	200	100	6	0.15
PoissonCUSP_gamma	7	19.01	5.577101608665772	4.527439996690836	0.03254767808764991	0.013564735135727706	0.02305620661168881	16.361975452635306	57.835231250772715	37.098603351704014	0.9	0.47368421052631576	NA	1449.8430452346802	59.57907791529211	14.39783310840331	160.58334023098124	31.52824489173527	14.600317497817336	4.9776343603782935	200	100	6	0.15
PoissonCUSP_gamma	8	18.006	6.316742460277524	5.077051703226746	0.031441957414418915	0.0138778489458508	0.022659903180134857	26.211111196757443	59.311954273289075	42.76153273502326	0.8	0.4444444444444444	NA	1410.1421194076538	53.66716441670778	10.787242600407035	158.50441693631169	62.48239189873431	13.109400113727327	5.899124802187667	200	100	6	0.15
PoissonCUSP_gamma	9	19.003	6.679068522324167	5.065185242099282	0.03696676553226444	0.012557543647259386	0.024762154589761914	29.55499682867212	77.0669228475052	53.31095983808866	1	0.5263157894736842	NA	1487.6914629936218	62.16526377819255	13.900401507606075	168.18338170338475	80.79636172433591	13.587237396587268	4.445537398991978	200	100	6	0.15
PoissonCUSP_gamma	10	19.062	8.048980506663524	4.710130627192493	0.03307985846924591	0.020979232906005972	0.02702954568762594	30.552459809387113	82.35218028843651	56.452320048911815	0.9	0.47368421052631576	NA	1434.4340679645538	54.26273739640954	11.706261035408055	147.16688275939097	43.5954320305799	11.633765002978057	4.485953117967748	200	100	6	0.15
PoissonCUSP_gamma	11	19.021	6.8436494832497194	5.618884151074659	0.032536362803379355	0.011864709907711954	0.022200536355545655	27.174944719379145	80.35450260893761	53.764723664158375	0.9	0.5263157894736842	NA	1606.3126080036163	52.604474077845346	14.507943135152862	151.29356446939622	76.17781709381886	12.216971125035126	4.512946855479211	200	100	6	0.15
PoissonCUSP_gamma	12	19.063	7.008496988300535	4.61654779283884	0.035198468150393625	0.019683940365553466	0.027441204257973546	24.504139841859377	83.45869391818643	53.981416880022906	0.8	0.42105263157894735	NA	1645.871212720871	51.59301091183562	12.439717200104399	160.697666363717	44.09684089066571	13.939339216556212	4.529969204355276	200	100	6	0.15
PoissonCUSP_gamma	13	18.137	6.024349154852481	5.3433118279128085	0.029890711124382723	0.013684399753195407	0.021787555438789064	28.947971465563505	60.06723442702736	44.507602946295435	0.8	0.4444444444444444	NA	1446.3909935951233	55.75118622713421	16.619799435996747	161.15522450855556	77.89669766127678	11.660688329173079	4.75559013151949	200	100	6	0.15
PoissonCUSP_gamma	14	19.018	5.959712319087061	4.857297012113603	0.03441626465255647	0.015362858072785692	0.02488956136267108	20.850166850281344	65.06099011143448	42.95557848085791	0.9	0.47368421052631576	NA	1531.4004340171814	58.470810287618434	12.74331062043287	155.51922925932695	34.94981744650002	12.513115916666598	3.806872735991593	200	100	6	0.15
PoissonCUSP_gamma	15	19.004	6.039287343198946	4.9841806132425	0.036153986521215285	0.014492458329711569	0.025323222425463428	28.01783421838879	56.11573993452019	42.06678707645449	0.9	0.47368421052631576	NA	1429.404380083084	57.5220810968394	14.756478478721075	149.614066031443	44.41042030494824	12.93979805819199	5.868958344485674	200	100	6	0.15
PoissonCUSP_gamma	16	19.003	7.809092800403374	4.777807942861724	0.03624252847934156	0.016031871065747764	0.026137199772544664	28.28560506132111	71.298885975314775	49.79224551831794	0.9	0.47368421052631576	NA	1600.610421180725	53.186029133478705	13.702285323824684	166.05313771811095	56.1394120927192	13.616582941792352	5.388291452460817	200	100	6	0.15
PoissonCUSP_gamma	17	19.006	6.953623521140979	5.009981259049527	0.030701161343131934	0.011659502788402266	0.0211803320657671	23.22198337516489	62.48272049419045	42.85235193467767	0.9	0.47368421052631576	NA	1588.6795020103455	49.648713343768506	10.36790434413507	151.7581770847602	74.99912402776692	12.505884801112014	5.765001124182369	200	100	6	0.15
PoissonCUSP_gamma	18	19.005	7.428933437978426	4.899539738358429	0.03290229692994974	0.017271122973574225	0.02508670995176198	22.433648586538318	72.2106628109746	47.32215569875646	0.9	0.47368421052631576	NA	1596.9262008666992	53.39954743928187	13.97983026016207	151.14999583421297	42.878805605685265	13.43465277694074	4.542299161656234	200	100	6	0.15
PoissonCUSP_gamma	19	18.003	5.571192703577936	4.676547599652144	0.030854476003130626	0.013630523355601384	0.022242499679366007	17.911396509897727	60.731083572996816	39.32124004144727	1	0.5555555555555556	NA	1416.5056030750275	59.71139364256562	15.080977955643506	167.98597037880185	36.51620760372068	12.854497813690053	4.345881313868565	200	100	6	0.15
PoissonCUSP_gamma	20	19.003	5.675426993755377	4.240241308918298	0.03301568530728679	0.013626471665385923	0.023321078486336355	19.674618267348194	54.43182292398339	37.05322059566579	0.8	0.42105263157894735	NA	1470.4323768615723	55.13452525612623	10.621670828836411	155.9955366091338	50.97886032155704	12.787487151386577	4.744523723875628	200	100	6	0.15
PoissonCUSP_gammaKC	1	18.021	6.036245494501837	5.315315204067504	0.02899871617253228	0.011158660493216857	0.02007868833287457	23.623817646654732	57.425918556847336	40.52486810175103	1	0.5555555555555556	NA	1580.305403470993	55.36976105367238	13.303315005258641	165.11822212487274	74.69740519808106	14.353255686676155	4.344357136793361	200	100	6	0.15
PoissonCUSP_gammaKC	2	19.023	6.330347492526394	4.633377815516303	0.03141658221782335	0.017825735849488756	0.024621159033656054	21.89878175273317	76.0232894964228	48.96103562457799	0.9	0.45	NA	1457.453696489334	99.11070300085625	200.98447292318963	158.14542603149786	80.54554408047362	24.25109013666727	44.770856029579065	200	100	6	0.15
PoissonCUSP_gammaKC	3	18.019	7.28690643208395	4.8099711389380015	0.038031310790301594	0.018059231996938707	0.02804527139362015	27.204678730506725	73.79017767958246	50.49742820504459	1	0.5555555555555556	NA	1482.5567483901978	58.87977893970514	16.498504942592547	174.20496183143317	39.96679506924157	12.716675375966005	3.766126013492685	200	100	6	0.15
PoissonCUSP_gammaKC	4	18.01	5.947169485267688	4.563783853013185	0.029765482654064365	0.017093894149672707	0.023429688401868536	16.75639730916149	59.537050099134916	38.1467237041482	1	0.5263157894736842	NA	1492.3417177200317	104.76064399002706	202.3020541406008	186.7365255513222	71.44943203076208	21.259001749047712	36.701173975801794	200	100	6	0.15
PoissonCUSP_gammaKC	5	18.021	6.23489751538692	4.1805815555904156	0.03401301661534133	0.015785727053365575	0.02489937183435345	26.192118556963376	60.25108608981928	43.22160232339133	0.9	0.47368421052631576	NA	1557.6464440822601	100.59112512166075	210.61563178173697	165.56491534664633	63.338282211488014	20.81653230029408	36.42243122841686	200	100	6	0.15
PoissonCUSP_gammaKC	6	18.078	10.666209908455864	4.812627966573299	0.03126414774674612	0.015276169394778093	0.023270158570762107	18.584495972317523	83.86507894006137	51.224787456189446	0.9	0.5	NA	1555.8430299758911	55.881046904666206	15.332661359333775	161.80864477354578	40.809720522335624	13.500316720990162	4.63259452686211	200	100	6	0.15
PoissonCUSP_gammaKC	7	19.011	5.5210339635872465	4.555546659315898	0.034561822127499725	0.015818770647106437	0.02519029638730308	16.576244079232488	53.75065733666836	35.163450707950425	1	0.5	NA	1546.576652288437	103.7438310473936	199.80403173373034	176.37147183225224	75.82622097659238	24.75777691259631	50.603359916334774	200	100	6	0.15
PoissonCUSP_gammaKC	8	18.008	6.468313207165817	4.863677598218808	0.02925889472648886	0.02639156499977257	0.027825229863130713	20.072600917537738	83.52925683175285	51.800928874645294	0.8	0.42105263157894735	NA	1486.6783375740051	103.69418953426695	206.00983098988854	180.01544205885364	84.62916575111696	22.728872633835934	44.597009580164674	200	100	6	0.15
PoissonCUSP_gammaKC	9	19.038	6.527484299091272	5.235944973059996	0.035713446324922	0.012597935765687154	0.02415569104530458	26.03652973377916	65.3994060597365	45.717967896757834	0.9	0.47368421052631576	NA	1478.8006329536438	60.66272825468824	14.843846873239073	177.67763754586693	81.28832826086841	16.25113336896984	7.255232675589145	200	100	6	0.15
PoissonCUSP_gammaKC	10	19.011	8.093168838114115	4.690047763774548	0.0317889260165609	0.018406528154591692	0.025097727085576296	28.946280507493164	77.30612666934923	53.12620358842119	0.9	0.45	NA	1471.075382232666	97.50771260459227	199.1154765893099	163.6954325107363	94.87547546829371	25.83639464131132	51.681236788279044	200	100	6	0.15
PoissonCUSP_gammaKC	11	19.012	6.898304934149943	5.279239688933165	0.03562397420019442	0.02469905940740515	0.030161516803799783	21.993728852296048	91.15452720094038	56.57412802661821	0.9	0.47368421052631576	NA	1615.0839550495148	54.85994697953331	14.645881066660612	167.0781350443643	56.70963840007248	13.934062821566737	6.227901825216752	200	100	6	0.15
PoissonCUSP_gammaKC	12	19.026	6.870793179599247	5.009113096735644	0.03433595723423507	0.017422876581592833	0.02587941690791395	25.057643483375106	76.96056707358237	51.009105278478735	0.9	0.47368421052631576	NA	1627.6466925144196	49.29976331834727	10.807693135254436	154.2990646855936	52.323936200847015	12.447270069090216	5.303171896572471	200	100	6	0.15
PoissonCUSP_gammaKC	13	18.034	6.322555788149918	4.979873954226406	0.03276222251986636	0.017472132118505946	0.025117177319186154	22.229895878897132	61.20718858639064	41.718542232643884	0.9	0.5	NA	1439.6854002475739	56.83933036841075	14.22679635053313	169.7127704206831	47.18584887823116	14.529686437305383	3.8755311809488986	200	100	6	0.15
PoissonCUSP_gammaKC	14	19.07	5.8997665915783415	4.967248152995488	0.033307506377507595	0.01316297032200087	0.02323523834975423	20.294574748575243	61.5852828122276	40.93992878040142	0.9	0.47368421052631576	NA	1506.8066651821136	58.46596906682845	12.716206296480804	149.474244005993	36.04735500152839	12.365301126358279	5.567279183549475	200	100	6	0.15
PoissonCUSP_gammaKC	15	19.056	6.049779304043653	4.981823884721796	0.034201113206347035	0.016196302376729248	0.02519870779153814	29.865719966540997	51.668516794018885	40.76711838027994	0.9	0.47368421052631576	NA	1458.1276621818542	54.260984825962105	11.652799842292003	152.32251790065877	52.175398040104724	14.941506467899783	5.979382259566999	200	100	6	0.15
PoissonCUSP_gammaKC	16	19.015	7.978646196130048	4.5121088469103325	0.04004508621382138	0.017214559577958692	0.028629822895890035	28.912456876655558	73.35461238794646	51.13353463230101	0.9	0.47368421052631576	NA	1563.204865694046	54.76258312271959	13.22988280654153	167.5078607759934	46.883869656703354	14.497482022384329	7.640428039194925	200	100	6	0.15
PoissonCUSP_gammaKC	17	19.03	6.988949328633933	4.973147953604766	0.03259733821495412	0.011888111439104874	0.0222427248270295	23.052549993108602	63.17443793426172	43.11349396368516	0.9	0.47368421052631576	NA	1637.5992262363434	51.14094109547865	9.25136770164169	164.2864406402064	71.66267885077895	13.971513457667747	3.937777156668416	200	100	6	0.15
PoissonCUSP_gammaKC	18	19.019	7.459062507250775	4.84694599197	0.032387578811890895	0.017846783784244626	0.02511718129806776	24.609218918418655	71.33090129540949	47.970060106914076	1	0.5263157894736842	NA	1650.421962738037	53.16611040171859	14.008237217969222	145.2544441510522	39.48867798933676	13.135035070702987	5.19100456902741	200	100	6	0.15
PoissonCUSP_gammaKC	19	19.052	5.589975078250434	4.589899849833673	0.03279192944345502	0.012091613179586342	0.02244177131152068	17.7675062815788	59.59435146501843	38.68092887329861	1	0.5263157894736842	NA	1456.506710767746	59.732676855465826	15.011122194848594	162.47456116414236	31.970214556067656	14.35043877294439	3.6655978436277694	200	100	6	0.15
PoissonCUSP_gammaKC	20	19.036	5.6408144985417685	4.2524607638949785	0.03439939068569535	0.013189640361549019	0.023794515523622183	19.87612685915471	53.890328293781955	36.88322757646833	0.8	0.42105263157894735	NA	1418.7388269901276	54.49799200404432	11.391158986883775	159.03398409164257	51.98494288538868	14.105815379171434	4.224300380786464	200	100	6	0.15
PoissonCUSP_invgamma	1	19	6.195237373899455	5.147513886952355	0.0313879326478467	0.012173311907711969	0.021780622277779334	21.662344484810514	60.88305200869769	41.2726982467541	0.9	0.47368421052631576	NA	1606.1007235050201	56.28005559362753	12.760961573883616	161.6094615727407	68.14075182843729	251.4721045823998	320.98437759563774	200	100	6	0.15
PoissonCUSP_invgamma	2	19	6.417718701916487	4.648667779360092	0.03303118770630592	0.019659705959375322	0.02634544683284062	22.829895132684285	77.98661473074054	50.40825493171241	0.9	0.47368421052631576	NA	1595.0464987754822	54.40928285458308	15.099410276139269	148.48794872631228	27.592358713730977	163.85551534845646	191.55600078062835	200	100	6	0.15
PoissonCUSP_invgamma	3	19	7.240722860906795	4.839330298127242	0.03615840620456336	0.01729118468706717	0.02672479544581527	26.935786266829318	70.35136942937694	48.643577848103135	1	0.5263157894736842	NA	1482.221842765808	59.52923397863309	13.892144033206344	170.96753146257296	43.014838442121466	173.03377948925768	160.55780939424073	200	100	6	0.15
PoissonCUSP_invgamma	4	19	5.963690942328725	4.542798920888909	0.02756670446886581	0.018878298753096497	0.023222501610981154	16.28846329423789	71.80580095772302	44.047132125980454	1	0.5263157894736842	NA	1584.5546984672546	73.3416661588839	69.78858040019729	170.77741313548944	40.9175791938639	144.60197565640988	206.69241572729743	200	100	6	0.15
PoissonCUSP_invgamma	5	19	6.033350670813941	4.401110565949874	0.03397769803656177	0.013135104746305798	0.023556401391433782	19.707584280044493	59.54297620776527	39.62528024390488	0.9	0.47368421052631576	NA	1627.5677831172943	51.68895853434514	12.988104028259418	139.34833531011145	38.88144869094719	109.06658969165376	112.69431786840944	200	100	6	0.15
PoissonCUSP_invgamma	6	19	10.844621116965453	4.613585978391434	0.03186046966955765	0.015276300069061907	0.023568384869309778	20.534832865859627	81.8320481167438	51.18344049130172	1	0.5263157894736842	NA	1624.1034619808197	54.754783793431514	13.670978702286023	160.4597851218033	44.40348110842075	238.48030235982554	211.45936267052974	200	100	6	0.15
PoissonCUSP_invgamma	7	19	5.081914896912827	5.163503768794897	0.02301993289399346	0.009092370040459279	0.01605615146722637	14.019730118827518	50.78957666642568	32.4046533926266	0.9	0.47368421052631576	NA	1532.8344457149506	84.40773100515175	72.4429352244574	172.1953250022045	79.00429433576262	280.08628923617465	330.89245668058743	200	100	6	0.15
PoissonCUSP_invgamma	8	19	6.372676950706291	5.036808791440516	0.03227426452768044	0.028249511505452234	0.030261888016566336	23.462458623579877	86.08098877592467	54.77172369975227	0.8	0.42105263157894735	NA	1515.380537033081	53.768054830078206	12.665660100917519	161.86299787481232	44.265245945862475	181.02195290444476	241.13681934890843	200	100	6	0.15
PoissonCUSP_invgamma	9	19	7.074455298504629	4.576830476875388	0.039041792702232285	0.018332217122817487	0.028687004912524884	26.623603526228585	75.68438657132484	51.15399504877671	1	0.5263157894736842	NA	1458.199482679367	61.0670568759177	14.165920773913783	175.74424979592953	35.72771922266689	272.7301893974412	321.6342803521956	200	100	6	0.15
PoissonCUSP_invgamma	10	19	8.113299695929848	4.667461167189646	0.0334431303218032	0.018051766292801998	0.0257474483073026	30.219628857706898	75.4217332270031	52.820681042355	0.9	0.47368421052631576	NA	1605.3052732944489	53.23092347724481	12.41389381848564	150.98093351214544	52.88844179779566	117.48693968906304	140.57128871254307	200	100	6	0.15
PoissonCUSP_invgamma	11	19	7.131242272159937	5.216463261279057	0.02891628389998124	0.015190632495068813	0.022053458197525026	30.545102621231166	73.57145497615126	52.05827879869121	0.9	0.47368421052631576	NA	1621.0599315166473	68.47458791689594	66.90148595746855	151.21126199542982	47.90387936419297	156.78500042353255	182.80850686786252	200	100	6	0.15
PoissonCUSP_invgamma	12	19	6.759944353002971	5.1726022444215936	0.030099682178015796	0.016131392659592833	0.023115537418804316	23.961009695410333	74.5021170371323	49.23156336627132	0.9	0.47368421052631576	NA	1599.6430077552795	64.3112395302672	59.69088241127257	158.09870810614558	54.05961751083637	168.0887278735198	197.359869280198	200	100	6	0.15
PoissonCUSP_invgamma	13	19	6.304795395336999	4.949860411438846	0.03210195609356536	0.017256288446493167	0.02467912227002926	21.108425416039303	60.52392950669761	40.816177461368454	0.9	0.47368421052631576	NA	1486.8849864006042	67.42279257961447	49.77429300302133	162.53762636356797	45.38341585985556	163.57582811665264	159.66655544228823	200	100	6	0.15
PoissonCUSP_invgamma	14	19	5.575405532658483	5.376291466681235	0.028444968628219526	0.01757867639919502	0.023011822513707272	20.151741713269423	66.44186258816482	43.29680215071713	0.9	0.47368421052631576	NA	1543.9500410556793	71.62288482438129	61.333981227431345	147.48763890593293	47.9979666479467	186.46387661671025	279.1506246769252	200	100	6	0.15
PoissonCUSP_invgamma	15	19	6.052188282792904	5.033938869267433	0.03132681215312453	0.01888072760371947	0.025103769878422	30.361934858411146	66.44013340492975	48.40103413167045	0.9	0.47368421052631576	NA	1467.9935283660889	67.85886997760319	47.85153202403942	151.6763953360287	39.3790123278305	136.10527642298726	154.36909557656585	200	100	6	0.15
PoissonCUSP_invgamma	16	19	7.86693424086295	4.781322770775089	0.034008757911602086	0.015720223444586418	0.02486449067809425	26.483662055905278	67.194555756943	46.839108906424144	0.9	0.47368421052631576	NA	1624.5271396636963	69.26043757429433	62.23849820020129	189.26035521877185	85.81004317737394	204.89921483118368	226.24863068123585	200	100	6	0.15
PoissonCUSP_invgamma	17	19	7.02676583802396	5.003035889070397	0.029835198442354	0.011627563207864794	0.020731380825109398	21.374861800340856	63.57508449959592	42.474973149968385	0.9	0.47368421052631576	NA	1662.6511623859406	68.38231894308477	72.45531215797317	161.55006901357578	67.33691227501649	182.90114239573566	190.89534817057856	200	100	6	0.15
PoissonCUSP_invgamma	18	19	6.725292828699962	5.770650855269418	0.029809999618613595	0.012387696156642387	0.02109884788762799	28.120011758082942	60.83909464696066	44.4795532025218	0.9	0.47368421052631576	NA	1619.1104800701141	53.20692693429854	11.986222498655305	149.51891575719378	64.61656975959264	153.92813420384846	189.3571980382338	200	100	6	0.15
PoissonCUSP_invgamma	19	19	5.587115702502979	4.601157782419031	0.03223912081546445	0.013258198954283526	0.022748659884873988	19.445324380293194	60.54807933432441	39.99670185730881	1	0.5263157894736842	NA	1492.6526951789856	57.4284632871206	13.132427078356184	159.88991250707986	34.82920654430614	159.31895308428895	157.095254703068	200	100	6	0.15
PoissonCUSP_invgamma	20	19	5.55124250589013	4.474006575437217	0.028722982029724987	0.013093009148878836	0.02090799558930191	17.694189035946806	52.15163095483686	34.922909995391834	0.9	0.47368421052631576	NA	1479.8627490997314	67.84979367189048	55.95078880095444	150.49561621532618	57.15375162294849	146.0849529767007	153.73827883899733	200	100	6	0.15
PoissonCUSP_invgammaKC	1	20	6.257259645263498	4.859478521461682	0.0321789796099524	0.01468438644366293	0.023431683026807662	20.33712850638472	58.39781467174115	39.36747158906294	0.9	0.42857142857142855	NA	569.2276027202606	96.53318975815691	195.59949855945243	168.8358434762858	116.74971717694517	124.5149678746414	182.6040215809887	200	100	6	0.15
PoissonCUSP_invgammaKC	2	20	6.406627581578535	4.583271861261329	0.031192944707627106	0.016854092834951352	0.024023518771289228	20.52636023708165	70.40285267317351	45.46460645512758	0.9	0.42857142857142855	NA	676.7572782039642	97.7457570874794	200.01130287612796	166.81854873739087	84.16470742770056	153.34101402864545	197.10680145678066	200	100	6	0.15
PoissonCUSP_invgammaKC	3	19.999	7.279050709308954	4.761668677770422	0.03387074456904307	0.01791225744130575	0.02589150100517441	27.15028297064659	74.13278391493033	50.64153344278846	1	0.47619047619047616	NA	627.009635925293	98.12925330141118	191.23220242474844	179.57934347398216	124.35070318398915	149.28560603839807	181.07815980272497	200	100	6	0.15
PoissonCUSP_invgammaKC	4	19	6.05641337313141	4.426554367141859	0.02981076416141019	0.01867206533768016	0.024241414749545175	19.085643052465528	68.05803961696483	43.57184133471518	0.9	0.45	NA	576.1081850528717	101.88530611067331	204.17659066095277	171.62680519467347	91.8283496507317	111.6725182434897	149.03734840471083	200	100	6	0.15
PoissonCUSP_invgammaKC	5	19.02	6.227315327049711	4.2632195493546625	0.03329009990437746	0.015615231306818281	0.02445266560559787	19.83905029637931	64.50852444160998	42.173787368994645	0.9	0.47368421052631576	NA	701.7278831005096	49.675125456524114	11.333190537649372	137.11383821119676	44.39195051604127	166.57115212046116	237.65539692190595	200	100	6	0.15
PoissonCUSP_invgammaKC	6	19.998	10.966212979612859	4.467716081867095	0.029772064849201873	0.020185815892489807	0.024978940370845838	23.147163289081387	94.13065874579125	58.63891101743632	0.9	0.42857142857142855	NA	683.0271968841553	96.17116823701846	195.06936932780218	174.48186097111872	160.2681177186562	142.93999093934727	219.370910977269	200	100	6	0.15
PoissonCUSP_invgammaKC	7	17.999	5.452310372478738	4.7188265465087	0.027230931814039783	0.012008524999156625	0.019619728406598202	15.681722574846253	55.4564232166892	35.569072895767725	0.9	0.47368421052631576	NA	596.5005950927734	107.4999466402218	204.78111131932795	181.78708921138644	139.25662497162716	163.10209717465747	251.62744359121453	200	100	6	0.15
PoissonCUSP_invgammaKC	8	19.429	6.312367841766452	5.054910929772434	0.03297254220484166	0.01372615069992323	0.023349346452382444	21.487755337922536	59.03329964583747	40.26052749188	0.8	0.42105263157894735	NA	582.4760491847992	29.966275714951415	11.499767059857518	50.090231255150684	62.93499357167679	189.14728813465	230.21911210344604	200	100	6	0.15
PoissonCUSP_invgammaKC	9	18.297	6.8013404677865275	4.812271678417358	0.034037977511543235	0.018612796581240834	0.026325387046392035	19.61013219787421	77.77197165137642	48.69105192462531	0.9	0.5	NA	580.7344033718109	60.587064161094496	14.986748661135309	146.41200534235182	39.976545393801246	168.78443657067172	253.99957718275235	200	100	6	0.15
PoissonCUSP_invgammaKC	10	19.557	7.4761110308682825	4.8015603315836195	0.03082976198006484	0.01678419653331426	0.02380697925668955	22.711184970335744	69.0182413239853	45.864713147160515	0.9	0.47368421052631576	NA	639.7368674278259	41.63892680527402	15.559170809692407	84.35433037631026	40.9261430219544	57.428735178379455	100.36403619373786	200	100	6	0.15
PoissonCUSP_invgammaKC	11	18.669	7.0076763671022935	5.1726008187493235	0.027523437497165484	0.02515641917243457	0.026339928334800027	33.657259555690516	92.85097233349651	63.254115944593515	0.8	0.47058823529411764	NA	673.6148710250854	26.20343990155536	7.877375256842629	36.41120194269719	33.32080423576604	149.01381953401992	232.99069052911307	200	100	6	0.15
PoissonCUSP_invgammaKC	12	17.999	6.724621533765687	5.190892351199004	0.03031599415267466	0.013630072442187693	0.021973033297431176	24.34556251421176	67.4057439212389	45.87565321772533	0.9	0.47368421052631576	NA	631.35129570961	98.6808773194217	205.45109461310844	169.54196140587263	79.0414748831423	125.38023901596173	142.1542716675149	200	100	6	0.15
PoissonCUSP_invgammaKC	13	19	6.3898298293211955	4.838103793979266	0.03369235706817414	0.01801098494914788	0.02585167100866101	20.296420062593892	61.935510474150476	41.115965268372186	0.9	0.45	NA	590.7795267105103	101.3617319808908	198.30899336958828	202.44118442467916	153.96482452197006	217.74191214863401	293.15930949439456	200	100	6	0.15
PoissonCUSP_invgammaKC	14	19.501	5.891041752452632	4.906659394446321	0.03262849594865916	0.0134278718110774	0.02302818387986828	18.00921590525898	62.17077266873601	40.089994286997495	0.9	0.47368421052631576	NA	575.564389705658	67.719561598549	62.07247190568398	151.1156495596937	63.51891985809254	123.78025596293465	152.1857123150294	200	100	6	0.15
PoissonCUSP_invgammaKC	15	19.999	5.955996351484619	5.056952232577596	0.030464693293575294	0.016976233149399906	0.0237204632214876	21.312153982730685	56.76715322215846	39.039653602444574	0.8	0.38095238095238093	NA	600.2317695617676	111.68050303451633	199.77360050351848	167.3010893294823	98.65693534381673	134.76795000125495	228.1428264796501	200	100	6	0.15
PoissonCUSP_invgammaKC	16	18.999	7.784326690594868	4.770518518334731	0.03432643071666605	0.014882341548784232	0.024604386132725142	26.74839413839114	64.6650892565334	45.70674169746228	0.9	0.45	NA	607.4342198371887	109.39923003309873	197.5475502332043	221.55615007414906	196.35154230619355	220.77230671762135	245.79364082552271	200	100	6	0.15
PoissonCUSP_invgammaKC	17	18.439	6.98967584372672	5.063590573205058	0.030071888249074644	0.012647018265259885	0.021359453257167264	33.844277594548444	64.32433135887813	49.084304476713285	0.8	0.4444444444444444	NA	760.5483705997467	40.627066492080914	12.113540148107246	108.0753386947532	81.43229987287654	107.91063547526294	187.52876295923988	200	100	6	0.15
PoissonCUSP_invgammaKC	18	19.999	7.5092670746442005	4.743239249772151	0.03228540949390358	0.01949873525989012	0.02589207237689685	23.275534244012736	75.14248209564815	49.20900816983044	0.9	0.42857142857142855	NA	659.5667674541473	94.48417236556398	195.47158116423557	162.82983738441828	101.2960423580222	128.19590384891717	177.1503250244217	200	100	6	0.15
PoissonCUSP_invgammaKC	19	18.539	5.219505416599039	4.986117130165795	0.030586410055405695	0.01033508643416577	0.020460748244785734	19.463542814427505	52.51772602763401	35.99063442103076	1	0.5882352941176471	NA	575.581015586853	40.750595793496835	33.009470024966795	61.54056389738302	52.40790505139489	95.01332520949039	110.38492626548137	200	100	6	0.15
PoissonCUSP_invgammaKC	20	18.999	5.628904743622044	4.320263546031392	0.02956055945657506	0.013663474982138511	0.021612017219356787	21.933142851224176	55.46171466534014	38.69742875828216	0.7	0.35	NA	573.5012428760529	98.4971090186978	201.8562323026306	164.41452605755532	135.65047826665997	95.39827537395561	139.298955243512	200	100	6	0.15
PoissonMGP	1	14	5.590943437502511	5.7436562561221995	0.017663171441953732	0.011888655702923686	0.01477591357243871	18.267769645425474	61.38104609632572	39.824407870875596	1	0.7142857142857143	NA	1382.9548745155334	59.93552642207116	15.492082570619624	157.5475598830687	87.85563324058133	24.64344217480844	14.62065293027669	200	100	6	0.15
PoissonMGP	2	12	4.889875678754402	6.380499916533543	0.011178173671182692	0.004410050847683741	0.007794112259433217	7.192674601138497	47.603435666439154	27.398055133788827	1	0.8333333333333334	NA	1353.670037984848	62.46312810258685	16.90382548641618	181.70127321173686	88.4623263748939	35.80080616237702	16.006987635370095	200	100	6	0.15
PoissonMGP	3	14	6.512435886233988	5.9017289448326915	0.025397139687902744	0.012998946049466501	0.019198042868684623	17.884584082675275	62.047525498419375	39.966054790547325	1	0.7142857142857143	NA	1442.213225364685	67.13209825119306	21.073702825333267	184.0186048415023	69.1660568484175	29.26576339926814	8.165902747198368	200	100	6	0.15
PoissonMGP	4	12	4.585011980224573	6.074998050856929	0.011821021325707658	0.013136695352431681	0.01247885833906967	12.483142065312087	62.06732678241467	37.27523442386338	0.9	0.75	NA	1359.2704141139984	66.89032348676044	17.825381901805837	222.98809321304262	101.63912727165116	35.5658631210982	9.94152536639574	200	100	6	0.15
PoissonMGP	5	15	5.376708363666403	5.321693672626563	0.02013305378761168	0.01455773186241404	0.017345392825012858	17.515446600449962	62.55738398269072	40.03641529157034	0.9	0.6	NA	1466.4212543964386	58.20374525278697	17.665617840032525	157.4628560927556	83.04335409887055	28.583513154001643	13.80122160149829	200	100	6	0.15
PoissonMGP	6	15	10.482747610803736	5.170900901148626	0.024692991937615285	0.01519723750418567	0.019945114720900478	23.603994915114377	79.4201041590745	51.51204953709444	0.9	0.6	NA	1384.2905106544495	58.557162681662206	15.779596575343769	141.93466407467494	52.142478350548124	21.862011791672384	13.757090273921623	200	100	6	0.15
PoissonMGP	7	12	4.37928217987856	5.922442722324489	0.008822854487340413	0.0036475747474660775	0.006235214617403245	6.096055373561058	44.337980409498364	25.21701789152971	1	0.8333333333333334	NA	1317.7350237369537	74.04745989544797	18.887962166505567	215.21542031393915	101.20978654687566	31.38009368469234	11.343702760245035	200	100	6	0.15
PoissonMGP	8	13	5.438945225042048	6.2171455324547855	0.01349990347969117	0.007430930185017919	0.010465416832354545	10.836559679363196	53.46360242045416	32.15008104990868	1	0.7692307692307693	NA	1293.2623476982117	65.81683676096637	15.1100683611873	185.3312288478525	74.07321666589374	28.488985671484013	9.188943434337183	200	100	6	0.15
PoissonMGP	9	13	5.503054618840341	6.445010515955881	0.013306089444067599	0.009315914373167958	0.01131100190861778	11.261928393107135	58.40183671661812	34.83188255486263	0.9	0.6923076923076923	NA	1300.1957008838654	76.30427358942592	17.02901339446406	202.83669258331398	98.66411271029486	31.24457430820762	14.198091259167546	200	100	6	0.15
PoissonMGP	10	14	6.749437398827734	6.275327609735488	0.016755193807735238	0.010635701066058597	0.013695447436896917	14.091861108680693	66.94129897642395	40.51658004255232	1	0.7142857142857143	NA	1397.3750803470612	59.422259933594525	16.2408927919126	144.36043525021768	76.32495595904314	20.60330318958419	10.293640480949207	200	100	6	0.15
PoissonMGP	11	15	6.417411011696502	6.190708771644607	0.020037264521536622	0.011909604891804084	0.015973434706670352	25.723414458390266	72.14972772524492	48.93657109181759	1	0.7333333333333333	NA	1429.8346166610718	57.74755325407732	16.0088663620031	156.7932428731117	88.90362911979533	31.685452779091744	16.482282579375806	200	100	6	0.15
PoissonMGP	12	14	5.658277330866339	6.140239348525873	0.02084763152831077	0.008645360467297218	0.014746495997803994	14.975651211021692	56.860135791056706	35.9178935010392	1	0.7142857142857143	NA	1399.0460605621338	57.20665211035698	17.0659250517	147.09356630732523	74.07690672325398	24.637306874080455	14.192726135977708	200	100	6	0.15
PoissonMGP	13	14	5.258111778864012	6.246267640638091	0.016766328754683646	0.008451820795042152	0.0126090747748629	15.796172528614393	49.76140673967021	32.7787896341423	0.9	0.6428571428571429	NA	1419.031575202942	58.98474361911302	15.878098260940687	177.6588604606949	92.16935571326985	29.99659326972794	12.268107035226146	200	100	6	0.15
PoissonMGP	14	13	4.445485371717014	6.278818329703943	0.012308547724909793	0.00951088739312458	0.010909717559017186	11.005582555082112	59.632360518971836	35.318971537026975	0.9	0.6923076923076923	NA	1352.264953136444	68.27290443189423	21.610899017526215	171.17361411447266	110.53124901178249	26.294613508988842	16.656212157771627	200	100	6	0.15
PoissonMGP	15	14	5.383966195745635	5.7997832131010325	0.017807713626119454	0.011810253570735712	0.014808983598427583	20.88225836654674	58.052212173749396	39.467235270148066	0.9	0.6428571428571429	NA	1305.9217834472656	61.44332571222259	17.616283740150745	139.53334027400066	60.61704364352974	24.956734572911397	13.965502337037988	200	100	6	0.15
PoissonMGP	16	15	6.688877511473916	6.324576820282922	0.026746895173538697	0.009811828342211667	0.01827936175787518	26.055017518431246	56.99125486482368	41.523136191627465	1	0.6666666666666666	NA	1429.4011952877045	56.67536545269961	17.48490083629854	177.33980011722954	82.55905038770041	31.207147740775795	13.575649561742644	200	100	6	0.15
PoissonMGP	17	13	5.8362288218806	6.538133809403486	0.01459259681051958	0.006853029467510535	0.010722813139015058	8.40323660662995	53.493415355662535	30.94832598114624	1	0.7692307692307693	NA	1492.0100755691528	62.10681221640562	14.8425575201555	184.22657769203755	94.82312154990304	26.450048075040353	9.421066430407123	200	100	6	0.15
PoissonMGP	18	13	4.9945870808595405	7.230200965225819	0.011723224258207335	0.004319682483311531	0.008021453370759433	10.618414238635363	51.27544279349324	30.946928516064304	1	0.7692307692307693	NA	1489.8407447338104	63.403120518138756	15.825629427345277	180.5804905821231	88.554439651325	33.00115001060934	13.635501706872134	200	100	6	0.15
PoissonMGP	19	13	4.3852623806243285	5.862790294883949	0.01554772986281784	0.004006440405729575	0.009777085134273708	9.062848814374483	46.05340990355576	27.55812935896512	1	0.7692307692307693	NA	1365.7112941741943	62.01467501402834	17.60527217419052	198.0851007086755	100.41701502190931	26.84679073029738	12.541422061330179	200	100	6	0.15
PoissonMGP	20	13	4.09173405885495	6.024555496770618	0.014981274123964241	0.007405404381764158	0.011193339252864198	6.287429131747283	39.26580573874693	22.776617435247104	1	0.7692307692307693	NA	1315.1194212436676	63.752125699714426	15.651543933153194	197.99417733557996	78.34365939950183	31.911365160998205	10.166267313899125	200	100	6	0.15
